// ffx_fsr3upscaler_shading_change_pyramid_pass_1309b0b926daa4e9c8223e3521817c19.h.
// Auto generated by FidelityFX-SC.

static const char* g_ffx_fsr3upscaler_shading_change_pyramid_pass_1309b0b926daa4e9c8223e3521817c19_CBVResourceNames[] = {  "cbFSR3Upscaler", "cbSPD", };
static const uint32_t g_ffx_fsr3upscaler_shading_change_pyramid_pass_1309b0b926daa4e9c8223e3521817c19_CBVResourceBindings[] = {  11, 12, };
static const uint32_t g_ffx_fsr3upscaler_shading_change_pyramid_pass_1309b0b926daa4e9c8223e3521817c19_CBVResourceCounts[] = {  1, 1, };
static const uint32_t g_ffx_fsr3upscaler_shading_change_pyramid_pass_1309b0b926daa4e9c8223e3521817c19_CBVResourceSets[] = {  0, 0, };

static const char* g_ffx_fsr3upscaler_shading_change_pyramid_pass_1309b0b926daa4e9c8223e3521817c19_TextureSRVResourceNames[] = {  "r_current_luma", "r_previous_luma", "r_dilated_motion_vectors", "r_input_exposure", };
static const uint32_t g_ffx_fsr3upscaler_shading_change_pyramid_pass_1309b0b926daa4e9c8223e3521817c19_TextureSRVResourceBindings[] = {  0, 1, 2, 3, };
static const uint32_t g_ffx_fsr3upscaler_shading_change_pyramid_pass_1309b0b926daa4e9c8223e3521817c19_TextureSRVResourceCounts[] = {  1, 1, 1, 1, };
static const uint32_t g_ffx_fsr3upscaler_shading_change_pyramid_pass_1309b0b926daa4e9c8223e3521817c19_TextureSRVResourceSets[] = {  0, 0, 0, 0, };

static const char* g_ffx_fsr3upscaler_shading_change_pyramid_pass_1309b0b926daa4e9c8223e3521817c19_TextureUAVResourceNames[] = {  "rw_spd_mip0", "rw_spd_mip1", "rw_spd_mip2", "rw_spd_mip3", "rw_spd_mip4", "rw_spd_mip5", "rw_spd_global_atomic", };
static const uint32_t g_ffx_fsr3upscaler_shading_change_pyramid_pass_1309b0b926daa4e9c8223e3521817c19_TextureUAVResourceBindings[] = {  5, 6, 7, 8, 9, 10, 4, };
static const uint32_t g_ffx_fsr3upscaler_shading_change_pyramid_pass_1309b0b926daa4e9c8223e3521817c19_TextureUAVResourceCounts[] = {  1, 1, 1, 1, 1, 1, 1, };
static const uint32_t g_ffx_fsr3upscaler_shading_change_pyramid_pass_1309b0b926daa4e9c8223e3521817c19_TextureUAVResourceSets[] = {  0, 0, 0, 0, 0, 0, 0, };

static const uint32_t g_ffx_fsr3upscaler_shading_change_pyramid_pass_1309b0b926daa4e9c8223e3521817c19_size = 112956;

static const unsigned char g_ffx_fsr3upscaler_shading_change_pyramid_pass_1309b0b926daa4e9c8223e3521817c19_data[] = {
0x03,0x02,0x23,0x07,0x00,0x05,0x01,0x00,0x0b,0x00,0x08,0x00,0x3e,0x7c,0x00,0x00,
0x00,0x00,0x00,0x00,0x11,0x00,0x02,0x00,0x01,0x00,0x00,0x00,0x11,0x00,0x02,0x00,
0x31,0x00,0x00,0x00,0x11,0x00,0x02,0x00,0x3d,0x00,0x00,0x00,0x11,0x00,0x02,0x00,
0x44,0x00,0x00,0x00,0x0b,0x00,0x06,0x00,0x01,0x00,0x00,0x00,0x47,0x4c,0x53,0x4c,
0x2e,0x73,0x74,0x64,0x2e,0x34,0x35,0x30,0x00,0x00,0x00,0x00,0x0e,0x00,0x03,0x00,
0x00,0x00,0x00,0x00,0x01,0x00,0x00,0x00,0x0f,0x00,0x19,0x00,0x05,0x00,0x00,0x00,
0x04,0x00,0x00,0x00,0x6d,0x61,0x69,0x6e,0x00,0x00,0x00,0x00,0x8b,0x01,0x00,0x00,
0xa9,0x01,0x00,0x00,0xbb,0x01,0x00,0x00,0xc3,0x01,0x00,0x00,0xca,0x01,0x00,0x00,
0xd2,0x01,0x00,0x00,0xe6,0x01,0x00,0x00,0xf0,0x01,0x00,0x00,0xfa,0x01,0x00,0x00,
0x04,0x02,0x00,0x00,0x0f,0x02,0x00,0x00,0x19,0x02,0x00,0x00,0x60,0x02,0x00,0x00,
0xb0,0x02,0x00,0x00,0xc3,0x04,0x00,0x00,0xc9,0x04,0x00,0x00,0xce,0x04,0x00,0x00,
0xd3,0x04,0x00,0x00,0x05,0x09,0x00,0x00,0x07,0x09,0x00,0x00,0x10,0x00,0x06,0x00,
0x04,0x00,0x00,0x00,0x11,0x00,0x00,0x00,0x00,0x01,0x00,0x00,0x01,0x00,0x00,0x00,
0x01,0x00,0x00,0x00,0x03,0x00,0x03,0x00,0x02,0x00,0x00,0x00,0xc2,0x01,0x00,0x00,
0x04,0x00,0x0b,0x00,0x47,0x4c,0x5f,0x45,0x58,0x54,0x5f,0x73,0x61,0x6d,0x70,0x6c,
0x65,0x72,0x6c,0x65,0x73,0x73,0x5f,0x74,0x65,0x78,0x74,0x75,0x72,0x65,0x5f,0x66,
0x75,0x6e,0x63,0x74,0x69,0x6f,0x6e,0x73,0x00,0x00,0x00,0x00,0x04,0x00,0x0b,0x00,
0x47,0x4c,0x5f,0x45,0x58,0x54,0x5f,0x73,0x68,0x61,0x64,0x65,0x72,0x5f,0x65,0x78,
0x70,0x6c,0x69,0x63,0x69,0x74,0x5f,0x61,0x72,0x69,0x74,0x68,0x6d,0x65,0x74,0x69,
0x63,0x5f,0x74,0x79,0x70,0x65,0x73,0x00,0x04,0x00,0x0a,0x00,0x47,0x4c,0x5f,0x47,
0x4f,0x4f,0x47,0x4c,0x45,0x5f,0x63,0x70,0x70,0x5f,0x73,0x74,0x79,0x6c,0x65,0x5f,
0x6c,0x69,0x6e,0x65,0x5f,0x64,0x69,0x72,0x65,0x63,0x74,0x69,0x76,0x65,0x00,0x00,
0x04,0x00,0x08,0x00,0x47,0x4c,0x5f,0x47,0x4f,0x4f,0x47,0x4c,0x45,0x5f,0x69,0x6e,
0x63,0x6c,0x75,0x64,0x65,0x5f,0x64,0x69,0x72,0x65,0x63,0x74,0x69,0x76,0x65,0x00,
0x04,0x00,0x09,0x00,0x47,0x4c,0x5f,0x4b,0x48,0x52,0x5f,0x73,0x68,0x61,0x64,0x65,
0x72,0x5f,0x73,0x75,0x62,0x67,0x72,0x6f,0x75,0x70,0x5f,0x62,0x61,0x73,0x69,0x63,
0x00,0x00,0x00,0x00,0x04,0x00,0x08,0x00,0x47,0x4c,0x5f,0x4b,0x48,0x52,0x5f,0x73,
0x68,0x61,0x64,0x65,0x72,0x5f,0x73,0x75,0x62,0x67,0x72,0x6f,0x75,0x70,0x5f,0x71,
0x75,0x61,0x64,0x00,0x05,0x00,0x04,0x00,0x04,0x00,0x00,0x00,0x6d,0x61,0x69,0x6e,
0x00,0x00,0x00,0x00,0x05,0x00,0x07,0x00,0x89,0x01,0x00,0x00,0x63,0x62,0x46,0x53,
0x52,0x33,0x55,0x50,0x53,0x43,0x41,0x4c,0x45,0x52,0x5f,0x74,0x00,0x00,0x00,0x00,
0x06,0x00,0x06,0x00,0x89,0x01,0x00,0x00,0x00,0x00,0x00,0x00,0x69,0x52,0x65,0x6e,
0x64,0x65,0x72,0x53,0x69,0x7a,0x65,0x00,0x06,0x00,0x0a,0x00,0x89,0x01,0x00,0x00,
0x01,0x00,0x00,0x00,0x69,0x50,0x72,0x65,0x76,0x69,0x6f,0x75,0x73,0x46,0x72,0x61,
0x6d,0x65,0x52,0x65,0x6e,0x64,0x65,0x72,0x53,0x69,0x7a,0x65,0x00,0x00,0x00,0x00,
0x06,0x00,0x07,0x00,0x89,0x01,0x00,0x00,0x02,0x00,0x00,0x00,0x69,0x55,0x70,0x73,
0x63,0x61,0x6c,0x65,0x53,0x69,0x7a,0x65,0x00,0x00,0x00,0x00,0x06,0x00,0x0a,0x00,
0x89,0x01,0x00,0x00,0x03,0x00,0x00,0x00,0x69,0x50,0x72,0x65,0x76,0x69,0x6f,0x75,
0x73,0x46,0x72,0x61,0x6d,0x65,0x55,0x70,0x73,0x63,0x61,0x6c,0x65,0x53,0x69,0x7a,
0x65,0x00,0x00,0x00,0x06,0x00,0x07,0x00,0x89,0x01,0x00,0x00,0x04,0x00,0x00,0x00,
0x69,0x4d,0x61,0x78,0x52,0x65,0x6e,0x64,0x65,0x72,0x53,0x69,0x7a,0x65,0x00,0x00,
0x06,0x00,0x07,0x00,0x89,0x01,0x00,0x00,0x05,0x00,0x00,0x00,0x69,0x4d,0x61,0x78,
0x55,0x70,0x73,0x63,0x61,0x6c,0x65,0x53,0x69,0x7a,0x65,0x00,0x06,0x00,0x08,0x00,
0x89,0x01,0x00,0x00,0x06,0x00,0x00,0x00,0x66,0x44,0x65,0x76,0x69,0x63,0x65,0x54,
0x6f,0x56,0x69,0x65,0x77,0x44,0x65,0x70,0x74,0x68,0x00,0x00,0x06,0x00,0x05,0x00,
0x89,0x01,0x00,0x00,0x07,0x00,0x00,0x00,0x66,0x4a,0x69,0x74,0x74,0x65,0x72,0x00,
0x06,0x00,0x09,0x00,0x89,0x01,0x00,0x00,0x08,0x00,0x00,0x00,0x66,0x50,0x72,0x65,
0x76,0x69,0x6f,0x75,0x73,0x46,0x72,0x61,0x6d,0x65,0x4a,0x69,0x74,0x74,0x65,0x72,
0x00,0x00,0x00,0x00,0x06,0x00,0x08,0x00,0x89,0x01,0x00,0x00,0x09,0x00,0x00,0x00,
0x66,0x4d,0x6f,0x74,0x69,0x6f,0x6e,0x56,0x65,0x63,0x74,0x6f,0x72,0x53,0x63,0x61,
0x6c,0x65,0x00,0x00,0x06,0x00,0x08,0x00,0x89,0x01,0x00,0x00,0x0a,0x00,0x00,0x00,
0x66,0x44,0x6f,0x77,0x6e,0x73,0x63,0x61,0x6c,0x65,0x46,0x61,0x63,0x74,0x6f,0x72,
0x00,0x00,0x00,0x00,0x06,0x00,0x0b,0x00,0x89,0x01,0x00,0x00,0x0b,0x00,0x00,0x00,
0x66,0x4d,0x6f,0x74,0x69,0x6f,0x6e,0x56,0x65,0x63,0x74,0x6f,0x72,0x4a,0x69,0x74,
0x74,0x65,0x72,0x43,0x61,0x6e,0x63,0x65,0x6c,0x6c,0x61,0x74,0x69,0x6f,0x6e,0x00,
0x06,0x00,0x06,0x00,0x89,0x01,0x00,0x00,0x0c,0x00,0x00,0x00,0x66,0x54,0x61,0x6e,
0x48,0x61,0x6c,0x66,0x46,0x4f,0x56,0x00,0x06,0x00,0x09,0x00,0x89,0x01,0x00,0x00,
0x0d,0x00,0x00,0x00,0x66,0x4a,0x69,0x74,0x74,0x65,0x72,0x53,0x65,0x71,0x75,0x65,
0x6e,0x63,0x65,0x4c,0x65,0x6e,0x67,0x74,0x68,0x00,0x00,0x00,0x06,0x00,0x06,0x00,
0x89,0x01,0x00,0x00,0x0e,0x00,0x00,0x00,0x66,0x44,0x65,0x6c,0x74,0x61,0x54,0x69,
0x6d,0x65,0x00,0x00,0x06,0x00,0x08,0x00,0x89,0x01,0x00,0x00,0x0f,0x00,0x00,0x00,
0x66,0x44,0x65,0x6c,0x74,0x61,0x50,0x72,0x65,0x45,0x78,0x70,0x6f,0x73,0x75,0x72,
0x65,0x00,0x00,0x00,0x06,0x00,0x0a,0x00,0x89,0x01,0x00,0x00,0x10,0x00,0x00,0x00,
0x66,0x56,0x69,0x65,0x77,0x53,0x70,0x61,0x63,0x65,0x54,0x6f,0x4d,0x65,0x74,0x65,
0x72,0x73,0x46,0x61,0x63,0x74,0x6f,0x72,0x00,0x00,0x00,0x00,0x06,0x00,0x06,0x00,
0x89,0x01,0x00,0x00,0x11,0x00,0x00,0x00,0x66,0x46,0x72,0x61,0x6d,0x65,0x49,0x6e,
0x64,0x65,0x78,0x00,0x06,0x00,0x07,0x00,0x89,0x01,0x00,0x00,0x12,0x00,0x00,0x00,
0x66,0x56,0x65,0x6c,0x6f,0x63,0x69,0x74,0x79,0x46,0x61,0x63,0x74,0x6f,0x72,0x00,
0x06,0x00,0x08,0x00,0x89,0x01,0x00,0x00,0x13,0x00,0x00,0x00,0x66,0x52,0x65,0x61,
0x63,0x74,0x69,0x76,0x65,0x6e,0x65,0x73,0x73,0x53,0x63,0x61,0x6c,0x65,0x00,0x00,
0x06,0x00,0x08,0x00,0x89,0x01,0x00,0x00,0x14,0x00,0x00,0x00,0x66,0x53,0x68,0x61,
0x64,0x69,0x6e,0x67,0x43,0x68,0x61,0x6e,0x67,0x65,0x53,0x63,0x61,0x6c,0x65,0x00,
0x06,0x00,0x0a,0x00,0x89,0x01,0x00,0x00,0x15,0x00,0x00,0x00,0x66,0x41,0x63,0x63,
0x75,0x6d,0x75,0x6c,0x61,0x74,0x69,0x6f,0x6e,0x41,0x64,0x64,0x65,0x64,0x50,0x65,
0x72,0x46,0x72,0x61,0x6d,0x65,0x00,0x00,0x06,0x00,0x0b,0x00,0x89,0x01,0x00,0x00,
0x16,0x00,0x00,0x00,0x66,0x4d,0x69,0x6e,0x44,0x69,0x73,0x6f,0x63,0x63,0x6c,0x75,
0x73,0x69,0x6f,0x6e,0x41,0x63,0x63,0x75,0x6d,0x75,0x6c,0x61,0x74,0x69,0x6f,0x6e,
0x00,0x00,0x00,0x00,0x05,0x00,0x06,0x00,0x8b,0x01,0x00,0x00,0x63,0x62,0x46,0x53,
0x52,0x33,0x55,0x70,0x73,0x63,0x61,0x6c,0x65,0x72,0x00,0x00,0x05,0x00,0x04,0x00,
0xa7,0x01,0x00,0x00,0x63,0x62,0x53,0x50,0x44,0x5f,0x74,0x00,0x06,0x00,0x05,0x00,
0xa7,0x01,0x00,0x00,0x00,0x00,0x00,0x00,0x6d,0x69,0x70,0x73,0x00,0x00,0x00,0x00,
0x06,0x00,0x07,0x00,0xa7,0x01,0x00,0x00,0x01,0x00,0x00,0x00,0x6e,0x75,0x6d,0x57,
0x6f,0x72,0x6b,0x47,0x72,0x6f,0x75,0x70,0x73,0x00,0x00,0x00,0x06,0x00,0x07,0x00,
0xa7,0x01,0x00,0x00,0x02,0x00,0x00,0x00,0x77,0x6f,0x72,0x6b,0x47,0x72,0x6f,0x75,
0x70,0x4f,0x66,0x66,0x73,0x65,0x74,0x00,0x06,0x00,0x06,0x00,0xa7,0x01,0x00,0x00,
0x03,0x00,0x00,0x00,0x72,0x65,0x6e,0x64,0x65,0x72,0x53,0x69,0x7a,0x65,0x00,0x00,
0x05,0x00,0x04,0x00,0xa9,0x01,0x00,0x00,0x63,0x62,0x53,0x50,0x44,0x00,0x00,0x00,
0x05,0x00,0x06,0x00,0xbb,0x01,0x00,0x00,0x72,0x5f,0x63,0x75,0x72,0x72,0x65,0x6e,
0x74,0x5f,0x6c,0x75,0x6d,0x61,0x00,0x00,0x05,0x00,0x06,0x00,0xc3,0x01,0x00,0x00,
0x72,0x5f,0x70,0x72,0x65,0x76,0x69,0x6f,0x75,0x73,0x5f,0x6c,0x75,0x6d,0x61,0x00,
0x05,0x00,0x09,0x00,0xca,0x01,0x00,0x00,0x72,0x5f,0x64,0x69,0x6c,0x61,0x74,0x65,
0x64,0x5f,0x6d,0x6f,0x74,0x69,0x6f,0x6e,0x5f,0x76,0x65,0x63,0x74,0x6f,0x72,0x73,
0x00,0x00,0x00,0x00,0x05,0x00,0x07,0x00,0xd2,0x01,0x00,0x00,0x72,0x5f,0x69,0x6e,
0x70,0x75,0x74,0x5f,0x65,0x78,0x70,0x6f,0x73,0x75,0x72,0x65,0x00,0x00,0x00,0x00,
0x05,0x00,0x05,0x00,0xe6,0x01,0x00,0x00,0x72,0x77,0x5f,0x73,0x70,0x64,0x5f,0x6d,
0x69,0x70,0x30,0x00,0x05,0x00,0x05,0x00,0xf0,0x01,0x00,0x00,0x72,0x77,0x5f,0x73,
0x70,0x64,0x5f,0x6d,0x69,0x70,0x31,0x00,0x05,0x00,0x05,0x00,0xfa,0x01,0x00,0x00,
0x72,0x77,0x5f,0x73,0x70,0x64,0x5f,0x6d,0x69,0x70,0x32,0x00,0x05,0x00,0x05,0x00,
0x04,0x02,0x00,0x00,0x72,0x77,0x5f,0x73,0x70,0x64,0x5f,0x6d,0x69,0x70,0x33,0x00,
0x05,0x00,0x05,0x00,0x0f,0x02,0x00,0x00,0x72,0x77,0x5f,0x73,0x70,0x64,0x5f,0x6d,
0x69,0x70,0x34,0x00,0x05,0x00,0x05,0x00,0x19,0x02,0x00,0x00,0x72,0x77,0x5f,0x73,
0x70,0x64,0x5f,0x6d,0x69,0x70,0x35,0x00,0x05,0x00,0x08,0x00,0x60,0x02,0x00,0x00,
0x72,0x77,0x5f,0x73,0x70,0x64,0x5f,0x67,0x6c,0x6f,0x62,0x61,0x6c,0x5f,0x61,0x74,
0x6f,0x6d,0x69,0x63,0x00,0x00,0x00,0x00,0x05,0x00,0x05,0x00,0xb0,0x02,0x00,0x00,
0x73,0x70,0x64,0x43,0x6f,0x75,0x6e,0x74,0x65,0x72,0x00,0x00,0x05,0x00,0x07,0x00,
0xc3,0x04,0x00,0x00,0x73,0x70,0x64,0x49,0x6e,0x74,0x65,0x72,0x6d,0x65,0x64,0x69,
0x61,0x74,0x65,0x52,0x00,0x00,0x00,0x00,0x05,0x00,0x07,0x00,0xc9,0x04,0x00,0x00,
0x73,0x70,0x64,0x49,0x6e,0x74,0x65,0x72,0x6d,0x65,0x64,0x69,0x61,0x74,0x65,0x47,
0x00,0x00,0x00,0x00,0x05,0x00,0x07,0x00,0xce,0x04,0x00,0x00,0x73,0x70,0x64,0x49,
0x6e,0x74,0x65,0x72,0x6d,0x65,0x64,0x69,0x61,0x74,0x65,0x42,0x00,0x00,0x00,0x00,
0x05,0x00,0x07,0x00,0xd3,0x04,0x00,0x00,0x73,0x70,0x64,0x49,0x6e,0x74,0x65,0x72,
0x6d,0x65,0x64,0x69,0x61,0x74,0x65,0x41,0x00,0x00,0x00,0x00,0x05,0x00,0x06,0x00,
0x05,0x09,0x00,0x00,0x67,0x6c,0x5f,0x57,0x6f,0x72,0x6b,0x47,0x72,0x6f,0x75,0x70,
0x49,0x44,0x00,0x00,0x05,0x00,0x08,0x00,0x07,0x09,0x00,0x00,0x67,0x6c,0x5f,0x4c,
0x6f,0x63,0x61,0x6c,0x49,0x6e,0x76,0x6f,0x63,0x61,0x74,0x69,0x6f,0x6e,0x49,0x6e,
0x64,0x65,0x78,0x00,0x47,0x00,0x03,0x00,0x89,0x01,0x00,0x00,0x02,0x00,0x00,0x00,
0x48,0x00,0x05,0x00,0x89,0x01,0x00,0x00,0x00,0x00,0x00,0x00,0x23,0x00,0x00,0x00,
0x00,0x00,0x00,0x00,0x48,0x00,0x05,0x00,0x89,0x01,0x00,0x00,0x01,0x00,0x00,0x00,
0x23,0x00,0x00,0x00,0x08,0x00,0x00,0x00,0x48,0x00,0x05,0x00,0x89,0x01,0x00,0x00,
0x02,0x00,0x00,0x00,0x23,0x00,0x00,0x00,0x10,0x00,0x00,0x00,0x48,0x00,0x05,0x00,
0x89,0x01,0x00,0x00,0x03,0x00,0x00,0x00,0x23,0x00,0x00,0x00,0x18,0x00,0x00,0x00,
0x48,0x00,0x05,0x00,0x89,0x01,0x00,0x00,0x04,0x00,0x00,0x00,0x23,0x00,0x00,0x00,
0x20,0x00,0x00,0x00,0x48,0x00,0x05,0x00,0x89,0x01,0x00,0x00,0x05,0x00,0x00,0x00,
0x23,0x00,0x00,0x00,0x28,0x00,0x00,0x00,0x48,0x00,0x05,0x00,0x89,0x01,0x00,0x00,
0x06,0x00,0x00,0x00,0x23,0x00,0x00,0x00,0x30,0x00,0x00,0x00,0x48,0x00,0x05,0x00,
0x89,0x01,0x00,0x00,0x07,0x00,0x00,0x00,0x23,0x00,0x00,0x00,0x40,0x00,0x00,0x00,
0x48,0x00,0x05,0x00,0x89,0x01,0x00,0x00,0x08,0x00,0x00,0x00,0x23,0x00,0x00,0x00,
0x48,0x00,0x00,0x00,0x48,0x00,0x05,0x00,0x89,0x01,0x00,0x00,0x09,0x00,0x00,0x00,
0x23,0x00,0x00,0x00,0x50,0x00,0x00,0x00,0x48,0x00,0x05,0x00,0x89,0x01,0x00,0x00,
0x0a,0x00,0x00,0x00,0x23,0x00,0x00,0x00,0x58,0x00,0x00,0x00,0x48,0x00,0x05,0x00,
0x89,0x01,0x00,0x00,0x0b,0x00,0x00,0x00,0x23,0x00,0x00,0x00,0x60,0x00,0x00,0x00,
0x48,0x00,0x05,0x00,0x89,0x01,0x00,0x00,0x0c,0x00,0x00,0x00,0x23,0x00,0x00,0x00,
0x68,0x00,0x00,0x00,0x48,0x00,0x05,0x00,0x89,0x01,0x00,0x00,0x0d,0x00,0x00,0x00,
0x23,0x00,0x00,0x00,0x6c,0x00,0x00,0x00,0x48,0x00,0x05,0x00,0x89,0x01,0x00,0x00,
0x0e,0x00,0x00,0x00,0x23,0x00,0x00,0x00,0x70,0x00,0x00,0x00,0x48,0x00,0x05,0x00,
0x89,0x01,0x00,0x00,0x0f,0x00,0x00,0x00,0x23,0x00,0x00,0x00,0x74,0x00,0x00,0x00,
0x48,0x00,0x05,0x00,0x89,0x01,0x00,0x00,0x10,0x00,0x00,0x00,0x23,0x00,0x00,0x00,
0x78,0x00,0x00,0x00,0x48,0x00,0x05,0x00,0x89,0x01,0x00,0x00,0x11,0x00,0x00,0x00,
0x23,0x00,0x00,0x00,0x7c,0x00,0x00,0x00,0x48,0x00,0x05,0x00,0x89,0x01,0x00,0x00,
0x12,0x00,0x00,0x00,0x23,0x00,0x00,0x00,0x80,0x00,0x00,0x00,0x48,0x00,0x05,0x00,
0x89,0x01,0x00,0x00,0x13,0x00,0x00,0x00,0x23,0x00,0x00,0x00,0x84,0x00,0x00,0x00,
0x48,0x00,0x05,0x00,0x89,0x01,0x00,0x00,0x14,0x00,0x00,0x00,0x23,0x00,0x00,0x00,
0x88,0x00,0x00,0x00,0x48,0x00,0x05,0x00,0x89,0x01,0x00,0x00,0x15,0x00,0x00,0x00,
0x23,0x00,0x00,0x00,0x8c,0x00,0x00,0x00,0x48,0x00,0x05,0x00,0x89,0x01,0x00,0x00,
0x16,0x00,0x00,0x00,0x23,0x00,0x00,0x00,0x90,0x00,0x00,0x00,0x47,0x00,0x04,0x00,
0x8b,0x01,0x00,0x00,0x21,0x00,0x00,0x00,0x0b,0x00,0x00,0x00,0x47,0x00,0x04,0x00,
0x8b,0x01,0x00,0x00,0x22,0x00,0x00,0x00,0x00,0x00,0x00,0x00,0x47,0x00,0x03,0x00,
0xa7,0x01,0x00,0x00,0x02,0x00,0x00,0x00,0x48,0x00,0x05,0x00,0xa7,0x01,0x00,0x00,
0x00,0x00,0x00,0x00,0x23,0x00,0x00,0x00,0x00,0x00,0x00,0x00,0x48,0x00,0x05,0x00,
0xa7,0x01,0x00,0x00,0x01,0x00,0x00,0x00,0x23,0x00,0x00,0x00,0x04,0x00,0x00,0x00,
0x48,0x00,0x05,0x00,0xa7,0x01,0x00,0x00,0x02,0x00,0x00,0x00,0x23,0x00,0x00,0x00,
0x08,0x00,0x00,0x00,0x48,0x00,0x05,0x00,0xa7,0x01,0x00,0x00,0x03,0x00,0x00,0x00,
0x23,0x00,0x00,0x00,0x10,0x00,0x00,0x00,0x47,0x00,0x04,0x00,0xa9,0x01,0x00,0x00,
0x21,0x00,0x00,0x00,0x0c,0x00,0x00,0x00,0x47,0x00,0x04,0x00,0xa9,0x01,0x00,0x00,
0x22,0x00,0x00,0x00,0x00,0x00,0x00,0x00,0x47,0x00,0x04,0x00,0xbb,0x01,0x00,0x00,
0x21,0x00,0x00,0x00,0x00,0x00,0x00,0x00,0x47,0x00,0x04,0x00,0xbb,0x01,0x00,0x00,
0x22,0x00,0x00,0x00,0x00,0x00,0x00,0x00,0x47,0x00,0x04,0x00,0xc3,0x01,0x00,0x00,
0x21,0x00,0x00,0x00,0x01,0x00,0x00,0x00,0x47,0x00,0x04,0x00,0xc3,0x01,0x00,0x00,
0x22,0x00,0x00,0x00,0x00,0x00,0x00,0x00,0x47,0x00,0x04,0x00,0xca,0x01,0x00,0x00,
0x21,0x00,0x00,0x00,0x02,0x00,0x00,0x00,0x47,0x00,0x04,0x00,0xca,0x01,0x00,0x00,
0x22,0x00,0x00,0x00,0x00,0x00,0x00,0x00,0x47,0x00,0x04,0x00,0xd2,0x01,0x00,0x00,
0x21,0x00,0x00,0x00,0x03,0x00,0x00,0x00,0x47,0x00,0x04,0x00,0xd2,0x01,0x00,0x00,
0x22,0x00,0x00,0x00,0x00,0x00,0x00,0x00,0x47,0x00,0x04,0x00,0xe6,0x01,0x00,0x00,
0x21,0x00,0x00,0x00,0x05,0x00,0x00,0x00,0x47,0x00,0x04,0x00,0xe6,0x01,0x00,0x00,
0x22,0x00,0x00,0x00,0x00,0x00,0x00,0x00,0x47,0x00,0x04,0x00,0xf0,0x01,0x00,0x00,
0x21,0x00,0x00,0x00,0x06,0x00,0x00,0x00,0x47,0x00,0x04,0x00,0xf0,0x01,0x00,0x00,
0x22,0x00,0x00,0x00,0x00,0x00,0x00,0x00,0x47,0x00,0x04,0x00,0xfa,0x01,0x00,0x00,
0x21,0x00,0x00,0x00,0x07,0x00,0x00,0x00,0x47,0x00,0x04,0x00,0xfa,0x01,0x00,0x00,
0x22,0x00,0x00,0x00,0x00,0x00,0x00,0x00,0x47,0x00,0x04,0x00,0x04,0x02,0x00,0x00,
0x21,0x00,0x00,0x00,0x08,0x00,0x00,0x00,0x47,0x00,0x04,0x00,0x04,0x02,0x00,0x00,
0x22,0x00,0x00,0x00,0x00,0x00,0x00,0x00,0x47,0x00,0x04,0x00,0x0f,0x02,0x00,0x00,
0x21,0x00,0x00,0x00,0x09,0x00,0x00,0x00,0x47,0x00,0x04,0x00,0x0f,0x02,0x00,0x00,
0x22,0x00,0x00,0x00,0x00,0x00,0x00,0x00,0x47,0x00,0x03,0x00,0x19,0x02,0x00,0x00,
0x17,0x00,0x00,0x00,0x47,0x00,0x04,0x00,0x19,0x02,0x00,0x00,0x21,0x00,0x00,0x00,
0x0a,0x00,0x00,0x00,0x47,0x00,0x04,0x00,0x19,0x02,0x00,0x00,0x22,0x00,0x00,0x00,
0x00,0x00,0x00,0x00,0x47,0x00,0x03,0x00,0x60,0x02,0x00,0x00,0x17,0x00,0x00,0x00,
0x47,0x00,0x04,0x00,0x60,0x02,0x00,0x00,0x21,0x00,0x00,0x00,0x04,0x00,0x00,0x00,
0x47,0x00,0x04,0x00,0x60,0x02,0x00,0x00,0x22,0x00,0x00,0x00,0x00,0x00,0x00,0x00,
0x47,0x00,0x04,0x00,0x05,0x09,0x00,0x00,0x0b,0x00,0x00,0x00,0x1a,0x00,0x00,0x00,
0x47,0x00,0x04,0x00,0x07,0x09,0x00,0x00,0x0b,0x00,0x00,0x00,0x1d,0x00,0x00,0x00,
0x47,0x00,0x04,0x00,0x1a,0x09,0x00,0x00,0x0b,0x00,0x00,0x00,0x19,0x00,0x00,0x00,
0x47,0x00,0x03,0x00,0x0e,0x0c,0x00,0x00,0x18,0x00,0x00,0x00,0x47,0x00,0x03,0x00,
0xad,0x0c,0x00,0x00,0x18,0x00,0x00,0x00,0x47,0x00,0x03,0x00,0x72,0x10,0x00,0x00,
0x18,0x00,0x00,0x00,0x47,0x00,0x03,0x00,0x11,0x11,0x00,0x00,0x18,0x00,0x00,0x00,
0x47,0x00,0x03,0x00,0xd6,0x14,0x00,0x00,0x18,0x00,0x00,0x00,0x47,0x00,0x03,0x00,
0x75,0x15,0x00,0x00,0x18,0x00,0x00,0x00,0x47,0x00,0x03,0x00,0x3a,0x19,0x00,0x00,
0x18,0x00,0x00,0x00,0x47,0x00,0x03,0x00,0xd9,0x19,0x00,0x00,0x18,0x00,0x00,0x00,
0x47,0x00,0x03,0x00,0x2e,0x1e,0x00,0x00,0x18,0x00,0x00,0x00,0x47,0x00,0x03,0x00,
0xcd,0x1e,0x00,0x00,0x18,0x00,0x00,0x00,0x47,0x00,0x03,0x00,0x92,0x22,0x00,0x00,
0x18,0x00,0x00,0x00,0x47,0x00,0x03,0x00,0x31,0x23,0x00,0x00,0x18,0x00,0x00,0x00,
0x47,0x00,0x03,0x00,0xf6,0x26,0x00,0x00,0x18,0x00,0x00,0x00,0x47,0x00,0x03,0x00,
0x95,0x27,0x00,0x00,0x18,0x00,0x00,0x00,0x47,0x00,0x03,0x00,0x5a,0x2b,0x00,0x00,
0x18,0x00,0x00,0x00,0x47,0x00,0x03,0x00,0xf9,0x2b,0x00,0x00,0x18,0x00,0x00,0x00,
0x47,0x00,0x03,0x00,0x4e,0x30,0x00,0x00,0x18,0x00,0x00,0x00,0x47,0x00,0x03,0x00,
0xed,0x30,0x00,0x00,0x18,0x00,0x00,0x00,0x47,0x00,0x03,0x00,0xb2,0x34,0x00,0x00,
0x18,0x00,0x00,0x00,0x47,0x00,0x03,0x00,0x51,0x35,0x00,0x00,0x18,0x00,0x00,0x00,
0x47,0x00,0x03,0x00,0x16,0x39,0x00,0x00,0x18,0x00,0x00,0x00,0x47,0x00,0x03,0x00,
0xb5,0x39,0x00,0x00,0x18,0x00,0x00,0x00,0x47,0x00,0x03,0x00,0x7a,0x3d,0x00,0x00,
0x18,0x00,0x00,0x00,0x47,0x00,0x03,0x00,0x19,0x3e,0x00,0x00,0x18,0x00,0x00,0x00,
0x47,0x00,0x03,0x00,0x6e,0x42,0x00,0x00,0x18,0x00,0x00,0x00,0x47,0x00,0x03,0x00,
0x0d,0x43,0x00,0x00,0x18,0x00,0x00,0x00,0x47,0x00,0x03,0x00,0xd2,0x46,0x00,0x00,
0x18,0x00,0x00,0x00,0x47,0x00,0x03,0x00,0x71,0x47,0x00,0x00,0x18,0x00,0x00,0x00,
0x47,0x00,0x03,0x00,0x36,0x4b,0x00,0x00,0x18,0x00,0x00,0x00,0x47,0x00,0x03,0x00,
0xd5,0x4b,0x00,0x00,0x18,0x00,0x00,0x00,0x47,0x00,0x03,0x00,0x9a,0x4f,0x00,0x00,
0x18,0x00,0x00,0x00,0x47,0x00,0x03,0x00,0x39,0x50,0x00,0x00,0x18,0x00,0x00,0x00,
0x13,0x00,0x02,0x00,0x02,0x00,0x00,0x00,0x21,0x00,0x03,0x00,0x03,0x00,0x00,0x00,
0x02,0x00,0x00,0x00,0x15,0x00,0x04,0x00,0x06,0x00,0x00,0x00,0x20,0x00,0x00,0x00,
0x00,0x00,0x00,0x00,0x16,0x00,0x03,0x00,0x13,0x00,0x00,0x00,0x20,0x00,0x00,0x00,
0x20,0x00,0x04,0x00,0x14,0x00,0x00,0x00,0x07,0x00,0x00,0x00,0x13,0x00,0x00,0x00,
0x15,0x00,0x04,0x00,0x1a,0x00,0x00,0x00,0x20,0x00,0x00,0x00,0x01,0x00,0x00,0x00,
0x17,0x00,0x04,0x00,0x2d,0x00,0x00,0x00,0x06,0x00,0x00,0x00,0x02,0x00,0x00,0x00,
0x17,0x00,0x04,0x00,0x32,0x00,0x00,0x00,0x1a,0x00,0x00,0x00,0x02,0x00,0x00,0x00,
0x17,0x00,0x04,0x00,0x38,0x00,0x00,0x00,0x13,0x00,0x00,0x00,0x02,0x00,0x00,0x00,
0x20,0x00,0x04,0x00,0x49,0x00,0x00,0x00,0x07,0x00,0x00,0x00,0x32,0x00,0x00,0x00,
0x14,0x00,0x02,0x00,0x6e,0x00,0x00,0x00,0x2b,0x00,0x04,0x00,0x06,0x00,0x00,0x00,
0x81,0x00,0x00,0x00,0x05,0x00,0x00,0x00,0x1c,0x00,0x04,0x00,0x82,0x00,0x00,0x00,
0x13,0x00,0x00,0x00,0x81,0x00,0x00,0x00,0x17,0x00,0x04,0x00,0x9f,0x00,0x00,0x00,
0x13,0x00,0x00,0x00,0x04,0x00,0x00,0x00,0x17,0x00,0x04,0x00,0x3b,0x01,0x00,0x00,
0x06,0x00,0x00,0x00,0x03,0x00,0x00,0x00,0x2b,0x00,0x04,0x00,0x1a,0x00,0x00,0x00,
0x4c,0x01,0x00,0x00,0x00,0x00,0x00,0x00,0x2b,0x00,0x04,0x00,0x06,0x00,0x00,0x00,
0x6b,0x01,0x00,0x00,0x02,0x00,0x00,0x00,0x2b,0x00,0x04,0x00,0x06,0x00,0x00,0x00,
0x6c,0x01,0x00,0x00,0x03,0x00,0x00,0x00,0x2b,0x00,0x04,0x00,0x06,0x00,0x00,0x00,
0x72,0x01,0x00,0x00,0x01,0x00,0x00,0x00,0x1e,0x00,0x19,0x00,0x89,0x01,0x00,0x00,
0x32,0x00,0x00,0x00,0x32,0x00,0x00,0x00,0x32,0x00,0x00,0x00,0x32,0x00,0x00,0x00,
0x32,0x00,0x00,0x00,0x32,0x00,0x00,0x00,0x9f,0x00,0x00,0x00,0x38,0x00,0x00,0x00,
0x38,0x00,0x00,0x00,0x38,0x00,0x00,0x00,0x38,0x00,0x00,0x00,0x38,0x00,0x00,0x00,
0x13,0x00,0x00,0x00,0x13,0x00,0x00,0x00,0x13,0x00,0x00,0x00,0x13,0x00,0x00,0x00,
0x13,0x00,0x00,0x00,0x13,0x00,0x00,0x00,0x13,0x00,0x00,0x00,0x13,0x00,0x00,0x00,
0x13,0x00,0x00,0x00,0x13,0x00,0x00,0x00,0x13,0x00,0x00,0x00,0x20,0x00,0x04,0x00,
0x8a,0x01,0x00,0x00,0x02,0x00,0x00,0x00,0x89,0x01,0x00,0x00,0x3b,0x00,0x04,0x00,
0x8a,0x01,0x00,0x00,0x8b,0x01,0x00,0x00,0x02,0x00,0x00,0x00,0x20,0x00,0x04,0x00,
0x8c,0x01,0x00,0x00,0x02,0x00,0x00,0x00,0x32,0x00,0x00,0x00,0x2b,0x00,0x04,0x00,
0x1a,0x00,0x00,0x00,0x91,0x01,0x00,0x00,0x01,0x00,0x00,0x00,0x2b,0x00,0x04,0x00,
0x1a,0x00,0x00,0x00,0x96,0x01,0x00,0x00,0x07,0x00,0x00,0x00,0x20,0x00,0x04,0x00,
0x97,0x01,0x00,0x00,0x02,0x00,0x00,0x00,0x38,0x00,0x00,0x00,0x2b,0x00,0x04,0x00,
0x1a,0x00,0x00,0x00,0x9c,0x01,0x00,0x00,0x08,0x00,0x00,0x00,0x2b,0x00,0x04,0x00,
0x1a,0x00,0x00,0x00,0xa1,0x01,0x00,0x00,0x0f,0x00,0x00,0x00,0x20,0x00,0x04,0x00,
0xa2,0x01,0x00,0x00,0x02,0x00,0x00,0x00,0x13,0x00,0x00,0x00,0x1e,0x00,0x06,0x00,
0xa7,0x01,0x00,0x00,0x06,0x00,0x00,0x00,0x06,0x00,0x00,0x00,0x2d,0x00,0x00,0x00,
0x2d,0x00,0x00,0x00,0x20,0x00,0x04,0x00,0xa8,0x01,0x00,0x00,0x02,0x00,0x00,0x00,
0xa7,0x01,0x00,0x00,0x3b,0x00,0x04,0x00,0xa8,0x01,0x00,0x00,0xa9,0x01,0x00,0x00,
0x02,0x00,0x00,0x00,0x20,0x00,0x04,0x00,0xaa,0x01,0x00,0x00,0x02,0x00,0x00,0x00,
0x06,0x00,0x00,0x00,0x2b,0x00,0x04,0x00,0x1a,0x00,0x00,0x00,0xb3,0x01,0x00,0x00,
0x02,0x00,0x00,0x00,0x20,0x00,0x04,0x00,0xb4,0x01,0x00,0x00,0x02,0x00,0x00,0x00,
0x2d,0x00,0x00,0x00,0x19,0x00,0x09,0x00,0xb9,0x01,0x00,0x00,0x13,0x00,0x00,0x00,
0x01,0x00,0x00,0x00,0x00,0x00,0x00,0x00,0x00,0x00,0x00,0x00,0x00,0x00,0x00,0x00,
0x01,0x00,0x00,0x00,0x00,0x00,0x00,0x00,0x20,0x00,0x04,0x00,0xba,0x01,0x00,0x00,
0x00,0x00,0x00,0x00,0xb9,0x01,0x00,0x00,0x3b,0x00,0x04,0x00,0xba,0x01,0x00,0x00,
0xbb,0x01,0x00,0x00,0x00,0x00,0x00,0x00,0x2b,0x00,0x04,0x00,0x06,0x00,0x00,0x00,
0xbf,0x01,0x00,0x00,0x00,0x00,0x00,0x00,0x3b,0x00,0x04,0x00,0xba,0x01,0x00,0x00,
0xc3,0x01,0x00,0x00,0x00,0x00,0x00,0x00,0x3b,0x00,0x04,0x00,0xba,0x01,0x00,0x00,
0xca,0x01,0x00,0x00,0x00,0x00,0x00,0x00,0x3b,0x00,0x04,0x00,0xba,0x01,0x00,0x00,
0xd2,0x01,0x00,0x00,0x00,0x00,0x00,0x00,0x2c,0x00,0x05,0x00,0x32,0x00,0x00,0x00,
0xd4,0x01,0x00,0x00,0x4c,0x01,0x00,0x00,0x4c,0x01,0x00,0x00,0x2b,0x00,0x04,0x00,
0x13,0x00,0x00,0x00,0xd8,0x01,0x00,0x00,0x00,0x00,0x00,0x00,0x2b,0x00,0x04,0x00,
0x13,0x00,0x00,0x00,0xdc,0x01,0x00,0x00,0x00,0x00,0x80,0x3f,0x19,0x00,0x09,0x00,
0xe4,0x01,0x00,0x00,0x13,0x00,0x00,0x00,0x01,0x00,0x00,0x00,0x00,0x00,0x00,0x00,
0x00,0x00,0x00,0x00,0x00,0x00,0x00,0x00,0x02,0x00,0x00,0x00,0x07,0x00,0x00,0x00,
0x20,0x00,0x04,0x00,0xe5,0x01,0x00,0x00,0x00,0x00,0x00,0x00,0xe4,0x01,0x00,0x00,
0x3b,0x00,0x04,0x00,0xe5,0x01,0x00,0x00,0xe6,0x01,0x00,0x00,0x00,0x00,0x00,0x00,
0x3b,0x00,0x04,0x00,0xe5,0x01,0x00,0x00,0xf0,0x01,0x00,0x00,0x00,0x00,0x00,0x00,
0x3b,0x00,0x04,0x00,0xe5,0x01,0x00,0x00,0xfa,0x01,0x00,0x00,0x00,0x00,0x00,0x00,
0x3b,0x00,0x04,0x00,0xe5,0x01,0x00,0x00,0x04,0x02,0x00,0x00,0x00,0x00,0x00,0x00,
0x2b,0x00,0x04,0x00,0x06,0x00,0x00,0x00,0x0b,0x02,0x00,0x00,0x04,0x00,0x00,0x00,
0x3b,0x00,0x04,0x00,0xe5,0x01,0x00,0x00,0x0f,0x02,0x00,0x00,0x00,0x00,0x00,0x00,
0x3b,0x00,0x04,0x00,0xe5,0x01,0x00,0x00,0x19,0x02,0x00,0x00,0x00,0x00,0x00,0x00,
0x19,0x00,0x09,0x00,0x5e,0x02,0x00,0x00,0x06,0x00,0x00,0x00,0x01,0x00,0x00,0x00,
0x00,0x00,0x00,0x00,0x00,0x00,0x00,0x00,0x00,0x00,0x00,0x00,0x02,0x00,0x00,0x00,
0x21,0x00,0x00,0x00,0x20,0x00,0x04,0x00,0x5f,0x02,0x00,0x00,0x00,0x00,0x00,0x00,
0x5e,0x02,0x00,0x00,0x3b,0x00,0x04,0x00,0x5f,0x02,0x00,0x00,0x60,0x02,0x00,0x00,
0x00,0x00,0x00,0x00,0x20,0x00,0x04,0x00,0x61,0x02,0x00,0x00,0x0b,0x00,0x00,0x00,
0x06,0x00,0x00,0x00,0x17,0x00,0x04,0x00,0x65,0x02,0x00,0x00,0x06,0x00,0x00,0x00,
0x04,0x00,0x00,0x00,0x2c,0x00,0x07,0x00,0x65,0x02,0x00,0x00,0x66,0x02,0x00,0x00,
0xbf,0x01,0x00,0x00,0xbf,0x01,0x00,0x00,0xbf,0x01,0x00,0x00,0xbf,0x01,0x00,0x00,
0x20,0x00,0x04,0x00,0xaf,0x02,0x00,0x00,0x04,0x00,0x00,0x00,0x06,0x00,0x00,0x00,
0x3b,0x00,0x04,0x00,0xaf,0x02,0x00,0x00,0xb0,0x02,0x00,0x00,0x04,0x00,0x00,0x00,
0x2b,0x00,0x04,0x00,0x1a,0x00,0x00,0x00,0xba,0x02,0x00,0x00,0x03,0x00,0x00,0x00,
0x2b,0x00,0x04,0x00,0x1a,0x00,0x00,0x00,0xcd,0x02,0x00,0x00,0x04,0x00,0x00,0x00,
0x2b,0x00,0x04,0x00,0x13,0x00,0x00,0x00,0x5e,0x03,0x00,0x00,0x00,0xdf,0x7f,0x47,
0x2b,0x00,0x04,0x00,0x13,0x00,0x00,0x00,0x72,0x03,0x00,0x00,0x00,0x00,0x80,0x00,
0x2b,0x00,0x04,0x00,0x1a,0x00,0x00,0x00,0x7d,0x03,0x00,0x00,0x05,0x00,0x00,0x00,
0x2b,0x00,0x04,0x00,0x13,0x00,0x00,0x00,0x80,0x03,0x00,0x00,0x00,0xe0,0x7f,0x47,
0x2b,0x00,0x04,0x00,0x13,0x00,0x00,0x00,0x8d,0x03,0x00,0x00,0x40,0xda,0x7f,0x38,
0x1c,0x00,0x04,0x00,0xd9,0x03,0x00,0x00,0x32,0x00,0x00,0x00,0x81,0x00,0x00,0x00,
0x2b,0x00,0x04,0x00,0x1a,0x00,0x00,0x00,0xda,0x03,0x00,0x00,0xff,0xff,0xff,0xff,
0x2c,0x00,0x05,0x00,0x32,0x00,0x00,0x00,0xdb,0x03,0x00,0x00,0xda,0x03,0x00,0x00,
0x4c,0x01,0x00,0x00,0x2c,0x00,0x05,0x00,0x32,0x00,0x00,0x00,0xdc,0x03,0x00,0x00,
0x91,0x01,0x00,0x00,0x4c,0x01,0x00,0x00,0x2c,0x00,0x05,0x00,0x32,0x00,0x00,0x00,
0xdd,0x03,0x00,0x00,0x4c,0x01,0x00,0x00,0xda,0x03,0x00,0x00,0x2c,0x00,0x05,0x00,
0x32,0x00,0x00,0x00,0xde,0x03,0x00,0x00,0x4c,0x01,0x00,0x00,0x91,0x01,0x00,0x00,
0x2c,0x00,0x08,0x00,0xd9,0x03,0x00,0x00,0xdf,0x03,0x00,0x00,0xd4,0x01,0x00,0x00,
0xdb,0x03,0x00,0x00,0xdc,0x03,0x00,0x00,0xdd,0x03,0x00,0x00,0xde,0x03,0x00,0x00,
0x20,0x00,0x04,0x00,0xe5,0x03,0x00,0x00,0x07,0x00,0x00,0x00,0xd9,0x03,0x00,0x00,
0x2b,0x00,0x04,0x00,0x13,0x00,0x00,0x00,0x7f,0x04,0x00,0x00,0x00,0x00,0x00,0x3f,
0x2c,0x00,0x07,0x00,0x9f,0x00,0x00,0x00,0x8e,0x04,0x00,0x00,0xd8,0x01,0x00,0x00,
0xd8,0x01,0x00,0x00,0xd8,0x01,0x00,0x00,0xd8,0x01,0x00,0x00,0x2b,0x00,0x04,0x00,
0x13,0x00,0x00,0x00,0xaf,0x04,0x00,0x00,0x00,0x00,0x80,0x3e,0x2b,0x00,0x04,0x00,
0x06,0x00,0x00,0x00,0xbf,0x04,0x00,0x00,0x10,0x00,0x00,0x00,0x1c,0x00,0x04,0x00,
0xc0,0x04,0x00,0x00,0x13,0x00,0x00,0x00,0xbf,0x04,0x00,0x00,0x1c,0x00,0x04,0x00,
0xc1,0x04,0x00,0x00,0xc0,0x04,0x00,0x00,0xbf,0x04,0x00,0x00,0x20,0x00,0x04,0x00,
0xc2,0x04,0x00,0x00,0x04,0x00,0x00,0x00,0xc1,0x04,0x00,0x00,0x3b,0x00,0x04,0x00,
0xc2,0x04,0x00,0x00,0xc3,0x04,0x00,0x00,0x04,0x00,0x00,0x00,0x20,0x00,0x04,0x00,
0xc6,0x04,0x00,0x00,0x04,0x00,0x00,0x00,0x13,0x00,0x00,0x00,0x3b,0x00,0x04,0x00,
0xc2,0x04,0x00,0x00,0xc9,0x04,0x00,0x00,0x04,0x00,0x00,0x00,0x3b,0x00,0x04,0x00,
0xc2,0x04,0x00,0x00,0xce,0x04,0x00,0x00,0x04,0x00,0x00,0x00,0x3b,0x00,0x04,0x00,
0xc2,0x04,0x00,0x00,0xd3,0x04,0x00,0x00,0x04,0x00,0x00,0x00,0x2b,0x00,0x04,0x00,
0x06,0x00,0x00,0x00,0xef,0x04,0x00,0x00,0x48,0x0d,0x00,0x00,0x2b,0x00,0x04,0x00,
0x06,0x00,0x00,0x00,0xf0,0x04,0x00,0x00,0x08,0x01,0x00,0x00,0x2c,0x00,0x05,0x00,
0x2d,0x00,0x00,0x00,0x42,0x05,0x00,0x00,0xbf,0x01,0x00,0x00,0x72,0x01,0x00,0x00,
0x2c,0x00,0x05,0x00,0x2d,0x00,0x00,0x00,0x45,0x05,0x00,0x00,0x72,0x01,0x00,0x00,
0xbf,0x01,0x00,0x00,0x2c,0x00,0x05,0x00,0x2d,0x00,0x00,0x00,0x48,0x05,0x00,0x00,
0x72,0x01,0x00,0x00,0x72,0x01,0x00,0x00,0x2b,0x00,0x04,0x00,0x06,0x00,0x00,0x00,
0x91,0x05,0x00,0x00,0x40,0x00,0x00,0x00,0x2b,0x00,0x04,0x00,0x06,0x00,0x00,0x00,
0x9f,0x05,0x00,0x00,0x20,0x00,0x00,0x00,0x2b,0x00,0x04,0x00,0x06,0x00,0x00,0x00,
0x78,0x06,0x00,0x00,0x08,0x00,0x00,0x00,0x2b,0x00,0x04,0x00,0x06,0x00,0x00,0x00,
0xaf,0x07,0x00,0x00,0x06,0x00,0x00,0x00,0x2b,0x00,0x04,0x00,0x06,0x00,0x00,0x00,
0x1c,0x08,0x00,0x00,0x07,0x00,0x00,0x00,0x2b,0x00,0x04,0x00,0x1a,0x00,0x00,0x00,
0x99,0x08,0x00,0x00,0x06,0x00,0x00,0x00,0x20,0x00,0x04,0x00,0x04,0x09,0x00,0x00,
0x01,0x00,0x00,0x00,0x3b,0x01,0x00,0x00,0x3b,0x00,0x04,0x00,0x04,0x09,0x00,0x00,
0x05,0x09,0x00,0x00,0x01,0x00,0x00,0x00,0x20,0x00,0x04,0x00,0x06,0x09,0x00,0x00,
0x01,0x00,0x00,0x00,0x06,0x00,0x00,0x00,0x3b,0x00,0x04,0x00,0x06,0x09,0x00,0x00,
0x07,0x09,0x00,0x00,0x01,0x00,0x00,0x00,0x2b,0x00,0x04,0x00,0x06,0x00,0x00,0x00,
0x19,0x09,0x00,0x00,0x00,0x01,0x00,0x00,0x2c,0x00,0x06,0x00,0x3b,0x01,0x00,0x00,
0x1a,0x09,0x00,0x00,0x19,0x09,0x00,0x00,0x72,0x01,0x00,0x00,0x72,0x01,0x00,0x00,
0x20,0x00,0x04,0x00,0xa0,0x63,0x00,0x00,0x07,0x00,0x00,0x00,0x82,0x00,0x00,0x00,
0x2c,0x00,0x05,0x00,0x2d,0x00,0x00,0x00,0xc4,0x77,0x00,0x00,0x91,0x05,0x00,0x00,
0x91,0x05,0x00,0x00,0x2c,0x00,0x05,0x00,0x2d,0x00,0x00,0x00,0xc5,0x77,0x00,0x00,
0x9f,0x05,0x00,0x00,0x9f,0x05,0x00,0x00,0x2c,0x00,0x05,0x00,0x38,0x00,0x00,0x00,
0xc7,0x77,0x00,0x00,0x7f,0x04,0x00,0x00,0x7f,0x04,0x00,0x00,0x2c,0x00,0x05,0x00,
0x2d,0x00,0x00,0x00,0xd7,0x77,0x00,0x00,0xbf,0x04,0x00,0x00,0xbf,0x04,0x00,0x00,
0x2c,0x00,0x05,0x00,0x2d,0x00,0x00,0x00,0xd8,0x77,0x00,0x00,0x78,0x06,0x00,0x00,
0x78,0x06,0x00,0x00,0x2c,0x00,0x05,0x00,0x2d,0x00,0x00,0x00,0xd9,0x77,0x00,0x00,
0x0b,0x02,0x00,0x00,0x0b,0x02,0x00,0x00,0x2c,0x00,0x05,0x00,0x2d,0x00,0x00,0x00,
0xda,0x77,0x00,0x00,0x6b,0x01,0x00,0x00,0x6b,0x01,0x00,0x00,0x2b,0x00,0x04,0x00,
0x06,0x00,0x00,0x00,0xdb,0x77,0x00,0x00,0x09,0x00,0x00,0x00,0x2b,0x00,0x04,0x00,
0x06,0x00,0x00,0x00,0xdc,0x77,0x00,0x00,0x0a,0x00,0x00,0x00,0x2b,0x00,0x04,0x00,
0x06,0x00,0x00,0x00,0xdd,0x77,0x00,0x00,0x0b,0x00,0x00,0x00,0x36,0x00,0x05,0x00,
0x02,0x00,0x00,0x00,0x04,0x00,0x00,0x00,0x00,0x00,0x00,0x00,0x03,0x00,0x00,0x00,
0xf8,0x00,0x02,0x00,0x05,0x00,0x00,0x00,0x3b,0x00,0x04,0x00,0xa0,0x63,0x00,0x00,
0x45,0x73,0x00,0x00,0x07,0x00,0x00,0x00,0x3b,0x00,0x04,0x00,0xa0,0x63,0x00,0x00,
0xf5,0x72,0x00,0x00,0x07,0x00,0x00,0x00,0x3b,0x00,0x04,0x00,0xa0,0x63,0x00,0x00,
0xa5,0x72,0x00,0x00,0x07,0x00,0x00,0x00,0x3b,0x00,0x04,0x00,0xa0,0x63,0x00,0x00,
0x55,0x72,0x00,0x00,0x07,0x00,0x00,0x00,0x3b,0x00,0x04,0x00,0xa0,0x63,0x00,0x00,
0x05,0x72,0x00,0x00,0x07,0x00,0x00,0x00,0x3b,0x00,0x04,0x00,0xa0,0x63,0x00,0x00,
0xb5,0x71,0x00,0x00,0x07,0x00,0x00,0x00,0x3b,0x00,0x04,0x00,0xa0,0x63,0x00,0x00,
0x65,0x71,0x00,0x00,0x07,0x00,0x00,0x00,0x3b,0x00,0x04,0x00,0xa0,0x63,0x00,0x00,
0x15,0x71,0x00,0x00,0x07,0x00,0x00,0x00,0x3b,0x00,0x04,0x00,0xa0,0x63,0x00,0x00,
0xc5,0x70,0x00,0x00,0x07,0x00,0x00,0x00,0x3b,0x00,0x04,0x00,0xa0,0x63,0x00,0x00,
0x75,0x70,0x00,0x00,0x07,0x00,0x00,0x00,0x3b,0x00,0x04,0x00,0xa0,0x63,0x00,0x00,
0x25,0x70,0x00,0x00,0x07,0x00,0x00,0x00,0x3b,0x00,0x04,0x00,0xa0,0x63,0x00,0x00,
0xd5,0x6f,0x00,0x00,0x07,0x00,0x00,0x00,0x3b,0x00,0x04,0x00,0xa0,0x63,0x00,0x00,
0x85,0x6f,0x00,0x00,0x07,0x00,0x00,0x00,0x3b,0x00,0x04,0x00,0xa0,0x63,0x00,0x00,
0x35,0x6f,0x00,0x00,0x07,0x00,0x00,0x00,0x3b,0x00,0x04,0x00,0xa0,0x63,0x00,0x00,
0xe5,0x6e,0x00,0x00,0x07,0x00,0x00,0x00,0x3b,0x00,0x04,0x00,0xa0,0x63,0x00,0x00,
0x95,0x6e,0x00,0x00,0x07,0x00,0x00,0x00,0x3b,0x00,0x04,0x00,0xa0,0x63,0x00,0x00,
0x67,0x6e,0x00,0x00,0x07,0x00,0x00,0x00,0x3b,0x00,0x04,0x00,0xa0,0x63,0x00,0x00,
0x5d,0x6e,0x00,0x00,0x07,0x00,0x00,0x00,0x3b,0x00,0x04,0x00,0xa0,0x63,0x00,0x00,
0x49,0x6e,0x00,0x00,0x07,0x00,0x00,0x00,0x3b,0x00,0x04,0x00,0xa0,0x63,0x00,0x00,
0xba,0x6d,0x00,0x00,0x07,0x00,0x00,0x00,0x3b,0x00,0x04,0x00,0xa0,0x63,0x00,0x00,
0xb0,0x6d,0x00,0x00,0x07,0x00,0x00,0x00,0x3b,0x00,0x04,0x00,0xa0,0x63,0x00,0x00,
0x9c,0x6d,0x00,0x00,0x07,0x00,0x00,0x00,0x3b,0x00,0x04,0x00,0xa0,0x63,0x00,0x00,
0x0d,0x6d,0x00,0x00,0x07,0x00,0x00,0x00,0x3b,0x00,0x04,0x00,0xa0,0x63,0x00,0x00,
0x03,0x6d,0x00,0x00,0x07,0x00,0x00,0x00,0x3b,0x00,0x04,0x00,0xa0,0x63,0x00,0x00,
0xef,0x6c,0x00,0x00,0x07,0x00,0x00,0x00,0x3b,0x00,0x04,0x00,0xa0,0x63,0x00,0x00,
0x60,0x6c,0x00,0x00,0x07,0x00,0x00,0x00,0x3b,0x00,0x04,0x00,0xa0,0x63,0x00,0x00,
0x56,0x6c,0x00,0x00,0x07,0x00,0x00,0x00,0x3b,0x00,0x04,0x00,0xa0,0x63,0x00,0x00,
0x42,0x6c,0x00,0x00,0x07,0x00,0x00,0x00,0x3b,0x00,0x04,0x00,0xa0,0x63,0x00,0x00,
0xb3,0x6b,0x00,0x00,0x07,0x00,0x00,0x00,0x3b,0x00,0x04,0x00,0xa0,0x63,0x00,0x00,
0xa9,0x6b,0x00,0x00,0x07,0x00,0x00,0x00,0x3b,0x00,0x04,0x00,0xa0,0x63,0x00,0x00,
0x95,0x6b,0x00,0x00,0x07,0x00,0x00,0x00,0x3b,0x00,0x04,0x00,0xa0,0x63,0x00,0x00,
0x06,0x6b,0x00,0x00,0x07,0x00,0x00,0x00,0x3b,0x00,0x04,0x00,0xa0,0x63,0x00,0x00,
0xfc,0x6a,0x00,0x00,0x07,0x00,0x00,0x00,0x3b,0x00,0x04,0x00,0xa0,0x63,0x00,0x00,
0xe8,0x6a,0x00,0x00,0x07,0x00,0x00,0x00,0x3b,0x00,0x04,0x00,0xa0,0x63,0x00,0x00,
0x59,0x6a,0x00,0x00,0x07,0x00,0x00,0x00,0x3b,0x00,0x04,0x00,0xa0,0x63,0x00,0x00,
0x4f,0x6a,0x00,0x00,0x07,0x00,0x00,0x00,0x3b,0x00,0x04,0x00,0xa0,0x63,0x00,0x00,
0x3b,0x6a,0x00,0x00,0x07,0x00,0x00,0x00,0x3b,0x00,0x04,0x00,0xa0,0x63,0x00,0x00,
0xac,0x69,0x00,0x00,0x07,0x00,0x00,0x00,0x3b,0x00,0x04,0x00,0xa0,0x63,0x00,0x00,
0xa2,0x69,0x00,0x00,0x07,0x00,0x00,0x00,0x3b,0x00,0x04,0x00,0xa0,0x63,0x00,0x00,
0x8e,0x69,0x00,0x00,0x07,0x00,0x00,0x00,0x3b,0x00,0x04,0x00,0xa0,0x63,0x00,0x00,
0xff,0x68,0x00,0x00,0x07,0x00,0x00,0x00,0x3b,0x00,0x04,0x00,0xa0,0x63,0x00,0x00,
0xf5,0x68,0x00,0x00,0x07,0x00,0x00,0x00,0x3b,0x00,0x04,0x00,0xa0,0x63,0x00,0x00,
0xe1,0x68,0x00,0x00,0x07,0x00,0x00,0x00,0x3b,0x00,0x04,0x00,0xa0,0x63,0x00,0x00,
0x52,0x68,0x00,0x00,0x07,0x00,0x00,0x00,0x3b,0x00,0x04,0x00,0xa0,0x63,0x00,0x00,
0x48,0x68,0x00,0x00,0x07,0x00,0x00,0x00,0x3b,0x00,0x04,0x00,0xa0,0x63,0x00,0x00,
0x34,0x68,0x00,0x00,0x07,0x00,0x00,0x00,0x3b,0x00,0x04,0x00,0xa0,0x63,0x00,0x00,
0xa5,0x67,0x00,0x00,0x07,0x00,0x00,0x00,0x3b,0x00,0x04,0x00,0xa0,0x63,0x00,0x00,
0x9b,0x67,0x00,0x00,0x07,0x00,0x00,0x00,0x3b,0x00,0x04,0x00,0xa0,0x63,0x00,0x00,
0x87,0x67,0x00,0x00,0x07,0x00,0x00,0x00,0x3b,0x00,0x04,0x00,0xa0,0x63,0x00,0x00,
0xf8,0x66,0x00,0x00,0x07,0x00,0x00,0x00,0x3b,0x00,0x04,0x00,0xa0,0x63,0x00,0x00,
0xee,0x66,0x00,0x00,0x07,0x00,0x00,0x00,0x3b,0x00,0x04,0x00,0xa0,0x63,0x00,0x00,
0xda,0x66,0x00,0x00,0x07,0x00,0x00,0x00,0x3b,0x00,0x04,0x00,0xa0,0x63,0x00,0x00,
0x4b,0x66,0x00,0x00,0x07,0x00,0x00,0x00,0x3b,0x00,0x04,0x00,0xa0,0x63,0x00,0x00,
0x41,0x66,0x00,0x00,0x07,0x00,0x00,0x00,0x3b,0x00,0x04,0x00,0xa0,0x63,0x00,0x00,
0x2d,0x66,0x00,0x00,0x07,0x00,0x00,0x00,0x3b,0x00,0x04,0x00,0xa0,0x63,0x00,0x00,
0x9e,0x65,0x00,0x00,0x07,0x00,0x00,0x00,0x3b,0x00,0x04,0x00,0xa0,0x63,0x00,0x00,
0x94,0x65,0x00,0x00,0x07,0x00,0x00,0x00,0x3b,0x00,0x04,0x00,0xa0,0x63,0x00,0x00,
0x80,0x65,0x00,0x00,0x07,0x00,0x00,0x00,0x3b,0x00,0x04,0x00,0xa0,0x63,0x00,0x00,
0xf1,0x64,0x00,0x00,0x07,0x00,0x00,0x00,0x3b,0x00,0x04,0x00,0xa0,0x63,0x00,0x00,
0xe7,0x64,0x00,0x00,0x07,0x00,0x00,0x00,0x3b,0x00,0x04,0x00,0xa0,0x63,0x00,0x00,
0xd3,0x64,0x00,0x00,0x07,0x00,0x00,0x00,0x3b,0x00,0x04,0x00,0xa0,0x63,0x00,0x00,
0x44,0x64,0x00,0x00,0x07,0x00,0x00,0x00,0x3b,0x00,0x04,0x00,0xa0,0x63,0x00,0x00,
0x3a,0x64,0x00,0x00,0x07,0x00,0x00,0x00,0x3b,0x00,0x04,0x00,0xa0,0x63,0x00,0x00,
0x26,0x64,0x00,0x00,0x07,0x00,0x00,0x00,0x3b,0x00,0x05,0x00,0xe5,0x03,0x00,0x00,
0x39,0x50,0x00,0x00,0x07,0x00,0x00,0x00,0xdf,0x03,0x00,0x00,0x3b,0x00,0x05,0x00,
0xe5,0x03,0x00,0x00,0x9a,0x4f,0x00,0x00,0x07,0x00,0x00,0x00,0xdf,0x03,0x00,0x00,
0x3b,0x00,0x05,0x00,0xe5,0x03,0x00,0x00,0xd5,0x4b,0x00,0x00,0x07,0x00,0x00,0x00,
0xdf,0x03,0x00,0x00,0x3b,0x00,0x05,0x00,0xe5,0x03,0x00,0x00,0x36,0x4b,0x00,0x00,
0x07,0x00,0x00,0x00,0xdf,0x03,0x00,0x00,0x3b,0x00,0x05,0x00,0xe5,0x03,0x00,0x00,
0x71,0x47,0x00,0x00,0x07,0x00,0x00,0x00,0xdf,0x03,0x00,0x00,0x3b,0x00,0x05,0x00,
0xe5,0x03,0x00,0x00,0xd2,0x46,0x00,0x00,0x07,0x00,0x00,0x00,0xdf,0x03,0x00,0x00,
0x3b,0x00,0x05,0x00,0xe5,0x03,0x00,0x00,0x0d,0x43,0x00,0x00,0x07,0x00,0x00,0x00,
0xdf,0x03,0x00,0x00,0x3b,0x00,0x05,0x00,0xe5,0x03,0x00,0x00,0x6e,0x42,0x00,0x00,
0x07,0x00,0x00,0x00,0xdf,0x03,0x00,0x00,0x3b,0x00,0x05,0x00,0xe5,0x03,0x00,0x00,
0x19,0x3e,0x00,0x00,0x07,0x00,0x00,0x00,0xdf,0x03,0x00,0x00,0x3b,0x00,0x05,0x00,
0xe5,0x03,0x00,0x00,0x7a,0x3d,0x00,0x00,0x07,0x00,0x00,0x00,0xdf,0x03,0x00,0x00,
0x3b,0x00,0x05,0x00,0xe5,0x03,0x00,0x00,0xb5,0x39,0x00,0x00,0x07,0x00,0x00,0x00,
0xdf,0x03,0x00,0x00,0x3b,0x00,0x05,0x00,0xe5,0x03,0x00,0x00,0x16,0x39,0x00,0x00,
0x07,0x00,0x00,0x00,0xdf,0x03,0x00,0x00,0x3b,0x00,0x05,0x00,0xe5,0x03,0x00,0x00,
0x51,0x35,0x00,0x00,0x07,0x00,0x00,0x00,0xdf,0x03,0x00,0x00,0x3b,0x00,0x05,0x00,
0xe5,0x03,0x00,0x00,0xb2,0x34,0x00,0x00,0x07,0x00,0x00,0x00,0xdf,0x03,0x00,0x00,
0x3b,0x00,0x05,0x00,0xe5,0x03,0x00,0x00,0xed,0x30,0x00,0x00,0x07,0x00,0x00,0x00,
0xdf,0x03,0x00,0x00,0x3b,0x00,0x05,0x00,0xe5,0x03,0x00,0x00,0x4e,0x30,0x00,0x00,
0x07,0x00,0x00,0x00,0xdf,0x03,0x00,0x00,0x3b,0x00,0x05,0x00,0xe5,0x03,0x00,0x00,
0xf9,0x2b,0x00,0x00,0x07,0x00,0x00,0x00,0xdf,0x03,0x00,0x00,0x3b,0x00,0x05,0x00,
0xe5,0x03,0x00,0x00,0x5a,0x2b,0x00,0x00,0x07,0x00,0x00,0x00,0xdf,0x03,0x00,0x00,
0x3b,0x00,0x05,0x00,0xe5,0x03,0x00,0x00,0x95,0x27,0x00,0x00,0x07,0x00,0x00,0x00,
0xdf,0x03,0x00,0x00,0x3b,0x00,0x05,0x00,0xe5,0x03,0x00,0x00,0xf6,0x26,0x00,0x00,
0x07,0x00,0x00,0x00,0xdf,0x03,0x00,0x00,0x3b,0x00,0x05,0x00,0xe5,0x03,0x00,0x00,
0x31,0x23,0x00,0x00,0x07,0x00,0x00,0x00,0xdf,0x03,0x00,0x00,0x3b,0x00,0x05,0x00,
0xe5,0x03,0x00,0x00,0x92,0x22,0x00,0x00,0x07,0x00,0x00,0x00,0xdf,0x03,0x00,0x00,
0x3b,0x00,0x05,0x00,0xe5,0x03,0x00,0x00,0xcd,0x1e,0x00,0x00,0x07,0x00,0x00,0x00,
0xdf,0x03,0x00,0x00,0x3b,0x00,0x05,0x00,0xe5,0x03,0x00,0x00,0x2e,0x1e,0x00,0x00,
0x07,0x00,0x00,0x00,0xdf,0x03,0x00,0x00,0x3b,0x00,0x05,0x00,0xe5,0x03,0x00,0x00,
0xd9,0x19,0x00,0x00,0x07,0x00,0x00,0x00,0xdf,0x03,0x00,0x00,0x3b,0x00,0x05,0x00,
0xe5,0x03,0x00,0x00,0x3a,0x19,0x00,0x00,0x07,0x00,0x00,0x00,0xdf,0x03,0x00,0x00,
0x3b,0x00,0x05,0x00,0xe5,0x03,0x00,0x00,0x75,0x15,0x00,0x00,0x07,0x00,0x00,0x00,
0xdf,0x03,0x00,0x00,0x3b,0x00,0x05,0x00,0xe5,0x03,0x00,0x00,0xd6,0x14,0x00,0x00,
0x07,0x00,0x00,0x00,0xdf,0x03,0x00,0x00,0x3b,0x00,0x05,0x00,0xe5,0x03,0x00,0x00,
0x11,0x11,0x00,0x00,0x07,0x00,0x00,0x00,0xdf,0x03,0x00,0x00,0x3b,0x00,0x05,0x00,
0xe5,0x03,0x00,0x00,0x72,0x10,0x00,0x00,0x07,0x00,0x00,0x00,0xdf,0x03,0x00,0x00,
0x3b,0x00,0x05,0x00,0xe5,0x03,0x00,0x00,0xad,0x0c,0x00,0x00,0x07,0x00,0x00,0x00,
0xdf,0x03,0x00,0x00,0x3b,0x00,0x05,0x00,0xe5,0x03,0x00,0x00,0x0e,0x0c,0x00,0x00,
0x07,0x00,0x00,0x00,0xdf,0x03,0x00,0x00,0x3d,0x00,0x04,0x00,0x3b,0x01,0x00,0x00,
0x09,0x09,0x00,0x00,0x05,0x09,0x00,0x00,0x3d,0x00,0x04,0x00,0x06,0x00,0x00,0x00,
0x0b,0x09,0x00,0x00,0x07,0x09,0x00,0x00,0x4f,0x00,0x07,0x00,0x2d,0x00,0x00,0x00,
0x36,0x09,0x00,0x00,0x09,0x09,0x00,0x00,0x09,0x09,0x00,0x00,0x00,0x00,0x00,0x00,
0x01,0x00,0x00,0x00,0x41,0x00,0x05,0x00,0xaa,0x01,0x00,0x00,0x40,0x09,0x00,0x00,
0xa9,0x01,0x00,0x00,0x4c,0x01,0x00,0x00,0x3d,0x00,0x04,0x00,0x06,0x00,0x00,0x00,
0x41,0x09,0x00,0x00,0x40,0x09,0x00,0x00,0x41,0x00,0x05,0x00,0xaa,0x01,0x00,0x00,
0x44,0x09,0x00,0x00,0xa9,0x01,0x00,0x00,0x91,0x01,0x00,0x00,0x3d,0x00,0x04,0x00,
0x06,0x00,0x00,0x00,0x45,0x09,0x00,0x00,0x44,0x09,0x00,0x00,0x41,0x00,0x05,0x00,
0xb4,0x01,0x00,0x00,0x48,0x09,0x00,0x00,0xa9,0x01,0x00,0x00,0xb3,0x01,0x00,0x00,
0x3d,0x00,0x04,0x00,0x2d,0x00,0x00,0x00,0x49,0x09,0x00,0x00,0x48,0x09,0x00,0x00,
0x80,0x00,0x05,0x00,0x2d,0x00,0x00,0x00,0x52,0x09,0x00,0x00,0x36,0x09,0x00,0x00,
0x49,0x09,0x00,0x00,0xf7,0x00,0x03,0x00,0xb0,0x09,0x00,0x00,0x00,0x00,0x00,0x00,
0xfb,0x00,0x03,0x00,0xbf,0x01,0x00,0x00,0x7a,0x09,0x00,0x00,0xf8,0x00,0x02,0x00,
0x7a,0x09,0x00,0x00,0x89,0x00,0x05,0x00,0x06,0x00,0x00,0x00,0x7c,0x09,0x00,0x00,
0x0b,0x09,0x00,0x00,0x91,0x05,0x00,0x00,0xcb,0x00,0x06,0x00,0x06,0x00,0x00,0x00,
0xd3,0x09,0x00,0x00,0x7c,0x09,0x00,0x00,0xb3,0x01,0x00,0x00,0xba,0x02,0x00,0x00,
0xc9,0x00,0x07,0x00,0x06,0x00,0x00,0x00,0xda,0x09,0x00,0x00,0xd3,0x09,0x00,0x00,
0x7c,0x09,0x00,0x00,0x4c,0x01,0x00,0x00,0x91,0x01,0x00,0x00,0xcb,0x00,0x06,0x00,
0x06,0x00,0x00,0x00,0xe2,0x09,0x00,0x00,0x7c,0x09,0x00,0x00,0xba,0x02,0x00,0x00,
0xba,0x02,0x00,0x00,0xcb,0x00,0x06,0x00,0x06,0x00,0x00,0x00,0xea,0x09,0x00,0x00,
0x7c,0x09,0x00,0x00,0x91,0x01,0x00,0x00,0xb3,0x01,0x00,0x00,0xc9,0x00,0x07,0x00,
0x06,0x00,0x00,0x00,0xf1,0x09,0x00,0x00,0xe2,0x09,0x00,0x00,0xea,0x09,0x00,0x00,
0x4c,0x01,0x00,0x00,0xb3,0x01,0x00,0x00,0xc2,0x00,0x05,0x00,0x06,0x00,0x00,0x00,
0x81,0x09,0x00,0x00,0x0b,0x09,0x00,0x00,0x99,0x08,0x00,0x00,0x89,0x00,0x05,0x00,
0x06,0x00,0x00,0x00,0x82,0x09,0x00,0x00,0x81,0x09,0x00,0x00,0x6b,0x01,0x00,0x00,
0x84,0x00,0x05,0x00,0x06,0x00,0x00,0x00,0x83,0x09,0x00,0x00,0x78,0x06,0x00,0x00,
0x82,0x09,0x00,0x00,0x80,0x00,0x05,0x00,0x06,0x00,0x00,0x00,0x84,0x09,0x00,0x00,
0xda,0x09,0x00,0x00,0x83,0x09,0x00,0x00,0xc2,0x00,0x05,0x00,0x06,0x00,0x00,0x00,
0x88,0x09,0x00,0x00,0x0b,0x09,0x00,0x00,0x96,0x01,0x00,0x00,0x84,0x00,0x05,0x00,
0x06,0x00,0x00,0x00,0x89,0x09,0x00,0x00,0x78,0x06,0x00,0x00,0x88,0x09,0x00,0x00,
0x80,0x00,0x05,0x00,0x06,0x00,0x00,0x00,0x8a,0x09,0x00,0x00,0xf1,0x09,0x00,0x00,
0x89,0x09,0x00,0x00,0xf7,0x00,0x03,0x00,0x43,0x0b,0x00,0x00,0x00,0x00,0x00,0x00,
0xfb,0x00,0x03,0x00,0xbf,0x01,0x00,0x00,0x3d,0x0a,0x00,0x00,0xf8,0x00,0x02,0x00,
0x3d,0x0a,0x00,0x00,0x84,0x00,0x05,0x00,0x2d,0x00,0x00,0x00,0x40,0x0a,0x00,0x00,
0x52,0x09,0x00,0x00,0xc4,0x77,0x00,0x00,0x7c,0x00,0x04,0x00,0x32,0x00,0x00,0x00,
0x41,0x0a,0x00,0x00,0x40,0x0a,0x00,0x00,0x84,0x00,0x05,0x00,0x06,0x00,0x00,0x00,
0x43,0x0a,0x00,0x00,0x84,0x09,0x00,0x00,0x6b,0x01,0x00,0x00,0x7c,0x00,0x04,0x00,
0x1a,0x00,0x00,0x00,0x44,0x0a,0x00,0x00,0x43,0x0a,0x00,0x00,0x84,0x00,0x05,0x00,
0x06,0x00,0x00,0x00,0x46,0x0a,0x00,0x00,0x8a,0x09,0x00,0x00,0x6b,0x01,0x00,0x00,
0x7c,0x00,0x04,0x00,0x1a,0x00,0x00,0x00,0x47,0x0a,0x00,0x00,0x46,0x0a,0x00,0x00,
0x50,0x00,0x05,0x00,0x32,0x00,0x00,0x00,0x48,0x0a,0x00,0x00,0x44,0x0a,0x00,0x00,
0x47,0x0a,0x00,0x00,0x80,0x00,0x05,0x00,0x32,0x00,0x00,0x00,0x49,0x0a,0x00,0x00,
0x41,0x0a,0x00,0x00,0x48,0x0a,0x00,0x00,0x84,0x00,0x05,0x00,0x2d,0x00,0x00,0x00,
0x4c,0x0a,0x00,0x00,0x52,0x09,0x00,0x00,0xc5,0x77,0x00,0x00,0x7c,0x00,0x04,0x00,
0x32,0x00,0x00,0x00,0x4d,0x0a,0x00,0x00,0x4c,0x0a,0x00,0x00,0x7c,0x00,0x04,0x00,
0x1a,0x00,0x00,0x00,0x4f,0x0a,0x00,0x00,0x84,0x09,0x00,0x00,0x7c,0x00,0x04,0x00,
0x1a,0x00,0x00,0x00,0x51,0x0a,0x00,0x00,0x8a,0x09,0x00,0x00,0x50,0x00,0x05,0x00,
0x32,0x00,0x00,0x00,0x52,0x0a,0x00,0x00,0x4f,0x0a,0x00,0x00,0x51,0x0a,0x00,0x00,
0x80,0x00,0x05,0x00,0x32,0x00,0x00,0x00,0x53,0x0a,0x00,0x00,0x4d,0x0a,0x00,0x00,
0x52,0x0a,0x00,0x00,0x7c,0x00,0x04,0x00,0x2d,0x00,0x00,0x00,0x55,0x0a,0x00,0x00,
0x49,0x0a,0x00,0x00,0x80,0x00,0x05,0x00,0x2d,0x00,0x00,0x00,0x4e,0x0b,0x00,0x00,
0x55,0x0a,0x00,0x00,0x42,0x05,0x00,0x00,0x80,0x00,0x05,0x00,0x2d,0x00,0x00,0x00,
0x50,0x0b,0x00,0x00,0x55,0x0a,0x00,0x00,0x45,0x05,0x00,0x00,0x80,0x00,0x05,0x00,
0x2d,0x00,0x00,0x00,0x52,0x0b,0x00,0x00,0x55,0x0a,0x00,0x00,0x48,0x05,0x00,0x00,
0x7c,0x00,0x04,0x00,0x32,0x00,0x00,0x00,0x68,0x0b,0x00,0x00,0x55,0x0a,0x00,0x00,
0x6f,0x00,0x04,0x00,0x38,0x00,0x00,0x00,0x69,0x0b,0x00,0x00,0x68,0x0b,0x00,0x00,
0x6e,0x00,0x04,0x00,0x32,0x00,0x00,0x00,0x90,0x0b,0x00,0x00,0x69,0x0b,0x00,0x00,
0x41,0x00,0x05,0x00,0x8c,0x01,0x00,0x00,0xaf,0x0b,0x00,0x00,0x8b,0x01,0x00,0x00,
0x4c,0x01,0x00,0x00,0x3d,0x00,0x04,0x00,0x32,0x00,0x00,0x00,0xb0,0x0b,0x00,0x00,
0xaf,0x0b,0x00,0x00,0x51,0x00,0x05,0x00,0x1a,0x00,0x00,0x00,0xc0,0x0b,0x00,0x00,
0xb0,0x0b,0x00,0x00,0x00,0x00,0x00,0x00,0x82,0x00,0x05,0x00,0x1a,0x00,0x00,0x00,
0xc1,0x0b,0x00,0x00,0xc0,0x0b,0x00,0x00,0x91,0x01,0x00,0x00,0x51,0x00,0x05,0x00,
0x1a,0x00,0x00,0x00,0xc3,0x0b,0x00,0x00,0x90,0x0b,0x00,0x00,0x00,0x00,0x00,0x00,
0x0c,0x00,0x07,0x00,0x1a,0x00,0x00,0x00,0xd4,0x0b,0x00,0x00,0x01,0x00,0x00,0x00,
0x27,0x00,0x00,0x00,0xc3,0x0b,0x00,0x00,0xc1,0x0b,0x00,0x00,0x0c,0x00,0x07,0x00,
0x1a,0x00,0x00,0x00,0xd9,0x0b,0x00,0x00,0x01,0x00,0x00,0x00,0x2a,0x00,0x00,0x00,
0x4c,0x01,0x00,0x00,0xd4,0x0b,0x00,0x00,0x51,0x00,0x05,0x00,0x1a,0x00,0x00,0x00,
0xc8,0x0b,0x00,0x00,0xb0,0x0b,0x00,0x00,0x01,0x00,0x00,0x00,0x82,0x00,0x05,0x00,
0x1a,0x00,0x00,0x00,0xc9,0x0b,0x00,0x00,0xc8,0x0b,0x00,0x00,0x91,0x01,0x00,0x00,
0x51,0x00,0x05,0x00,0x1a,0x00,0x00,0x00,0xcb,0x0b,0x00,0x00,0x90,0x0b,0x00,0x00,
0x01,0x00,0x00,0x00,0x0c,0x00,0x07,0x00,0x1a,0x00,0x00,0x00,0xde,0x0b,0x00,0x00,
0x01,0x00,0x00,0x00,0x27,0x00,0x00,0x00,0xcb,0x0b,0x00,0x00,0xc9,0x0b,0x00,0x00,
0x0c,0x00,0x07,0x00,0x1a,0x00,0x00,0x00,0xe3,0x0b,0x00,0x00,0x01,0x00,0x00,0x00,
0x2a,0x00,0x00,0x00,0x4c,0x01,0x00,0x00,0xde,0x0b,0x00,0x00,0x50,0x00,0x05,0x00,
0x32,0x00,0x00,0x00,0xc6,0x77,0x00,0x00,0xd9,0x0b,0x00,0x00,0xe3,0x0b,0x00,0x00,
0x3d,0x00,0x04,0x00,0xb9,0x01,0x00,0x00,0xe6,0x0b,0x00,0x00,0xca,0x01,0x00,0x00,
0x5f,0x00,0x07,0x00,0x9f,0x00,0x00,0x00,0xe8,0x0b,0x00,0x00,0xe6,0x0b,0x00,0x00,
0xc6,0x77,0x00,0x00,0x02,0x00,0x00,0x00,0x4c,0x01,0x00,0x00,0x4f,0x00,0x07,0x00,
0x38,0x00,0x00,0x00,0xe9,0x0b,0x00,0x00,0xe8,0x0b,0x00,0x00,0xe8,0x0b,0x00,0x00,
0x00,0x00,0x00,0x00,0x01,0x00,0x00,0x00,0x6f,0x00,0x04,0x00,0x38,0x00,0x00,0x00,
0x96,0x0b,0x00,0x00,0xc6,0x77,0x00,0x00,0x81,0x00,0x05,0x00,0x38,0x00,0x00,0x00,
0x98,0x0b,0x00,0x00,0x96,0x0b,0x00,0x00,0xc7,0x77,0x00,0x00,0x6f,0x00,0x04,0x00,
0x38,0x00,0x00,0x00,0x9a,0x0b,0x00,0x00,0xb0,0x0b,0x00,0x00,0x88,0x00,0x05,0x00,
0x38,0x00,0x00,0x00,0x9b,0x0b,0x00,0x00,0x98,0x0b,0x00,0x00,0x9a,0x0b,0x00,0x00,
0x3e,0x00,0x03,0x00,0x0e,0x0c,0x00,0x00,0xdf,0x03,0x00,0x00,0x41,0x00,0x05,0x00,
0x97,0x01,0x00,0x00,0x48,0x0c,0x00,0x00,0x8b,0x01,0x00,0x00,0x96,0x01,0x00,0x00,
0x3d,0x00,0x04,0x00,0x38,0x00,0x00,0x00,0x49,0x0c,0x00,0x00,0x48,0x0c,0x00,0x00,
0x88,0x00,0x05,0x00,0x38,0x00,0x00,0x00,0x1c,0x0c,0x00,0x00,0x49,0x0c,0x00,0x00,
0x9a,0x0b,0x00,0x00,0x81,0x00,0x05,0x00,0x38,0x00,0x00,0x00,0x1d,0x0c,0x00,0x00,
0x9b,0x0b,0x00,0x00,0x1c,0x0c,0x00,0x00,0x85,0x00,0x05,0x00,0x38,0x00,0x00,0x00,
0x21,0x0c,0x00,0x00,0x1d,0x0c,0x00,0x00,0x9a,0x0b,0x00,0x00,0x0c,0x00,0x06,0x00,
0x38,0x00,0x00,0x00,0x22,0x0c,0x00,0x00,0x01,0x00,0x00,0x00,0x08,0x00,0x00,0x00,
0x21,0x0c,0x00,0x00,0x6e,0x00,0x04,0x00,0x32,0x00,0x00,0x00,0x23,0x0c,0x00,0x00,
0x22,0x0c,0x00,0x00,0xf9,0x00,0x02,0x00,0x24,0x0c,0x00,0x00,0xf8,0x00,0x02,0x00,
0x24,0x0c,0x00,0x00,0xf5,0x00,0x07,0x00,0x1a,0x00,0x00,0x00,0xfe,0x77,0x00,0x00,
0x4c,0x01,0x00,0x00,0x3d,0x0a,0x00,0x00,0x43,0x0c,0x00,0x00,0x41,0x0c,0x00,0x00,
0xb1,0x00,0x05,0x00,0x6e,0x00,0x00,0x00,0x27,0x0c,0x00,0x00,0xfe,0x77,0x00,0x00,
0x7d,0x03,0x00,0x00,0xf6,0x00,0x04,0x00,0x44,0x0c,0x00,0x00,0x41,0x0c,0x00,0x00,
0x00,0x00,0x00,0x00,0xfa,0x00,0x04,0x00,0x27,0x0c,0x00,0x00,0x28,0x0c,0x00,0x00,
0x44,0x0c,0x00,0x00,0xf8,0x00,0x02,0x00,0x28,0x0c,0x00,0x00,0x41,0x00,0x05,0x00,
0x49,0x00,0x00,0x00,0x2c,0x0c,0x00,0x00,0x0e,0x0c,0x00,0x00,0xfe,0x77,0x00,0x00,
0x3d,0x00,0x04,0x00,0x32,0x00,0x00,0x00,0x2d,0x0c,0x00,0x00,0x2c,0x0c,0x00,0x00,
0x80,0x00,0x05,0x00,0x32,0x00,0x00,0x00,0x63,0x0c,0x00,0x00,0x23,0x0c,0x00,0x00,
0x2d,0x0c,0x00,0x00,0x51,0x00,0x05,0x00,0x1a,0x00,0x00,0x00,0x68,0x0c,0x00,0x00,
0x63,0x0c,0x00,0x00,0x00,0x00,0x00,0x00,0x0c,0x00,0x07,0x00,0x1a,0x00,0x00,0x00,
0x79,0x0c,0x00,0x00,0x01,0x00,0x00,0x00,0x27,0x00,0x00,0x00,0x68,0x0c,0x00,0x00,
0xc1,0x0b,0x00,0x00,0x0c,0x00,0x07,0x00,0x1a,0x00,0x00,0x00,0x7e,0x0c,0x00,0x00,
0x01,0x00,0x00,0x00,0x2a,0x00,0x00,0x00,0x4c,0x01,0x00,0x00,0x79,0x0c,0x00,0x00,
0x51,0x00,0x05,0x00,0x1a,0x00,0x00,0x00,0x70,0x0c,0x00,0x00,0x63,0x0c,0x00,0x00,
0x01,0x00,0x00,0x00,0x0c,0x00,0x07,0x00,0x1a,0x00,0x00,0x00,0x83,0x0c,0x00,0x00,
0x01,0x00,0x00,0x00,0x27,0x00,0x00,0x00,0x70,0x0c,0x00,0x00,0xc9,0x0b,0x00,0x00,
0x0c,0x00,0x07,0x00,0x1a,0x00,0x00,0x00,0x88,0x0c,0x00,0x00,0x01,0x00,0x00,0x00,
0x2a,0x00,0x00,0x00,0x4c,0x01,0x00,0x00,0x83,0x0c,0x00,0x00,0x50,0x00,0x05,0x00,
0x32,0x00,0x00,0x00,0xfd,0x77,0x00,0x00,0x7e,0x0c,0x00,0x00,0x88,0x0c,0x00,0x00,
0x3d,0x00,0x04,0x00,0xb9,0x01,0x00,0x00,0x8b,0x0c,0x00,0x00,0xbb,0x01,0x00,0x00,
0x5f,0x00,0x07,0x00,0x9f,0x00,0x00,0x00,0x8d,0x0c,0x00,0x00,0x8b,0x0c,0x00,0x00,
0xfd,0x77,0x00,0x00,0x02,0x00,0x00,0x00,0x4c,0x01,0x00,0x00,0x51,0x00,0x05,0x00,
0x13,0x00,0x00,0x00,0x8e,0x0c,0x00,0x00,0x8d,0x0c,0x00,0x00,0x00,0x00,0x00,0x00,
0x3d,0x00,0x04,0x00,0xb9,0x01,0x00,0x00,0x92,0x0c,0x00,0x00,0xd2,0x01,0x00,0x00,
0x5f,0x00,0x07,0x00,0x9f,0x00,0x00,0x00,0x93,0x0c,0x00,0x00,0x92,0x0c,0x00,0x00,
0xd4,0x01,0x00,0x00,0x02,0x00,0x00,0x00,0x4c,0x01,0x00,0x00,0x51,0x00,0x05,0x00,
0x13,0x00,0x00,0x00,0x94,0x0c,0x00,0x00,0x93,0x0c,0x00,0x00,0x00,0x00,0x00,0x00,
0xb4,0x00,0x05,0x00,0x6e,0x00,0x00,0x00,0x96,0x0c,0x00,0x00,0x94,0x0c,0x00,0x00,
0xd8,0x01,0x00,0x00,0xf9,0x00,0x02,0x00,0x98,0x0c,0x00,0x00,0xf8,0x00,0x02,0x00,
0x98,0x0c,0x00,0x00,0xa9,0x00,0x06,0x00,0x13,0x00,0x00,0x00,0x1e,0x7c,0x00,0x00,
0x96,0x0c,0x00,0x00,0xdc,0x01,0x00,0x00,0x94,0x0c,0x00,0x00,0x85,0x00,0x05,0x00,
0x13,0x00,0x00,0x00,0x33,0x0c,0x00,0x00,0x8e,0x0c,0x00,0x00,0x1e,0x7c,0x00,0x00,
0x41,0x00,0x05,0x00,0x14,0x00,0x00,0x00,0x4a,0x6e,0x00,0x00,0x49,0x6e,0x00,0x00,
0xfe,0x77,0x00,0x00,0x3e,0x00,0x03,0x00,0x4a,0x6e,0x00,0x00,0x33,0x0c,0x00,0x00,
0x3d,0x00,0x04,0x00,0x13,0x00,0x00,0x00,0x38,0x0c,0x00,0x00,0x4a,0x6e,0x00,0x00,
0x0c,0x00,0x07,0x00,0x13,0x00,0x00,0x00,0x9e,0x0c,0x00,0x00,0x01,0x00,0x00,0x00,
0x1a,0x00,0x00,0x00,0x38,0x0c,0x00,0x00,0xdc,0x01,0x00,0x00,0x3e,0x00,0x03,0x00,
0x4a,0x6e,0x00,0x00,0x9e,0x0c,0x00,0x00,0x3d,0x00,0x04,0x00,0x13,0x00,0x00,0x00,
0x3e,0x0c,0x00,0x00,0x4a,0x6e,0x00,0x00,0x0c,0x00,0x07,0x00,0x13,0x00,0x00,0x00,
0xa3,0x0c,0x00,0x00,0x01,0x00,0x00,0x00,0x28,0x00,0x00,0x00,0x3e,0x0c,0x00,0x00,
0x8d,0x03,0x00,0x00,0x3e,0x00,0x03,0x00,0x4a,0x6e,0x00,0x00,0xa3,0x0c,0x00,0x00,
0xf9,0x00,0x02,0x00,0x41,0x0c,0x00,0x00,0xf8,0x00,0x02,0x00,0x41,0x0c,0x00,0x00,
0x80,0x00,0x05,0x00,0x1a,0x00,0x00,0x00,0x43,0x0c,0x00,0x00,0xfe,0x77,0x00,0x00,
0x91,0x01,0x00,0x00,0xf9,0x00,0x02,0x00,0x24,0x0c,0x00,0x00,0xf8,0x00,0x02,0x00,
0x44,0x0c,0x00,0x00,0x3d,0x00,0x04,0x00,0x82,0x00,0x00,0x00,0x4f,0x6e,0x00,0x00,
0x49,0x6e,0x00,0x00,0x3e,0x00,0x03,0x00,0xad,0x0c,0x00,0x00,0xdf,0x03,0x00,0x00,
0x41,0x00,0x05,0x00,0x97,0x01,0x00,0x00,0xf2,0x0c,0x00,0x00,0x8b,0x01,0x00,0x00,
0x9c,0x01,0x00,0x00,0x3d,0x00,0x04,0x00,0x38,0x00,0x00,0x00,0xf3,0x0c,0x00,0x00,
0xf2,0x0c,0x00,0x00,0x41,0x00,0x05,0x00,0x8c,0x01,0x00,0x00,0xf6,0x0c,0x00,0x00,
0x8b,0x01,0x00,0x00,0x91,0x01,0x00,0x00,0x3d,0x00,0x04,0x00,0x32,0x00,0x00,0x00,
0xf7,0x0c,0x00,0x00,0xf6,0x0c,0x00,0x00,0x6f,0x00,0x04,0x00,0x38,0x00,0x00,0x00,
0xb9,0x0c,0x00,0x00,0xf7,0x0c,0x00,0x00,0x88,0x00,0x05,0x00,0x38,0x00,0x00,0x00,
0xba,0x0c,0x00,0x00,0xf3,0x0c,0x00,0x00,0xb9,0x0c,0x00,0x00,0x81,0x00,0x05,0x00,
0x38,0x00,0x00,0x00,0xbb,0x0c,0x00,0x00,0x9b,0x0b,0x00,0x00,0xba,0x0c,0x00,0x00,
0x81,0x00,0x05,0x00,0x38,0x00,0x00,0x00,0xbe,0x0c,0x00,0x00,0xbb,0x0c,0x00,0x00,
0xe9,0x0b,0x00,0x00,0x51,0x00,0x05,0x00,0x13,0x00,0x00,0x00,0xfb,0x0c,0x00,0x00,
0xbe,0x0c,0x00,0x00,0x00,0x00,0x00,0x00,0xbe,0x00,0x05,0x00,0x6e,0x00,0x00,0x00,
0xfc,0x0c,0x00,0x00,0xfb,0x0c,0x00,0x00,0xd8,0x01,0x00,0x00,0xf7,0x00,0x03,0x00,
0x01,0x0d,0x00,0x00,0x00,0x00,0x00,0x00,0xfa,0x00,0x04,0x00,0xfc,0x0c,0x00,0x00,
0xfd,0x0c,0x00,0x00,0x01,0x0d,0x00,0x00,0xf8,0x00,0x02,0x00,0xfd,0x0c,0x00,0x00,
0xbc,0x00,0x05,0x00,0x6e,0x00,0x00,0x00,0x00,0x0d,0x00,0x00,0xfb,0x0c,0x00,0x00,
0xdc,0x01,0x00,0x00,0xf9,0x00,0x02,0x00,0x01,0x0d,0x00,0x00,0xf8,0x00,0x02,0x00,
0x01,0x0d,0x00,0x00,0xf5,0x00,0x07,0x00,0x6e,0x00,0x00,0x00,0x02,0x0d,0x00,0x00,
0xfc,0x0c,0x00,0x00,0x44,0x0c,0x00,0x00,0x00,0x0d,0x00,0x00,0xfd,0x0c,0x00,0x00,
0xf7,0x00,0x03,0x00,0x0d,0x0d,0x00,0x00,0x00,0x00,0x00,0x00,0xfa,0x00,0x04,0x00,
0x02,0x0d,0x00,0x00,0x03,0x0d,0x00,0x00,0x0d,0x0d,0x00,0x00,0xf8,0x00,0x02,0x00,
0x03,0x0d,0x00,0x00,0x51,0x00,0x05,0x00,0x13,0x00,0x00,0x00,0x05,0x0d,0x00,0x00,
0xbe,0x0c,0x00,0x00,0x01,0x00,0x00,0x00,0xbe,0x00,0x05,0x00,0x6e,0x00,0x00,0x00,
0x06,0x0d,0x00,0x00,0x05,0x0d,0x00,0x00,0xd8,0x01,0x00,0x00,0xf7,0x00,0x03,0x00,
0x0b,0x0d,0x00,0x00,0x00,0x00,0x00,0x00,0xfa,0x00,0x04,0x00,0x06,0x0d,0x00,0x00,
0x07,0x0d,0x00,0x00,0x0b,0x0d,0x00,0x00,0xf8,0x00,0x02,0x00,0x07,0x0d,0x00,0x00,
0xbc,0x00,0x05,0x00,0x6e,0x00,0x00,0x00,0x0a,0x0d,0x00,0x00,0x05,0x0d,0x00,0x00,
0xdc,0x01,0x00,0x00,0xf9,0x00,0x02,0x00,0x0b,0x0d,0x00,0x00,0xf8,0x00,0x02,0x00,
0x0b,0x0d,0x00,0x00,0xf5,0x00,0x07,0x00,0x6e,0x00,0x00,0x00,0x0c,0x0d,0x00,0x00,
0x06,0x0d,0x00,0x00,0x03,0x0d,0x00,0x00,0x0a,0x0d,0x00,0x00,0x07,0x0d,0x00,0x00,
0xf9,0x00,0x02,0x00,0x0d,0x0d,0x00,0x00,0xf8,0x00,0x02,0x00,0x0d,0x0d,0x00,0x00,
0xf5,0x00,0x07,0x00,0x6e,0x00,0x00,0x00,0x0e,0x0d,0x00,0x00,0x02,0x0d,0x00,0x00,
0x01,0x0d,0x00,0x00,0x0c,0x0d,0x00,0x00,0x0b,0x0d,0x00,0x00,0xf7,0x00,0x03,0x00,
0xee,0x0c,0x00,0x00,0x00,0x00,0x00,0x00,0xfa,0x00,0x04,0x00,0x0e,0x0d,0x00,0x00,
0xc4,0x0c,0x00,0x00,0xee,0x0c,0x00,0x00,0xf8,0x00,0x02,0x00,0xc4,0x0c,0x00,0x00,
0x85,0x00,0x05,0x00,0x38,0x00,0x00,0x00,0xc8,0x0c,0x00,0x00,0xbe,0x0c,0x00,0x00,
0xb9,0x0c,0x00,0x00,0x0c,0x00,0x06,0x00,0x38,0x00,0x00,0x00,0xc9,0x0c,0x00,0x00,
0x01,0x00,0x00,0x00,0x08,0x00,0x00,0x00,0xc8,0x0c,0x00,0x00,0x6e,0x00,0x04,0x00,
0x32,0x00,0x00,0x00,0xca,0x0c,0x00,0x00,0xc9,0x0c,0x00,0x00,0xf9,0x00,0x02,0x00,
0xcb,0x0c,0x00,0x00,0xf8,0x00,0x02,0x00,0xcb,0x0c,0x00,0x00,0xf5,0x00,0x07,0x00,
0x1a,0x00,0x00,0x00,0xff,0x77,0x00,0x00,0x4c,0x01,0x00,0x00,0xc4,0x0c,0x00,0x00,
0xec,0x0c,0x00,0x00,0xea,0x0c,0x00,0x00,0xb1,0x00,0x05,0x00,0x6e,0x00,0x00,0x00,
0xce,0x0c,0x00,0x00,0xff,0x77,0x00,0x00,0x7d,0x03,0x00,0x00,0xf6,0x00,0x04,0x00,
0xed,0x0c,0x00,0x00,0xea,0x0c,0x00,0x00,0x00,0x00,0x00,0x00,0xfa,0x00,0x04,0x00,
0xce,0x0c,0x00,0x00,0xcf,0x0c,0x00,0x00,0xed,0x0c,0x00,0x00,0xf8,0x00,0x02,0x00,
0xcf,0x0c,0x00,0x00,0x41,0x00,0x05,0x00,0x49,0x00,0x00,0x00,0xd3,0x0c,0x00,0x00,
0xad,0x0c,0x00,0x00,0xff,0x77,0x00,0x00,0x3d,0x00,0x04,0x00,0x32,0x00,0x00,0x00,
0xd4,0x0c,0x00,0x00,0xd3,0x0c,0x00,0x00,0x80,0x00,0x05,0x00,0x32,0x00,0x00,0x00,
0x24,0x0d,0x00,0x00,0xca,0x0c,0x00,0x00,0xd4,0x0c,0x00,0x00,0x51,0x00,0x05,0x00,
0x1a,0x00,0x00,0x00,0x26,0x0d,0x00,0x00,0xf7,0x0c,0x00,0x00,0x00,0x00,0x00,0x00,
0x82,0x00,0x05,0x00,0x1a,0x00,0x00,0x00,0x27,0x0d,0x00,0x00,0x26,0x0d,0x00,0x00,
0x91,0x01,0x00,0x00,0x51,0x00,0x05,0x00,0x1a,0x00,0x00,0x00,0x29,0x0d,0x00,0x00,
0x24,0x0d,0x00,0x00,0x00,0x00,0x00,0x00,0x0c,0x00,0x07,0x00,0x1a,0x00,0x00,0x00,
0x3a,0x0d,0x00,0x00,0x01,0x00,0x00,0x00,0x27,0x00,0x00,0x00,0x29,0x0d,0x00,0x00,
0x27,0x0d,0x00,0x00,0x0c,0x00,0x07,0x00,0x1a,0x00,0x00,0x00,0x3f,0x0d,0x00,0x00,
0x01,0x00,0x00,0x00,0x2a,0x00,0x00,0x00,0x4c,0x01,0x00,0x00,0x3a,0x0d,0x00,0x00,
0x51,0x00,0x05,0x00,0x1a,0x00,0x00,0x00,0x2e,0x0d,0x00,0x00,0xf7,0x0c,0x00,0x00,
0x01,0x00,0x00,0x00,0x82,0x00,0x05,0x00,0x1a,0x00,0x00,0x00,0x2f,0x0d,0x00,0x00,
0x2e,0x0d,0x00,0x00,0x91,0x01,0x00,0x00,0x51,0x00,0x05,0x00,0x1a,0x00,0x00,0x00,
0x31,0x0d,0x00,0x00,0x24,0x0d,0x00,0x00,0x01,0x00,0x00,0x00,0x0c,0x00,0x07,0x00,
0x1a,0x00,0x00,0x00,0x44,0x0d,0x00,0x00,0x01,0x00,0x00,0x00,0x27,0x00,0x00,0x00,
0x31,0x0d,0x00,0x00,0x2f,0x0d,0x00,0x00,0x0c,0x00,0x07,0x00,0x1a,0x00,0x00,0x00,
0x49,0x0d,0x00,0x00,0x01,0x00,0x00,0x00,0x2a,0x00,0x00,0x00,0x4c,0x01,0x00,0x00,
0x44,0x0d,0x00,0x00,0x50,0x00,0x05,0x00,0x32,0x00,0x00,0x00,0xfc,0x77,0x00,0x00,
0x3f,0x0d,0x00,0x00,0x49,0x0d,0x00,0x00,0x3d,0x00,0x04,0x00,0xb9,0x01,0x00,0x00,
0x4c,0x0d,0x00,0x00,0xc3,0x01,0x00,0x00,0x5f,0x00,0x07,0x00,0x9f,0x00,0x00,0x00,
0x4e,0x0d,0x00,0x00,0x4c,0x0d,0x00,0x00,0xfc,0x77,0x00,0x00,0x02,0x00,0x00,0x00,
0x4c,0x01,0x00,0x00,0x51,0x00,0x05,0x00,0x13,0x00,0x00,0x00,0x4f,0x0d,0x00,0x00,
0x4e,0x0d,0x00,0x00,0x00,0x00,0x00,0x00,0x41,0x00,0x05,0x00,0xa2,0x01,0x00,0x00,
0x52,0x0d,0x00,0x00,0x8b,0x01,0x00,0x00,0xa1,0x01,0x00,0x00,0x3d,0x00,0x04,0x00,
0x13,0x00,0x00,0x00,0x53,0x0d,0x00,0x00,0x52,0x0d,0x00,0x00,0x85,0x00,0x05,0x00,
0x13,0x00,0x00,0x00,0xda,0x0c,0x00,0x00,0x4f,0x0d,0x00,0x00,0x53,0x0d,0x00,0x00,
0x3d,0x00,0x04,0x00,0xb9,0x01,0x00,0x00,0x57,0x0d,0x00,0x00,0xd2,0x01,0x00,0x00,
0x5f,0x00,0x07,0x00,0x9f,0x00,0x00,0x00,0x58,0x0d,0x00,0x00,0x57,0x0d,0x00,0x00,
0xd4,0x01,0x00,0x00,0x02,0x00,0x00,0x00,0x4c,0x01,0x00,0x00,0x51,0x00,0x05,0x00,
0x13,0x00,0x00,0x00,0x59,0x0d,0x00,0x00,0x58,0x0d,0x00,0x00,0x00,0x00,0x00,0x00,
0xb4,0x00,0x05,0x00,0x6e,0x00,0x00,0x00,0x5b,0x0d,0x00,0x00,0x59,0x0d,0x00,0x00,
0xd8,0x01,0x00,0x00,0xf9,0x00,0x02,0x00,0x5d,0x0d,0x00,0x00,0xf8,0x00,0x02,0x00,
0x5d,0x0d,0x00,0x00,0xa9,0x00,0x06,0x00,0x13,0x00,0x00,0x00,0x1f,0x7c,0x00,0x00,
0x5b,0x0d,0x00,0x00,0xdc,0x01,0x00,0x00,0x59,0x0d,0x00,0x00,0x85,0x00,0x05,0x00,
0x13,0x00,0x00,0x00,0xdc,0x0c,0x00,0x00,0xda,0x0c,0x00,0x00,0x1f,0x7c,0x00,0x00,
0x41,0x00,0x05,0x00,0x14,0x00,0x00,0x00,0x46,0x73,0x00,0x00,0x45,0x73,0x00,0x00,
0xff,0x77,0x00,0x00,0x3e,0x00,0x03,0x00,0x46,0x73,0x00,0x00,0xdc,0x0c,0x00,0x00,
0x3d,0x00,0x04,0x00,0x13,0x00,0x00,0x00,0xe1,0x0c,0x00,0x00,0x46,0x73,0x00,0x00,
0x0c,0x00,0x07,0x00,0x13,0x00,0x00,0x00,0x63,0x0d,0x00,0x00,0x01,0x00,0x00,0x00,
0x1a,0x00,0x00,0x00,0xe1,0x0c,0x00,0x00,0xdc,0x01,0x00,0x00,0x3e,0x00,0x03,0x00,
0x46,0x73,0x00,0x00,0x63,0x0d,0x00,0x00,0x3d,0x00,0x04,0x00,0x13,0x00,0x00,0x00,
0xe7,0x0c,0x00,0x00,0x46,0x73,0x00,0x00,0x0c,0x00,0x07,0x00,0x13,0x00,0x00,0x00,
0x68,0x0d,0x00,0x00,0x01,0x00,0x00,0x00,0x28,0x00,0x00,0x00,0xe7,0x0c,0x00,0x00,
0x8d,0x03,0x00,0x00,0x3e,0x00,0x03,0x00,0x46,0x73,0x00,0x00,0x68,0x0d,0x00,0x00,
0xf9,0x00,0x02,0x00,0xea,0x0c,0x00,0x00,0xf8,0x00,0x02,0x00,0xea,0x0c,0x00,0x00,
0x80,0x00,0x05,0x00,0x1a,0x00,0x00,0x00,0xec,0x0c,0x00,0x00,0xff,0x77,0x00,0x00,
0x91,0x01,0x00,0x00,0xf9,0x00,0x02,0x00,0xcb,0x0c,0x00,0x00,0xf8,0x00,0x02,0x00,
0xed,0x0c,0x00,0x00,0xf9,0x00,0x02,0x00,0xee,0x0c,0x00,0x00,0xf8,0x00,0x02,0x00,
0xee,0x0c,0x00,0x00,0x3d,0x00,0x04,0x00,0x82,0x00,0x00,0x00,0x4b,0x73,0x00,0x00,
0x45,0x73,0x00,0x00,0xf7,0x00,0x03,0x00,0x06,0x0c,0x00,0x00,0x00,0x00,0x00,0x00,
0xfa,0x00,0x04,0x00,0x0e,0x0d,0x00,0x00,0x00,0x0c,0x00,0x00,0x06,0x0c,0x00,0x00,
0xf8,0x00,0x02,0x00,0x00,0x0c,0x00,0x00,0x51,0x00,0x05,0x00,0x13,0x00,0x00,0x00,
0x2a,0x73,0x00,0x00,0x4f,0x6e,0x00,0x00,0x00,0x00,0x00,0x00,0x51,0x00,0x05,0x00,
0x13,0x00,0x00,0x00,0x2b,0x73,0x00,0x00,0x4f,0x6e,0x00,0x00,0x01,0x00,0x00,0x00,
0x51,0x00,0x05,0x00,0x13,0x00,0x00,0x00,0x2c,0x73,0x00,0x00,0x4f,0x6e,0x00,0x00,
0x02,0x00,0x00,0x00,0x51,0x00,0x05,0x00,0x13,0x00,0x00,0x00,0x2d,0x73,0x00,0x00,
0x4f,0x6e,0x00,0x00,0x03,0x00,0x00,0x00,0x51,0x00,0x05,0x00,0x13,0x00,0x00,0x00,
0x2e,0x73,0x00,0x00,0x4f,0x6e,0x00,0x00,0x04,0x00,0x00,0x00,0x0c,0x00,0x07,0x00,
0x13,0x00,0x00,0x00,0x70,0x0e,0x00,0x00,0x01,0x00,0x00,0x00,0x25,0x00,0x00,0x00,
0x2a,0x73,0x00,0x00,0x2d,0x73,0x00,0x00,0x0c,0x00,0x07,0x00,0x13,0x00,0x00,0x00,
0x75,0x0e,0x00,0x00,0x01,0x00,0x00,0x00,0x28,0x00,0x00,0x00,0x2a,0x73,0x00,0x00,
0x2d,0x73,0x00,0x00,0x0c,0x00,0x07,0x00,0x13,0x00,0x00,0x00,0x7a,0x0e,0x00,0x00,
0x01,0x00,0x00,0x00,0x25,0x00,0x00,0x00,0x2b,0x73,0x00,0x00,0x2e,0x73,0x00,0x00,
0x0c,0x00,0x07,0x00,0x13,0x00,0x00,0x00,0x7f,0x0e,0x00,0x00,0x01,0x00,0x00,0x00,
0x28,0x00,0x00,0x00,0x2b,0x73,0x00,0x00,0x2e,0x73,0x00,0x00,0x0c,0x00,0x07,0x00,
0x13,0x00,0x00,0x00,0x84,0x0e,0x00,0x00,0x01,0x00,0x00,0x00,0x25,0x00,0x00,0x00,
0x70,0x0e,0x00,0x00,0x2c,0x73,0x00,0x00,0x0c,0x00,0x07,0x00,0x13,0x00,0x00,0x00,
0x89,0x0e,0x00,0x00,0x01,0x00,0x00,0x00,0x28,0x00,0x00,0x00,0x70,0x0e,0x00,0x00,
0x2c,0x73,0x00,0x00,0x0c,0x00,0x07,0x00,0x13,0x00,0x00,0x00,0x8e,0x0e,0x00,0x00,
0x01,0x00,0x00,0x00,0x25,0x00,0x00,0x00,0x7a,0x0e,0x00,0x00,0x75,0x0e,0x00,0x00,
0x0c,0x00,0x07,0x00,0x13,0x00,0x00,0x00,0x93,0x0e,0x00,0x00,0x01,0x00,0x00,0x00,
0x28,0x00,0x00,0x00,0x7a,0x0e,0x00,0x00,0x75,0x0e,0x00,0x00,0x0c,0x00,0x07,0x00,
0x13,0x00,0x00,0x00,0x98,0x0e,0x00,0x00,0x01,0x00,0x00,0x00,0x25,0x00,0x00,0x00,
0x84,0x0e,0x00,0x00,0x8e,0x0e,0x00,0x00,0x0c,0x00,0x07,0x00,0x13,0x00,0x00,0x00,
0x9d,0x0e,0x00,0x00,0x01,0x00,0x00,0x00,0x28,0x00,0x00,0x00,0x84,0x0e,0x00,0x00,
0x8e,0x0e,0x00,0x00,0x0c,0x00,0x07,0x00,0x13,0x00,0x00,0x00,0xa2,0x0e,0x00,0x00,
0x01,0x00,0x00,0x00,0x25,0x00,0x00,0x00,0x89,0x0e,0x00,0x00,0x7f,0x0e,0x00,0x00,
0x0c,0x00,0x07,0x00,0x13,0x00,0x00,0x00,0xa7,0x0e,0x00,0x00,0x01,0x00,0x00,0x00,
0x28,0x00,0x00,0x00,0x89,0x0e,0x00,0x00,0x7f,0x0e,0x00,0x00,0x0c,0x00,0x07,0x00,
0x13,0x00,0x00,0x00,0xac,0x0e,0x00,0x00,0x01,0x00,0x00,0x00,0x25,0x00,0x00,0x00,
0x9d,0x0e,0x00,0x00,0xa2,0x0e,0x00,0x00,0x0c,0x00,0x07,0x00,0x13,0x00,0x00,0x00,
0xb1,0x0e,0x00,0x00,0x01,0x00,0x00,0x00,0x28,0x00,0x00,0x00,0x9d,0x0e,0x00,0x00,
0xa2,0x0e,0x00,0x00,0x0c,0x00,0x07,0x00,0x13,0x00,0x00,0x00,0xb6,0x0e,0x00,0x00,
0x01,0x00,0x00,0x00,0x25,0x00,0x00,0x00,0x93,0x0e,0x00,0x00,0xa7,0x0e,0x00,0x00,
0x0c,0x00,0x07,0x00,0x13,0x00,0x00,0x00,0xbb,0x0e,0x00,0x00,0x01,0x00,0x00,0x00,
0x28,0x00,0x00,0x00,0x93,0x0e,0x00,0x00,0xa7,0x0e,0x00,0x00,0x0c,0x00,0x07,0x00,
0x13,0x00,0x00,0x00,0xc0,0x0e,0x00,0x00,0x01,0x00,0x00,0x00,0x25,0x00,0x00,0x00,
0xb1,0x0e,0x00,0x00,0xb6,0x0e,0x00,0x00,0x0c,0x00,0x07,0x00,0x13,0x00,0x00,0x00,
0xc5,0x0e,0x00,0x00,0x01,0x00,0x00,0x00,0x28,0x00,0x00,0x00,0xb1,0x0e,0x00,0x00,
0xb6,0x0e,0x00,0x00,0x50,0x00,0x08,0x00,0x82,0x00,0x00,0x00,0x34,0x73,0x00,0x00,
0x98,0x0e,0x00,0x00,0xac,0x0e,0x00,0x00,0xc0,0x0e,0x00,0x00,0xc5,0x0e,0x00,0x00,
0xbb,0x0e,0x00,0x00,0x3e,0x00,0x03,0x00,0x5d,0x6e,0x00,0x00,0x34,0x73,0x00,0x00,
0x51,0x00,0x05,0x00,0x13,0x00,0x00,0x00,0x3a,0x73,0x00,0x00,0x4b,0x73,0x00,0x00,
0x00,0x00,0x00,0x00,0x51,0x00,0x05,0x00,0x13,0x00,0x00,0x00,0x3b,0x73,0x00,0x00,
0x4b,0x73,0x00,0x00,0x01,0x00,0x00,0x00,0x51,0x00,0x05,0x00,0x13,0x00,0x00,0x00,
0x3c,0x73,0x00,0x00,0x4b,0x73,0x00,0x00,0x02,0x00,0x00,0x00,0x51,0x00,0x05,0x00,
0x13,0x00,0x00,0x00,0x3d,0x73,0x00,0x00,0x4b,0x73,0x00,0x00,0x03,0x00,0x00,0x00,
0x51,0x00,0x05,0x00,0x13,0x00,0x00,0x00,0x3e,0x73,0x00,0x00,0x4b,0x73,0x00,0x00,
0x04,0x00,0x00,0x00,0x0c,0x00,0x07,0x00,0x13,0x00,0x00,0x00,0x6d,0x0f,0x00,0x00,
0x01,0x00,0x00,0x00,0x25,0x00,0x00,0x00,0x3a,0x73,0x00,0x00,0x3d,0x73,0x00,0x00,
0x0c,0x00,0x07,0x00,0x13,0x00,0x00,0x00,0x72,0x0f,0x00,0x00,0x01,0x00,0x00,0x00,
0x28,0x00,0x00,0x00,0x3a,0x73,0x00,0x00,0x3d,0x73,0x00,0x00,0x0c,0x00,0x07,0x00,
0x13,0x00,0x00,0x00,0x77,0x0f,0x00,0x00,0x01,0x00,0x00,0x00,0x25,0x00,0x00,0x00,
0x3b,0x73,0x00,0x00,0x3e,0x73,0x00,0x00,0x0c,0x00,0x07,0x00,0x13,0x00,0x00,0x00,
0x7c,0x0f,0x00,0x00,0x01,0x00,0x00,0x00,0x28,0x00,0x00,0x00,0x3b,0x73,0x00,0x00,
0x3e,0x73,0x00,0x00,0x0c,0x00,0x07,0x00,0x13,0x00,0x00,0x00,0x81,0x0f,0x00,0x00,
0x01,0x00,0x00,0x00,0x25,0x00,0x00,0x00,0x6d,0x0f,0x00,0x00,0x3c,0x73,0x00,0x00,
0x0c,0x00,0x07,0x00,0x13,0x00,0x00,0x00,0x86,0x0f,0x00,0x00,0x01,0x00,0x00,0x00,
0x28,0x00,0x00,0x00,0x6d,0x0f,0x00,0x00,0x3c,0x73,0x00,0x00,0x0c,0x00,0x07,0x00,
0x13,0x00,0x00,0x00,0x8b,0x0f,0x00,0x00,0x01,0x00,0x00,0x00,0x25,0x00,0x00,0x00,
0x77,0x0f,0x00,0x00,0x72,0x0f,0x00,0x00,0x0c,0x00,0x07,0x00,0x13,0x00,0x00,0x00,
0x90,0x0f,0x00,0x00,0x01,0x00,0x00,0x00,0x28,0x00,0x00,0x00,0x77,0x0f,0x00,0x00,
0x72,0x0f,0x00,0x00,0x0c,0x00,0x07,0x00,0x13,0x00,0x00,0x00,0x95,0x0f,0x00,0x00,
0x01,0x00,0x00,0x00,0x25,0x00,0x00,0x00,0x81,0x0f,0x00,0x00,0x8b,0x0f,0x00,0x00,
0x0c,0x00,0x07,0x00,0x13,0x00,0x00,0x00,0x9a,0x0f,0x00,0x00,0x01,0x00,0x00,0x00,
0x28,0x00,0x00,0x00,0x81,0x0f,0x00,0x00,0x8b,0x0f,0x00,0x00,0x0c,0x00,0x07,0x00,
0x13,0x00,0x00,0x00,0x9f,0x0f,0x00,0x00,0x01,0x00,0x00,0x00,0x25,0x00,0x00,0x00,
0x86,0x0f,0x00,0x00,0x7c,0x0f,0x00,0x00,0x0c,0x00,0x07,0x00,0x13,0x00,0x00,0x00,
0xa4,0x0f,0x00,0x00,0x01,0x00,0x00,0x00,0x28,0x00,0x00,0x00,0x86,0x0f,0x00,0x00,
0x7c,0x0f,0x00,0x00,0x0c,0x00,0x07,0x00,0x13,0x00,0x00,0x00,0xa9,0x0f,0x00,0x00,
0x01,0x00,0x00,0x00,0x25,0x00,0x00,0x00,0x9a,0x0f,0x00,0x00,0x9f,0x0f,0x00,0x00,
0x0c,0x00,0x07,0x00,0x13,0x00,0x00,0x00,0xae,0x0f,0x00,0x00,0x01,0x00,0x00,0x00,
0x28,0x00,0x00,0x00,0x9a,0x0f,0x00,0x00,0x9f,0x0f,0x00,0x00,0x0c,0x00,0x07,0x00,
0x13,0x00,0x00,0x00,0xb3,0x0f,0x00,0x00,0x01,0x00,0x00,0x00,0x25,0x00,0x00,0x00,
0x90,0x0f,0x00,0x00,0xa4,0x0f,0x00,0x00,0x0c,0x00,0x07,0x00,0x13,0x00,0x00,0x00,
0xb8,0x0f,0x00,0x00,0x01,0x00,0x00,0x00,0x28,0x00,0x00,0x00,0x90,0x0f,0x00,0x00,
0xa4,0x0f,0x00,0x00,0x0c,0x00,0x07,0x00,0x13,0x00,0x00,0x00,0xbd,0x0f,0x00,0x00,
0x01,0x00,0x00,0x00,0x25,0x00,0x00,0x00,0xae,0x0f,0x00,0x00,0xb3,0x0f,0x00,0x00,
0x0c,0x00,0x07,0x00,0x13,0x00,0x00,0x00,0xc2,0x0f,0x00,0x00,0x01,0x00,0x00,0x00,
0x28,0x00,0x00,0x00,0xae,0x0f,0x00,0x00,0xb3,0x0f,0x00,0x00,0x50,0x00,0x08,0x00,
0x82,0x00,0x00,0x00,0x44,0x73,0x00,0x00,0x95,0x0f,0x00,0x00,0xa9,0x0f,0x00,0x00,
0xbd,0x0f,0x00,0x00,0xc2,0x0f,0x00,0x00,0xb8,0x0f,0x00,0x00,0x3e,0x00,0x03,0x00,
0x67,0x6e,0x00,0x00,0x44,0x73,0x00,0x00,0x41,0x00,0x05,0x00,0x14,0x00,0x00,0x00,
0x62,0x6e,0x00,0x00,0x5d,0x6e,0x00,0x00,0xcd,0x02,0x00,0x00,0x3d,0x00,0x04,0x00,
0x13,0x00,0x00,0x00,0x7c,0x0d,0x00,0x00,0x62,0x6e,0x00,0x00,0x41,0x00,0x05,0x00,
0x14,0x00,0x00,0x00,0x6c,0x6e,0x00,0x00,0x67,0x6e,0x00,0x00,0xcd,0x02,0x00,0x00,
0x3d,0x00,0x04,0x00,0x13,0x00,0x00,0x00,0x7e,0x0d,0x00,0x00,0x6c,0x6e,0x00,0x00,
0x0c,0x00,0x07,0x00,0x13,0x00,0x00,0x00,0xc7,0x0f,0x00,0x00,0x01,0x00,0x00,0x00,
0x25,0x00,0x00,0x00,0x7c,0x0d,0x00,0x00,0x7e,0x0d,0x00,0x00,0xba,0x00,0x05,0x00,
0x6e,0x00,0x00,0x00,0x81,0x0d,0x00,0x00,0xc7,0x0f,0x00,0x00,0x72,0x03,0x00,0x00,
0xf7,0x00,0x03,0x00,0xc3,0x0d,0x00,0x00,0x00,0x00,0x00,0x00,0xfa,0x00,0x04,0x00,
0x81,0x0d,0x00,0x00,0x82,0x0d,0x00,0x00,0xc3,0x0d,0x00,0x00,0xf8,0x00,0x02,0x00,
0x82,0x0d,0x00,0x00,0xf9,0x00,0x02,0x00,0x83,0x0d,0x00,0x00,0xf8,0x00,0x02,0x00,
0x83,0x0d,0x00,0x00,0xf5,0x00,0x07,0x00,0x1a,0x00,0x00,0x00,0x23,0x7b,0x00,0x00,
0x4c,0x01,0x00,0x00,0x82,0x0d,0x00,0x00,0x1d,0x7c,0x00,0x00,0xbf,0x0d,0x00,0x00,
0xf5,0x00,0x07,0x00,0x1a,0x00,0x00,0x00,0x22,0x7b,0x00,0x00,0x4c,0x01,0x00,0x00,
0x82,0x0d,0x00,0x00,0x1c,0x7c,0x00,0x00,0xbf,0x0d,0x00,0x00,0xf5,0x00,0x07,0x00,
0x13,0x00,0x00,0x00,0x01,0x78,0x00,0x00,0x5e,0x03,0x00,0x00,0x82,0x0d,0x00,0x00,
0x2e,0x7b,0x00,0x00,0xbf,0x0d,0x00,0x00,0xf5,0x00,0x07,0x00,0x1a,0x00,0x00,0x00,
0x00,0x78,0x00,0x00,0x4c,0x01,0x00,0x00,0x82,0x0d,0x00,0x00,0xc1,0x0d,0x00,0x00,
0xbf,0x0d,0x00,0x00,0xb1,0x00,0x05,0x00,0x6e,0x00,0x00,0x00,0x86,0x0d,0x00,0x00,
0x00,0x78,0x00,0x00,0x7d,0x03,0x00,0x00,0xb8,0x00,0x05,0x00,0x6e,0x00,0x00,0x00,
0x88,0x0d,0x00,0x00,0x01,0x78,0x00,0x00,0x80,0x03,0x00,0x00,0xa7,0x00,0x05,0x00,
0x6e,0x00,0x00,0x00,0x89,0x0d,0x00,0x00,0x86,0x0d,0x00,0x00,0x88,0x0d,0x00,0x00,
0xf6,0x00,0x04,0x00,0xc2,0x0d,0x00,0x00,0xbf,0x0d,0x00,0x00,0x00,0x00,0x00,0x00,
0xfa,0x00,0x04,0x00,0x89,0x0d,0x00,0x00,0x8a,0x0d,0x00,0x00,0xc2,0x0d,0x00,0x00,
0xf8,0x00,0x02,0x00,0x8a,0x0d,0x00,0x00,0x41,0x00,0x05,0x00,0x14,0x00,0x00,0x00,
0x63,0x6e,0x00,0x00,0x5d,0x6e,0x00,0x00,0x22,0x7b,0x00,0x00,0x3d,0x00,0x04,0x00,
0x13,0x00,0x00,0x00,0x8d,0x0d,0x00,0x00,0x63,0x6e,0x00,0x00,0x41,0x00,0x05,0x00,
0x14,0x00,0x00,0x00,0x6d,0x6e,0x00,0x00,0x67,0x6e,0x00,0x00,0x23,0x7b,0x00,0x00,
0x3d,0x00,0x04,0x00,0x13,0x00,0x00,0x00,0x90,0x0d,0x00,0x00,0x6d,0x6e,0x00,0x00,
0x83,0x00,0x05,0x00,0x13,0x00,0x00,0x00,0x91,0x0d,0x00,0x00,0x8d,0x0d,0x00,0x00,
0x90,0x0d,0x00,0x00,0x0c,0x00,0x06,0x00,0x13,0x00,0x00,0x00,0x93,0x0d,0x00,0x00,
0x01,0x00,0x00,0x00,0x04,0x00,0x00,0x00,0x91,0x0d,0x00,0x00,0xba,0x00,0x05,0x00,
0x6e,0x00,0x00,0x00,0x94,0x0d,0x00,0x00,0x93,0x0d,0x00,0x00,0x8d,0x03,0x00,0x00,
0xf7,0x00,0x03,0x00,0xbe,0x0d,0x00,0x00,0x00,0x00,0x00,0x00,0xfa,0x00,0x04,0x00,
0x94,0x0d,0x00,0x00,0x95,0x0d,0x00,0x00,0xbd,0x0d,0x00,0x00,0xf8,0x00,0x02,0x00,
0xbd,0x0d,0x00,0x00,0xf9,0x00,0x02,0x00,0xbe,0x0d,0x00,0x00,0xf8,0x00,0x02,0x00,
0x95,0x0d,0x00,0x00,0x0c,0x00,0x06,0x00,0x13,0x00,0x00,0x00,0x97,0x0d,0x00,0x00,
0x01,0x00,0x00,0x00,0x06,0x00,0x00,0x00,0x91,0x0d,0x00,0x00,0x3d,0x00,0x04,0x00,
0x13,0x00,0x00,0x00,0x9a,0x0d,0x00,0x00,0x63,0x6e,0x00,0x00,0x3d,0x00,0x04,0x00,
0x13,0x00,0x00,0x00,0x9d,0x0d,0x00,0x00,0x6d,0x6e,0x00,0x00,0x0c,0x00,0x07,0x00,
0x13,0x00,0x00,0x00,0xde,0x0f,0x00,0x00,0x01,0x00,0x00,0x00,0x28,0x00,0x00,0x00,
0x9a,0x0d,0x00,0x00,0x9d,0x0d,0x00,0x00,0xb7,0x00,0x05,0x00,0x6e,0x00,0x00,0x00,
0xd2,0x0f,0x00,0x00,0xde,0x0f,0x00,0x00,0xd8,0x01,0x00,0x00,0xf7,0x00,0x03,0x00,
0xd8,0x0f,0x00,0x00,0x00,0x00,0x00,0x00,0xfa,0x00,0x04,0x00,0xd2,0x0f,0x00,0x00,
0xd3,0x0f,0x00,0x00,0xd7,0x0f,0x00,0x00,0xf8,0x00,0x02,0x00,0xd7,0x0f,0x00,0x00,
0xf9,0x00,0x02,0x00,0xd8,0x0f,0x00,0x00,0xf8,0x00,0x02,0x00,0xd3,0x0f,0x00,0x00,
0x0c,0x00,0x07,0x00,0x13,0x00,0x00,0x00,0xe3,0x0f,0x00,0x00,0x01,0x00,0x00,0x00,
0x25,0x00,0x00,0x00,0x9a,0x0d,0x00,0x00,0x9d,0x0d,0x00,0x00,0x88,0x00,0x05,0x00,
0x13,0x00,0x00,0x00,0xd6,0x0f,0x00,0x00,0xe3,0x0f,0x00,0x00,0xde,0x0f,0x00,0x00,
0xf9,0x00,0x02,0x00,0xd8,0x0f,0x00,0x00,0xf8,0x00,0x02,0x00,0xd8,0x0f,0x00,0x00,
0xf5,0x00,0x07,0x00,0x13,0x00,0x00,0x00,0x24,0x7b,0x00,0x00,0xd8,0x01,0x00,0x00,
0xd7,0x0f,0x00,0x00,0xd6,0x0f,0x00,0x00,0xd3,0x0f,0x00,0x00,0x83,0x00,0x05,0x00,
0x13,0x00,0x00,0x00,0x9f,0x0d,0x00,0x00,0xdc,0x01,0x00,0x00,0x24,0x7b,0x00,0x00,
0x85,0x00,0x05,0x00,0x13,0x00,0x00,0x00,0xa0,0x0d,0x00,0x00,0x97,0x0d,0x00,0x00,
0x9f,0x0d,0x00,0x00,0x0c,0x00,0x06,0x00,0x13,0x00,0x00,0x00,0xa2,0x0d,0x00,0x00,
0x01,0x00,0x00,0x00,0x04,0x00,0x00,0x00,0xa0,0x0d,0x00,0x00,0x0c,0x00,0x06,0x00,
0x13,0x00,0x00,0x00,0xa4,0x0d,0x00,0x00,0x01,0x00,0x00,0x00,0x04,0x00,0x00,0x00,
0x01,0x78,0x00,0x00,0xb8,0x00,0x05,0x00,0x6e,0x00,0x00,0x00,0xa5,0x0d,0x00,0x00,
0xa2,0x0d,0x00,0x00,0xa4,0x0d,0x00,0x00,0xa9,0x00,0x06,0x00,0x13,0x00,0x00,0x00,
0xa8,0x0d,0x00,0x00,0xa5,0x0d,0x00,0x00,0xa0,0x0d,0x00,0x00,0x01,0x78,0x00,0x00,
0x3d,0x00,0x04,0x00,0x13,0x00,0x00,0x00,0xab,0x0d,0x00,0x00,0x63,0x6e,0x00,0x00,
0x3d,0x00,0x04,0x00,0x13,0x00,0x00,0x00,0xae,0x0d,0x00,0x00,0x6d,0x6e,0x00,0x00,
0xb8,0x00,0x05,0x00,0x6e,0x00,0x00,0x00,0xaf,0x0d,0x00,0x00,0xab,0x0d,0x00,0x00,
0xae,0x0d,0x00,0x00,0xa9,0x00,0x06,0x00,0x1a,0x00,0x00,0x00,0xb0,0x0d,0x00,0x00,
0xaf,0x0d,0x00,0x00,0x91,0x01,0x00,0x00,0x4c,0x01,0x00,0x00,0x80,0x00,0x05,0x00,
0x1a,0x00,0x00,0x00,0xb2,0x0d,0x00,0x00,0x22,0x7b,0x00,0x00,0xb0,0x0d,0x00,0x00,
0x41,0x00,0x05,0x00,0x14,0x00,0x00,0x00,0x66,0x6e,0x00,0x00,0x5d,0x6e,0x00,0x00,
0xb2,0x0d,0x00,0x00,0x3d,0x00,0x04,0x00,0x13,0x00,0x00,0x00,0xb5,0x0d,0x00,0x00,
0x66,0x6e,0x00,0x00,0x3d,0x00,0x04,0x00,0x13,0x00,0x00,0x00,0xb8,0x0d,0x00,0x00,
0x6d,0x6e,0x00,0x00,0xbe,0x00,0x05,0x00,0x6e,0x00,0x00,0x00,0xb9,0x0d,0x00,0x00,
0xb5,0x0d,0x00,0x00,0xb8,0x0d,0x00,0x00,0xa9,0x00,0x06,0x00,0x1a,0x00,0x00,0x00,
0xba,0x0d,0x00,0x00,0xb9,0x0d,0x00,0x00,0x91,0x01,0x00,0x00,0x4c,0x01,0x00,0x00,
0x80,0x00,0x05,0x00,0x1a,0x00,0x00,0x00,0xbc,0x0d,0x00,0x00,0x23,0x7b,0x00,0x00,
0xba,0x0d,0x00,0x00,0xf9,0x00,0x02,0x00,0xbe,0x0d,0x00,0x00,0xf8,0x00,0x02,0x00,
0xbe,0x0d,0x00,0x00,0xf5,0x00,0x07,0x00,0x1a,0x00,0x00,0x00,0x1d,0x7c,0x00,0x00,
0x23,0x7b,0x00,0x00,0xbd,0x0d,0x00,0x00,0xbc,0x0d,0x00,0x00,0xd8,0x0f,0x00,0x00,
0xf5,0x00,0x07,0x00,0x1a,0x00,0x00,0x00,0x1c,0x7c,0x00,0x00,0x22,0x7b,0x00,0x00,
0xbd,0x0d,0x00,0x00,0xb2,0x0d,0x00,0x00,0xd8,0x0f,0x00,0x00,0xf5,0x00,0x07,0x00,
0x13,0x00,0x00,0x00,0x2e,0x7b,0x00,0x00,0x80,0x03,0x00,0x00,0xbd,0x0d,0x00,0x00,
0xa8,0x0d,0x00,0x00,0xd8,0x0f,0x00,0x00,0xf9,0x00,0x02,0x00,0xbf,0x0d,0x00,0x00,
0xf8,0x00,0x02,0x00,0xbf,0x0d,0x00,0x00,0x80,0x00,0x05,0x00,0x1a,0x00,0x00,0x00,
0xc1,0x0d,0x00,0x00,0x00,0x78,0x00,0x00,0x91,0x01,0x00,0x00,0xf9,0x00,0x02,0x00,
0x83,0x0d,0x00,0x00,0xf8,0x00,0x02,0x00,0xc2,0x0d,0x00,0x00,0xf9,0x00,0x02,0x00,
0xc3,0x0d,0x00,0x00,0xf8,0x00,0x02,0x00,0xc3,0x0d,0x00,0x00,0xf5,0x00,0x07,0x00,
0x13,0x00,0x00,0x00,0x02,0x78,0x00,0x00,0x5e,0x03,0x00,0x00,0x00,0x0c,0x00,0x00,
0x01,0x78,0x00,0x00,0xc2,0x0d,0x00,0x00,0xb8,0x00,0x05,0x00,0x6e,0x00,0x00,0x00,
0xc6,0x0d,0x00,0x00,0x02,0x78,0x00,0x00,0x5e,0x03,0x00,0x00,0xa9,0x00,0x06,0x00,
0x13,0x00,0x00,0x00,0xc7,0x0d,0x00,0x00,0xc6,0x0d,0x00,0x00,0xdc,0x01,0x00,0x00,
0xd8,0x01,0x00,0x00,0x85,0x00,0x05,0x00,0x13,0x00,0x00,0x00,0xc8,0x0d,0x00,0x00,
0x02,0x78,0x00,0x00,0xc7,0x0d,0x00,0x00,0xf9,0x00,0x02,0x00,0x06,0x0c,0x00,0x00,
0xf8,0x00,0x02,0x00,0x06,0x0c,0x00,0x00,0xf5,0x00,0x07,0x00,0x13,0x00,0x00,0x00,
0x03,0x78,0x00,0x00,0xd8,0x01,0x00,0x00,0xee,0x0c,0x00,0x00,0xc8,0x0d,0x00,0x00,
0xc3,0x0d,0x00,0x00,0x52,0x00,0x06,0x00,0x9f,0x00,0x00,0x00,0x95,0x75,0x00,0x00,
0x03,0x78,0x00,0x00,0x8e,0x04,0x00,0x00,0x00,0x00,0x00,0x00,0xb7,0x00,0x05,0x00,
0x6e,0x00,0x00,0x00,0xa3,0x0b,0x00,0x00,0x03,0x78,0x00,0x00,0xd8,0x01,0x00,0x00,
0xf7,0x00,0x03,0x00,0xa8,0x0b,0x00,0x00,0x00,0x00,0x00,0x00,0xfa,0x00,0x04,0x00,
0xa3,0x0b,0x00,0x00,0xa4,0x0b,0x00,0x00,0xa7,0x0b,0x00,0x00,0xf8,0x00,0x02,0x00,
0xa7,0x0b,0x00,0x00,0xf9,0x00,0x02,0x00,0xa8,0x0b,0x00,0x00,0xf8,0x00,0x02,0x00,
0xa4,0x0b,0x00,0x00,0x0c,0x00,0x06,0x00,0x13,0x00,0x00,0x00,0xa6,0x0b,0x00,0x00,
0x01,0x00,0x00,0x00,0x06,0x00,0x00,0x00,0x03,0x78,0x00,0x00,0xf9,0x00,0x02,0x00,
0xa8,0x0b,0x00,0x00,0xf8,0x00,0x02,0x00,0xa8,0x0b,0x00,0x00,0xf5,0x00,0x07,0x00,
0x13,0x00,0x00,0x00,0x0a,0x78,0x00,0x00,0xd8,0x01,0x00,0x00,0xa7,0x0b,0x00,0x00,
0xa6,0x0b,0x00,0x00,0xa4,0x0b,0x00,0x00,0x52,0x00,0x06,0x00,0x9f,0x00,0x00,0x00,
0x97,0x75,0x00,0x00,0x0a,0x78,0x00,0x00,0x95,0x75,0x00,0x00,0x01,0x00,0x00,0x00,
0x52,0x00,0x06,0x00,0x9f,0x00,0x00,0x00,0x99,0x75,0x00,0x00,0xdc,0x01,0x00,0x00,
0x97,0x75,0x00,0x00,0x02,0x00,0x00,0x00,0x7c,0x00,0x04,0x00,0x32,0x00,0x00,0x00,
0x6d,0x0b,0x00,0x00,0x4e,0x0b,0x00,0x00,0x6f,0x00,0x04,0x00,0x38,0x00,0x00,0x00,
0x6e,0x0b,0x00,0x00,0x6d,0x0b,0x00,0x00,0x6e,0x00,0x04,0x00,0x32,0x00,0x00,0x00,
0xf4,0x0f,0x00,0x00,0x6e,0x0b,0x00,0x00,0x51,0x00,0x05,0x00,0x1a,0x00,0x00,0x00,
0x27,0x10,0x00,0x00,0xf4,0x0f,0x00,0x00,0x00,0x00,0x00,0x00,0x0c,0x00,0x07,0x00,
0x1a,0x00,0x00,0x00,0x38,0x10,0x00,0x00,0x01,0x00,0x00,0x00,0x27,0x00,0x00,0x00,
0x27,0x10,0x00,0x00,0xc1,0x0b,0x00,0x00,0x0c,0x00,0x07,0x00,0x1a,0x00,0x00,0x00,
0x3d,0x10,0x00,0x00,0x01,0x00,0x00,0x00,0x2a,0x00,0x00,0x00,0x4c,0x01,0x00,0x00,
0x38,0x10,0x00,0x00,0x51,0x00,0x05,0x00,0x1a,0x00,0x00,0x00,0x2f,0x10,0x00,0x00,
0xf4,0x0f,0x00,0x00,0x01,0x00,0x00,0x00,0x0c,0x00,0x07,0x00,0x1a,0x00,0x00,0x00,
0x42,0x10,0x00,0x00,0x01,0x00,0x00,0x00,0x27,0x00,0x00,0x00,0x2f,0x10,0x00,0x00,
0xc9,0x0b,0x00,0x00,0x0c,0x00,0x07,0x00,0x1a,0x00,0x00,0x00,0x47,0x10,0x00,0x00,
0x01,0x00,0x00,0x00,0x2a,0x00,0x00,0x00,0x4c,0x01,0x00,0x00,0x42,0x10,0x00,0x00,
0x50,0x00,0x05,0x00,0x32,0x00,0x00,0x00,0xc8,0x77,0x00,0x00,0x3d,0x10,0x00,0x00,
0x47,0x10,0x00,0x00,0x3d,0x00,0x04,0x00,0xb9,0x01,0x00,0x00,0x4a,0x10,0x00,0x00,
0xca,0x01,0x00,0x00,0x5f,0x00,0x07,0x00,0x9f,0x00,0x00,0x00,0x4c,0x10,0x00,0x00,
0x4a,0x10,0x00,0x00,0xc8,0x77,0x00,0x00,0x02,0x00,0x00,0x00,0x4c,0x01,0x00,0x00,
0x4f,0x00,0x07,0x00,0x38,0x00,0x00,0x00,0x4d,0x10,0x00,0x00,0x4c,0x10,0x00,0x00,
0x4c,0x10,0x00,0x00,0x00,0x00,0x00,0x00,0x01,0x00,0x00,0x00,0x6f,0x00,0x04,0x00,
0x38,0x00,0x00,0x00,0xfa,0x0f,0x00,0x00,0xc8,0x77,0x00,0x00,0x81,0x00,0x05,0x00,
0x38,0x00,0x00,0x00,0xfc,0x0f,0x00,0x00,0xfa,0x0f,0x00,0x00,0xc7,0x77,0x00,0x00,
0x88,0x00,0x05,0x00,0x38,0x00,0x00,0x00,0xff,0x0f,0x00,0x00,0xfc,0x0f,0x00,0x00,
0x9a,0x0b,0x00,0x00,0x3e,0x00,0x03,0x00,0x72,0x10,0x00,0x00,0xdf,0x03,0x00,0x00,
0x81,0x00,0x05,0x00,0x38,0x00,0x00,0x00,0x81,0x10,0x00,0x00,0xff,0x0f,0x00,0x00,
0x1c,0x0c,0x00,0x00,0x85,0x00,0x05,0x00,0x38,0x00,0x00,0x00,0x85,0x10,0x00,0x00,
0x81,0x10,0x00,0x00,0x9a,0x0b,0x00,0x00,0x0c,0x00,0x06,0x00,0x38,0x00,0x00,0x00,
0x86,0x10,0x00,0x00,0x01,0x00,0x00,0x00,0x08,0x00,0x00,0x00,0x85,0x10,0x00,0x00,
0x6e,0x00,0x04,0x00,0x32,0x00,0x00,0x00,0x87,0x10,0x00,0x00,0x86,0x10,0x00,0x00,
0xf9,0x00,0x02,0x00,0x88,0x10,0x00,0x00,0xf8,0x00,0x02,0x00,0x88,0x10,0x00,0x00,
0xf5,0x00,0x07,0x00,0x1a,0x00,0x00,0x00,0x0c,0x78,0x00,0x00,0x4c,0x01,0x00,0x00,
0xa8,0x0b,0x00,0x00,0xa7,0x10,0x00,0x00,0xa5,0x10,0x00,0x00,0xb1,0x00,0x05,0x00,
0x6e,0x00,0x00,0x00,0x8b,0x10,0x00,0x00,0x0c,0x78,0x00,0x00,0x7d,0x03,0x00,0x00,
0xf6,0x00,0x04,0x00,0xa8,0x10,0x00,0x00,0xa5,0x10,0x00,0x00,0x00,0x00,0x00,0x00,
0xfa,0x00,0x04,0x00,0x8b,0x10,0x00,0x00,0x8c,0x10,0x00,0x00,0xa8,0x10,0x00,0x00,
0xf8,0x00,0x02,0x00,0x8c,0x10,0x00,0x00,0x41,0x00,0x05,0x00,0x49,0x00,0x00,0x00,
0x90,0x10,0x00,0x00,0x72,0x10,0x00,0x00,0x0c,0x78,0x00,0x00,0x3d,0x00,0x04,0x00,
0x32,0x00,0x00,0x00,0x91,0x10,0x00,0x00,0x90,0x10,0x00,0x00,0x80,0x00,0x05,0x00,
0x32,0x00,0x00,0x00,0xc7,0x10,0x00,0x00,0x87,0x10,0x00,0x00,0x91,0x10,0x00,0x00,
0x51,0x00,0x05,0x00,0x1a,0x00,0x00,0x00,0xcc,0x10,0x00,0x00,0xc7,0x10,0x00,0x00,
0x00,0x00,0x00,0x00,0x0c,0x00,0x07,0x00,0x1a,0x00,0x00,0x00,0xdd,0x10,0x00,0x00,
0x01,0x00,0x00,0x00,0x27,0x00,0x00,0x00,0xcc,0x10,0x00,0x00,0xc1,0x0b,0x00,0x00,
0x0c,0x00,0x07,0x00,0x1a,0x00,0x00,0x00,0xe2,0x10,0x00,0x00,0x01,0x00,0x00,0x00,
0x2a,0x00,0x00,0x00,0x4c,0x01,0x00,0x00,0xdd,0x10,0x00,0x00,0x51,0x00,0x05,0x00,
0x1a,0x00,0x00,0x00,0xd4,0x10,0x00,0x00,0xc7,0x10,0x00,0x00,0x01,0x00,0x00,0x00,
0x0c,0x00,0x07,0x00,0x1a,0x00,0x00,0x00,0xe7,0x10,0x00,0x00,0x01,0x00,0x00,0x00,
0x27,0x00,0x00,0x00,0xd4,0x10,0x00,0x00,0xc9,0x0b,0x00,0x00,0x0c,0x00,0x07,0x00,
0x1a,0x00,0x00,0x00,0xec,0x10,0x00,0x00,0x01,0x00,0x00,0x00,0x2a,0x00,0x00,0x00,
0x4c,0x01,0x00,0x00,0xe7,0x10,0x00,0x00,0x50,0x00,0x05,0x00,0x32,0x00,0x00,0x00,
0xfb,0x77,0x00,0x00,0xe2,0x10,0x00,0x00,0xec,0x10,0x00,0x00,0x3d,0x00,0x04,0x00,
0xb9,0x01,0x00,0x00,0xef,0x10,0x00,0x00,0xbb,0x01,0x00,0x00,0x5f,0x00,0x07,0x00,
0x9f,0x00,0x00,0x00,0xf1,0x10,0x00,0x00,0xef,0x10,0x00,0x00,0xfb,0x77,0x00,0x00,
0x02,0x00,0x00,0x00,0x4c,0x01,0x00,0x00,0x51,0x00,0x05,0x00,0x13,0x00,0x00,0x00,
0xf2,0x10,0x00,0x00,0xf1,0x10,0x00,0x00,0x00,0x00,0x00,0x00,0x3d,0x00,0x04,0x00,
0xb9,0x01,0x00,0x00,0xf6,0x10,0x00,0x00,0xd2,0x01,0x00,0x00,0x5f,0x00,0x07,0x00,
0x9f,0x00,0x00,0x00,0xf7,0x10,0x00,0x00,0xf6,0x10,0x00,0x00,0xd4,0x01,0x00,0x00,
0x02,0x00,0x00,0x00,0x4c,0x01,0x00,0x00,0x51,0x00,0x05,0x00,0x13,0x00,0x00,0x00,
0xf8,0x10,0x00,0x00,0xf7,0x10,0x00,0x00,0x00,0x00,0x00,0x00,0xb4,0x00,0x05,0x00,
0x6e,0x00,0x00,0x00,0xfa,0x10,0x00,0x00,0xf8,0x10,0x00,0x00,0xd8,0x01,0x00,0x00,
0xf9,0x00,0x02,0x00,0xfc,0x10,0x00,0x00,0xf8,0x00,0x02,0x00,0xfc,0x10,0x00,0x00,
0xa9,0x00,0x06,0x00,0x13,0x00,0x00,0x00,0x20,0x7c,0x00,0x00,0xfa,0x10,0x00,0x00,
0xdc,0x01,0x00,0x00,0xf8,0x10,0x00,0x00,0x85,0x00,0x05,0x00,0x13,0x00,0x00,0x00,
0x97,0x10,0x00,0x00,0xf2,0x10,0x00,0x00,0x20,0x7c,0x00,0x00,0x41,0x00,0x05,0x00,
0x14,0x00,0x00,0x00,0x9d,0x6d,0x00,0x00,0x9c,0x6d,0x00,0x00,0x0c,0x78,0x00,0x00,
0x3e,0x00,0x03,0x00,0x9d,0x6d,0x00,0x00,0x97,0x10,0x00,0x00,0x3d,0x00,0x04,0x00,
0x13,0x00,0x00,0x00,0x9c,0x10,0x00,0x00,0x9d,0x6d,0x00,0x00,0x0c,0x00,0x07,0x00,
0x13,0x00,0x00,0x00,0x02,0x11,0x00,0x00,0x01,0x00,0x00,0x00,0x1a,0x00,0x00,0x00,
0x9c,0x10,0x00,0x00,0xdc,0x01,0x00,0x00,0x3e,0x00,0x03,0x00,0x9d,0x6d,0x00,0x00,
0x02,0x11,0x00,0x00,0x3d,0x00,0x04,0x00,0x13,0x00,0x00,0x00,0xa2,0x10,0x00,0x00,
0x9d,0x6d,0x00,0x00,0x0c,0x00,0x07,0x00,0x13,0x00,0x00,0x00,0x07,0x11,0x00,0x00,
0x01,0x00,0x00,0x00,0x28,0x00,0x00,0x00,0xa2,0x10,0x00,0x00,0x8d,0x03,0x00,0x00,
0x3e,0x00,0x03,0x00,0x9d,0x6d,0x00,0x00,0x07,0x11,0x00,0x00,0xf9,0x00,0x02,0x00,
0xa5,0x10,0x00,0x00,0xf8,0x00,0x02,0x00,0xa5,0x10,0x00,0x00,0x80,0x00,0x05,0x00,
0x1a,0x00,0x00,0x00,0xa7,0x10,0x00,0x00,0x0c,0x78,0x00,0x00,0x91,0x01,0x00,0x00,
0xf9,0x00,0x02,0x00,0x88,0x10,0x00,0x00,0xf8,0x00,0x02,0x00,0xa8,0x10,0x00,0x00,
0x3d,0x00,0x04,0x00,0x82,0x00,0x00,0x00,0xa2,0x6d,0x00,0x00,0x9c,0x6d,0x00,0x00,
0x3e,0x00,0x03,0x00,0x11,0x11,0x00,0x00,0xdf,0x03,0x00,0x00,0x81,0x00,0x05,0x00,
0x38,0x00,0x00,0x00,0x1f,0x11,0x00,0x00,0xff,0x0f,0x00,0x00,0xba,0x0c,0x00,0x00,
0x81,0x00,0x05,0x00,0x38,0x00,0x00,0x00,0x22,0x11,0x00,0x00,0x1f,0x11,0x00,0x00,
0x4d,0x10,0x00,0x00,0x51,0x00,0x05,0x00,0x13,0x00,0x00,0x00,0x5f,0x11,0x00,0x00,
0x22,0x11,0x00,0x00,0x00,0x00,0x00,0x00,0xbe,0x00,0x05,0x00,0x6e,0x00,0x00,0x00,
0x60,0x11,0x00,0x00,0x5f,0x11,0x00,0x00,0xd8,0x01,0x00,0x00,0xf7,0x00,0x03,0x00,
0x65,0x11,0x00,0x00,0x00,0x00,0x00,0x00,0xfa,0x00,0x04,0x00,0x60,0x11,0x00,0x00,
0x61,0x11,0x00,0x00,0x65,0x11,0x00,0x00,0xf8,0x00,0x02,0x00,0x61,0x11,0x00,0x00,
0xbc,0x00,0x05,0x00,0x6e,0x00,0x00,0x00,0x64,0x11,0x00,0x00,0x5f,0x11,0x00,0x00,
0xdc,0x01,0x00,0x00,0xf9,0x00,0x02,0x00,0x65,0x11,0x00,0x00,0xf8,0x00,0x02,0x00,
0x65,0x11,0x00,0x00,0xf5,0x00,0x07,0x00,0x6e,0x00,0x00,0x00,0x66,0x11,0x00,0x00,
0x60,0x11,0x00,0x00,0xa8,0x10,0x00,0x00,0x64,0x11,0x00,0x00,0x61,0x11,0x00,0x00,
0xf7,0x00,0x03,0x00,0x71,0x11,0x00,0x00,0x00,0x00,0x00,0x00,0xfa,0x00,0x04,0x00,
0x66,0x11,0x00,0x00,0x67,0x11,0x00,0x00,0x71,0x11,0x00,0x00,0xf8,0x00,0x02,0x00,
0x67,0x11,0x00,0x00,0x51,0x00,0x05,0x00,0x13,0x00,0x00,0x00,0x69,0x11,0x00,0x00,
0x22,0x11,0x00,0x00,0x01,0x00,0x00,0x00,0xbe,0x00,0x05,0x00,0x6e,0x00,0x00,0x00,
0x6a,0x11,0x00,0x00,0x69,0x11,0x00,0x00,0xd8,0x01,0x00,0x00,0xf7,0x00,0x03,0x00,
0x6f,0x11,0x00,0x00,0x00,0x00,0x00,0x00,0xfa,0x00,0x04,0x00,0x6a,0x11,0x00,0x00,
0x6b,0x11,0x00,0x00,0x6f,0x11,0x00,0x00,0xf8,0x00,0x02,0x00,0x6b,0x11,0x00,0x00,
0xbc,0x00,0x05,0x00,0x6e,0x00,0x00,0x00,0x6e,0x11,0x00,0x00,0x69,0x11,0x00,0x00,
0xdc,0x01,0x00,0x00,0xf9,0x00,0x02,0x00,0x6f,0x11,0x00,0x00,0xf8,0x00,0x02,0x00,
0x6f,0x11,0x00,0x00,0xf5,0x00,0x07,0x00,0x6e,0x00,0x00,0x00,0x70,0x11,0x00,0x00,
0x6a,0x11,0x00,0x00,0x67,0x11,0x00,0x00,0x6e,0x11,0x00,0x00,0x6b,0x11,0x00,0x00,
0xf9,0x00,0x02,0x00,0x71,0x11,0x00,0x00,0xf8,0x00,0x02,0x00,0x71,0x11,0x00,0x00,
0xf5,0x00,0x07,0x00,0x6e,0x00,0x00,0x00,0x72,0x11,0x00,0x00,0x66,0x11,0x00,0x00,
0x65,0x11,0x00,0x00,0x70,0x11,0x00,0x00,0x6f,0x11,0x00,0x00,0xf7,0x00,0x03,0x00,
0x52,0x11,0x00,0x00,0x00,0x00,0x00,0x00,0xfa,0x00,0x04,0x00,0x72,0x11,0x00,0x00,
0x28,0x11,0x00,0x00,0x52,0x11,0x00,0x00,0xf8,0x00,0x02,0x00,0x28,0x11,0x00,0x00,
0x85,0x00,0x05,0x00,0x38,0x00,0x00,0x00,0x2c,0x11,0x00,0x00,0x22,0x11,0x00,0x00,
0xb9,0x0c,0x00,0x00,0x0c,0x00,0x06,0x00,0x38,0x00,0x00,0x00,0x2d,0x11,0x00,0x00,
0x01,0x00,0x00,0x00,0x08,0x00,0x00,0x00,0x2c,0x11,0x00,0x00,0x6e,0x00,0x04,0x00,
0x32,0x00,0x00,0x00,0x2e,0x11,0x00,0x00,0x2d,0x11,0x00,0x00,0xf9,0x00,0x02,0x00,
0x2f,0x11,0x00,0x00,0xf8,0x00,0x02,0x00,0x2f,0x11,0x00,0x00,0xf5,0x00,0x07,0x00,
0x1a,0x00,0x00,0x00,0x0d,0x78,0x00,0x00,0x4c,0x01,0x00,0x00,0x28,0x11,0x00,0x00,
0x50,0x11,0x00,0x00,0x4e,0x11,0x00,0x00,0xb1,0x00,0x05,0x00,0x6e,0x00,0x00,0x00,
0x32,0x11,0x00,0x00,0x0d,0x78,0x00,0x00,0x7d,0x03,0x00,0x00,0xf6,0x00,0x04,0x00,
0x51,0x11,0x00,0x00,0x4e,0x11,0x00,0x00,0x00,0x00,0x00,0x00,0xfa,0x00,0x04,0x00,
0x32,0x11,0x00,0x00,0x33,0x11,0x00,0x00,0x51,0x11,0x00,0x00,0xf8,0x00,0x02,0x00,
0x33,0x11,0x00,0x00,0x41,0x00,0x05,0x00,0x49,0x00,0x00,0x00,0x37,0x11,0x00,0x00,
0x11,0x11,0x00,0x00,0x0d,0x78,0x00,0x00,0x3d,0x00,0x04,0x00,0x32,0x00,0x00,0x00,
0x38,0x11,0x00,0x00,0x37,0x11,0x00,0x00,0x80,0x00,0x05,0x00,0x32,0x00,0x00,0x00,
0x88,0x11,0x00,0x00,0x2e,0x11,0x00,0x00,0x38,0x11,0x00,0x00,0x51,0x00,0x05,0x00,
0x1a,0x00,0x00,0x00,0x8a,0x11,0x00,0x00,0xf7,0x0c,0x00,0x00,0x00,0x00,0x00,0x00,
0x82,0x00,0x05,0x00,0x1a,0x00,0x00,0x00,0x8b,0x11,0x00,0x00,0x8a,0x11,0x00,0x00,
0x91,0x01,0x00,0x00,0x51,0x00,0x05,0x00,0x1a,0x00,0x00,0x00,0x8d,0x11,0x00,0x00,
0x88,0x11,0x00,0x00,0x00,0x00,0x00,0x00,0x0c,0x00,0x07,0x00,0x1a,0x00,0x00,0x00,
0x9e,0x11,0x00,0x00,0x01,0x00,0x00,0x00,0x27,0x00,0x00,0x00,0x8d,0x11,0x00,0x00,
0x8b,0x11,0x00,0x00,0x0c,0x00,0x07,0x00,0x1a,0x00,0x00,0x00,0xa3,0x11,0x00,0x00,
0x01,0x00,0x00,0x00,0x2a,0x00,0x00,0x00,0x4c,0x01,0x00,0x00,0x9e,0x11,0x00,0x00,
0x51,0x00,0x05,0x00,0x1a,0x00,0x00,0x00,0x92,0x11,0x00,0x00,0xf7,0x0c,0x00,0x00,
0x01,0x00,0x00,0x00,0x82,0x00,0x05,0x00,0x1a,0x00,0x00,0x00,0x93,0x11,0x00,0x00,
0x92,0x11,0x00,0x00,0x91,0x01,0x00,0x00,0x51,0x00,0x05,0x00,0x1a,0x00,0x00,0x00,
0x95,0x11,0x00,0x00,0x88,0x11,0x00,0x00,0x01,0x00,0x00,0x00,0x0c,0x00,0x07,0x00,
0x1a,0x00,0x00,0x00,0xa8,0x11,0x00,0x00,0x01,0x00,0x00,0x00,0x27,0x00,0x00,0x00,
0x95,0x11,0x00,0x00,0x93,0x11,0x00,0x00,0x0c,0x00,0x07,0x00,0x1a,0x00,0x00,0x00,
0xad,0x11,0x00,0x00,0x01,0x00,0x00,0x00,0x2a,0x00,0x00,0x00,0x4c,0x01,0x00,0x00,
0xa8,0x11,0x00,0x00,0x50,0x00,0x05,0x00,0x32,0x00,0x00,0x00,0xfa,0x77,0x00,0x00,
0xa3,0x11,0x00,0x00,0xad,0x11,0x00,0x00,0x3d,0x00,0x04,0x00,0xb9,0x01,0x00,0x00,
0xb0,0x11,0x00,0x00,0xc3,0x01,0x00,0x00,0x5f,0x00,0x07,0x00,0x9f,0x00,0x00,0x00,
0xb2,0x11,0x00,0x00,0xb0,0x11,0x00,0x00,0xfa,0x77,0x00,0x00,0x02,0x00,0x00,0x00,
0x4c,0x01,0x00,0x00,0x51,0x00,0x05,0x00,0x13,0x00,0x00,0x00,0xb3,0x11,0x00,0x00,
0xb2,0x11,0x00,0x00,0x00,0x00,0x00,0x00,0x41,0x00,0x05,0x00,0xa2,0x01,0x00,0x00,
0xb6,0x11,0x00,0x00,0x8b,0x01,0x00,0x00,0xa1,0x01,0x00,0x00,0x3d,0x00,0x04,0x00,
0x13,0x00,0x00,0x00,0xb7,0x11,0x00,0x00,0xb6,0x11,0x00,0x00,0x85,0x00,0x05,0x00,
0x13,0x00,0x00,0x00,0x3e,0x11,0x00,0x00,0xb3,0x11,0x00,0x00,0xb7,0x11,0x00,0x00,
0x3d,0x00,0x04,0x00,0xb9,0x01,0x00,0x00,0xbb,0x11,0x00,0x00,0xd2,0x01,0x00,0x00,
0x5f,0x00,0x07,0x00,0x9f,0x00,0x00,0x00,0xbc,0x11,0x00,0x00,0xbb,0x11,0x00,0x00,
0xd4,0x01,0x00,0x00,0x02,0x00,0x00,0x00,0x4c,0x01,0x00,0x00,0x51,0x00,0x05,0x00,
0x13,0x00,0x00,0x00,0xbd,0x11,0x00,0x00,0xbc,0x11,0x00,0x00,0x00,0x00,0x00,0x00,
0xb4,0x00,0x05,0x00,0x6e,0x00,0x00,0x00,0xbf,0x11,0x00,0x00,0xbd,0x11,0x00,0x00,
0xd8,0x01,0x00,0x00,0xf9,0x00,0x02,0x00,0xc1,0x11,0x00,0x00,0xf8,0x00,0x02,0x00,
0xc1,0x11,0x00,0x00,0xa9,0x00,0x06,0x00,0x13,0x00,0x00,0x00,0x21,0x7c,0x00,0x00,
0xbf,0x11,0x00,0x00,0xdc,0x01,0x00,0x00,0xbd,0x11,0x00,0x00,0x85,0x00,0x05,0x00,
0x13,0x00,0x00,0x00,0x40,0x11,0x00,0x00,0x3e,0x11,0x00,0x00,0x21,0x7c,0x00,0x00,
0x41,0x00,0x05,0x00,0x14,0x00,0x00,0x00,0xf6,0x72,0x00,0x00,0xf5,0x72,0x00,0x00,
0x0d,0x78,0x00,0x00,0x3e,0x00,0x03,0x00,0xf6,0x72,0x00,0x00,0x40,0x11,0x00,0x00,
0x3d,0x00,0x04,0x00,0x13,0x00,0x00,0x00,0x45,0x11,0x00,0x00,0xf6,0x72,0x00,0x00,
0x0c,0x00,0x07,0x00,0x13,0x00,0x00,0x00,0xc7,0x11,0x00,0x00,0x01,0x00,0x00,0x00,
0x1a,0x00,0x00,0x00,0x45,0x11,0x00,0x00,0xdc,0x01,0x00,0x00,0x3e,0x00,0x03,0x00,
0xf6,0x72,0x00,0x00,0xc7,0x11,0x00,0x00,0x3d,0x00,0x04,0x00,0x13,0x00,0x00,0x00,
0x4b,0x11,0x00,0x00,0xf6,0x72,0x00,0x00,0x0c,0x00,0x07,0x00,0x13,0x00,0x00,0x00,
0xcc,0x11,0x00,0x00,0x01,0x00,0x00,0x00,0x28,0x00,0x00,0x00,0x4b,0x11,0x00,0x00,
0x8d,0x03,0x00,0x00,0x3e,0x00,0x03,0x00,0xf6,0x72,0x00,0x00,0xcc,0x11,0x00,0x00,
0xf9,0x00,0x02,0x00,0x4e,0x11,0x00,0x00,0xf8,0x00,0x02,0x00,0x4e,0x11,0x00,0x00,
0x80,0x00,0x05,0x00,0x1a,0x00,0x00,0x00,0x50,0x11,0x00,0x00,0x0d,0x78,0x00,0x00,
0x91,0x01,0x00,0x00,0xf9,0x00,0x02,0x00,0x2f,0x11,0x00,0x00,0xf8,0x00,0x02,0x00,
0x51,0x11,0x00,0x00,0xf9,0x00,0x02,0x00,0x52,0x11,0x00,0x00,0xf8,0x00,0x02,0x00,
0x52,0x11,0x00,0x00,0x3d,0x00,0x04,0x00,0x82,0x00,0x00,0x00,0xfb,0x72,0x00,0x00,
0xf5,0x72,0x00,0x00,0xf7,0x00,0x03,0x00,0x6a,0x10,0x00,0x00,0x00,0x00,0x00,0x00,
0xfa,0x00,0x04,0x00,0x72,0x11,0x00,0x00,0x64,0x10,0x00,0x00,0x6a,0x10,0x00,0x00,
0xf8,0x00,0x02,0x00,0x64,0x10,0x00,0x00,0x51,0x00,0x05,0x00,0x13,0x00,0x00,0x00,
0xda,0x72,0x00,0x00,0xa2,0x6d,0x00,0x00,0x00,0x00,0x00,0x00,0x51,0x00,0x05,0x00,
0x13,0x00,0x00,0x00,0xdb,0x72,0x00,0x00,0xa2,0x6d,0x00,0x00,0x01,0x00,0x00,0x00,
0x51,0x00,0x05,0x00,0x13,0x00,0x00,0x00,0xdc,0x72,0x00,0x00,0xa2,0x6d,0x00,0x00,
0x02,0x00,0x00,0x00,0x51,0x00,0x05,0x00,0x13,0x00,0x00,0x00,0xdd,0x72,0x00,0x00,
0xa2,0x6d,0x00,0x00,0x03,0x00,0x00,0x00,0x51,0x00,0x05,0x00,0x13,0x00,0x00,0x00,
0xde,0x72,0x00,0x00,0xa2,0x6d,0x00,0x00,0x04,0x00,0x00,0x00,0x0c,0x00,0x07,0x00,
0x13,0x00,0x00,0x00,0xd4,0x12,0x00,0x00,0x01,0x00,0x00,0x00,0x25,0x00,0x00,0x00,
0xda,0x72,0x00,0x00,0xdd,0x72,0x00,0x00,0x0c,0x00,0x07,0x00,0x13,0x00,0x00,0x00,
0xd9,0x12,0x00,0x00,0x01,0x00,0x00,0x00,0x28,0x00,0x00,0x00,0xda,0x72,0x00,0x00,
0xdd,0x72,0x00,0x00,0x0c,0x00,0x07,0x00,0x13,0x00,0x00,0x00,0xde,0x12,0x00,0x00,
0x01,0x00,0x00,0x00,0x25,0x00,0x00,0x00,0xdb,0x72,0x00,0x00,0xde,0x72,0x00,0x00,
0x0c,0x00,0x07,0x00,0x13,0x00,0x00,0x00,0xe3,0x12,0x00,0x00,0x01,0x00,0x00,0x00,
0x28,0x00,0x00,0x00,0xdb,0x72,0x00,0x00,0xde,0x72,0x00,0x00,0x0c,0x00,0x07,0x00,
0x13,0x00,0x00,0x00,0xe8,0x12,0x00,0x00,0x01,0x00,0x00,0x00,0x25,0x00,0x00,0x00,
0xd4,0x12,0x00,0x00,0xdc,0x72,0x00,0x00,0x0c,0x00,0x07,0x00,0x13,0x00,0x00,0x00,
0xed,0x12,0x00,0x00,0x01,0x00,0x00,0x00,0x28,0x00,0x00,0x00,0xd4,0x12,0x00,0x00,
0xdc,0x72,0x00,0x00,0x0c,0x00,0x07,0x00,0x13,0x00,0x00,0x00,0xf2,0x12,0x00,0x00,
0x01,0x00,0x00,0x00,0x25,0x00,0x00,0x00,0xde,0x12,0x00,0x00,0xd9,0x12,0x00,0x00,
0x0c,0x00,0x07,0x00,0x13,0x00,0x00,0x00,0xf7,0x12,0x00,0x00,0x01,0x00,0x00,0x00,
0x28,0x00,0x00,0x00,0xde,0x12,0x00,0x00,0xd9,0x12,0x00,0x00,0x0c,0x00,0x07,0x00,
0x13,0x00,0x00,0x00,0xfc,0x12,0x00,0x00,0x01,0x00,0x00,0x00,0x25,0x00,0x00,0x00,
0xe8,0x12,0x00,0x00,0xf2,0x12,0x00,0x00,0x0c,0x00,0x07,0x00,0x13,0x00,0x00,0x00,
0x01,0x13,0x00,0x00,0x01,0x00,0x00,0x00,0x28,0x00,0x00,0x00,0xe8,0x12,0x00,0x00,
0xf2,0x12,0x00,0x00,0x0c,0x00,0x07,0x00,0x13,0x00,0x00,0x00,0x06,0x13,0x00,0x00,
0x01,0x00,0x00,0x00,0x25,0x00,0x00,0x00,0xed,0x12,0x00,0x00,0xe3,0x12,0x00,0x00,
0x0c,0x00,0x07,0x00,0x13,0x00,0x00,0x00,0x0b,0x13,0x00,0x00,0x01,0x00,0x00,0x00,
0x28,0x00,0x00,0x00,0xed,0x12,0x00,0x00,0xe3,0x12,0x00,0x00,0x0c,0x00,0x07,0x00,
0x13,0x00,0x00,0x00,0x10,0x13,0x00,0x00,0x01,0x00,0x00,0x00,0x25,0x00,0x00,0x00,
0x01,0x13,0x00,0x00,0x06,0x13,0x00,0x00,0x0c,0x00,0x07,0x00,0x13,0x00,0x00,0x00,
0x15,0x13,0x00,0x00,0x01,0x00,0x00,0x00,0x28,0x00,0x00,0x00,0x01,0x13,0x00,0x00,
0x06,0x13,0x00,0x00,0x0c,0x00,0x07,0x00,0x13,0x00,0x00,0x00,0x1a,0x13,0x00,0x00,
0x01,0x00,0x00,0x00,0x25,0x00,0x00,0x00,0xf7,0x12,0x00,0x00,0x0b,0x13,0x00,0x00,
0x0c,0x00,0x07,0x00,0x13,0x00,0x00,0x00,0x1f,0x13,0x00,0x00,0x01,0x00,0x00,0x00,
0x28,0x00,0x00,0x00,0xf7,0x12,0x00,0x00,0x0b,0x13,0x00,0x00,0x0c,0x00,0x07,0x00,
0x13,0x00,0x00,0x00,0x24,0x13,0x00,0x00,0x01,0x00,0x00,0x00,0x25,0x00,0x00,0x00,
0x15,0x13,0x00,0x00,0x1a,0x13,0x00,0x00,0x0c,0x00,0x07,0x00,0x13,0x00,0x00,0x00,
0x29,0x13,0x00,0x00,0x01,0x00,0x00,0x00,0x28,0x00,0x00,0x00,0x15,0x13,0x00,0x00,
0x1a,0x13,0x00,0x00,0x50,0x00,0x08,0x00,0x82,0x00,0x00,0x00,0xe4,0x72,0x00,0x00,
0xfc,0x12,0x00,0x00,0x10,0x13,0x00,0x00,0x24,0x13,0x00,0x00,0x29,0x13,0x00,0x00,
0x1f,0x13,0x00,0x00,0x3e,0x00,0x03,0x00,0xb0,0x6d,0x00,0x00,0xe4,0x72,0x00,0x00,
0x51,0x00,0x05,0x00,0x13,0x00,0x00,0x00,0xea,0x72,0x00,0x00,0xfb,0x72,0x00,0x00,
0x00,0x00,0x00,0x00,0x51,0x00,0x05,0x00,0x13,0x00,0x00,0x00,0xeb,0x72,0x00,0x00,
0xfb,0x72,0x00,0x00,0x01,0x00,0x00,0x00,0x51,0x00,0x05,0x00,0x13,0x00,0x00,0x00,
0xec,0x72,0x00,0x00,0xfb,0x72,0x00,0x00,0x02,0x00,0x00,0x00,0x51,0x00,0x05,0x00,
0x13,0x00,0x00,0x00,0xed,0x72,0x00,0x00,0xfb,0x72,0x00,0x00,0x03,0x00,0x00,0x00,
0x51,0x00,0x05,0x00,0x13,0x00,0x00,0x00,0xee,0x72,0x00,0x00,0xfb,0x72,0x00,0x00,
0x04,0x00,0x00,0x00,0x0c,0x00,0x07,0x00,0x13,0x00,0x00,0x00,0xd1,0x13,0x00,0x00,
0x01,0x00,0x00,0x00,0x25,0x00,0x00,0x00,0xea,0x72,0x00,0x00,0xed,0x72,0x00,0x00,
0x0c,0x00,0x07,0x00,0x13,0x00,0x00,0x00,0xd6,0x13,0x00,0x00,0x01,0x00,0x00,0x00,
0x28,0x00,0x00,0x00,0xea,0x72,0x00,0x00,0xed,0x72,0x00,0x00,0x0c,0x00,0x07,0x00,
0x13,0x00,0x00,0x00,0xdb,0x13,0x00,0x00,0x01,0x00,0x00,0x00,0x25,0x00,0x00,0x00,
0xeb,0x72,0x00,0x00,0xee,0x72,0x00,0x00,0x0c,0x00,0x07,0x00,0x13,0x00,0x00,0x00,
0xe0,0x13,0x00,0x00,0x01,0x00,0x00,0x00,0x28,0x00,0x00,0x00,0xeb,0x72,0x00,0x00,
0xee,0x72,0x00,0x00,0x0c,0x00,0x07,0x00,0x13,0x00,0x00,0x00,0xe5,0x13,0x00,0x00,
0x01,0x00,0x00,0x00,0x25,0x00,0x00,0x00,0xd1,0x13,0x00,0x00,0xec,0x72,0x00,0x00,
0x0c,0x00,0x07,0x00,0x13,0x00,0x00,0x00,0xea,0x13,0x00,0x00,0x01,0x00,0x00,0x00,
0x28,0x00,0x00,0x00,0xd1,0x13,0x00,0x00,0xec,0x72,0x00,0x00,0x0c,0x00,0x07,0x00,
0x13,0x00,0x00,0x00,0xef,0x13,0x00,0x00,0x01,0x00,0x00,0x00,0x25,0x00,0x00,0x00,
0xdb,0x13,0x00,0x00,0xd6,0x13,0x00,0x00,0x0c,0x00,0x07,0x00,0x13,0x00,0x00,0x00,
0xf4,0x13,0x00,0x00,0x01,0x00,0x00,0x00,0x28,0x00,0x00,0x00,0xdb,0x13,0x00,0x00,
0xd6,0x13,0x00,0x00,0x0c,0x00,0x07,0x00,0x13,0x00,0x00,0x00,0xf9,0x13,0x00,0x00,
0x01,0x00,0x00,0x00,0x25,0x00,0x00,0x00,0xe5,0x13,0x00,0x00,0xef,0x13,0x00,0x00,
0x0c,0x00,0x07,0x00,0x13,0x00,0x00,0x00,0xfe,0x13,0x00,0x00,0x01,0x00,0x00,0x00,
0x28,0x00,0x00,0x00,0xe5,0x13,0x00,0x00,0xef,0x13,0x00,0x00,0x0c,0x00,0x07,0x00,
0x13,0x00,0x00,0x00,0x03,0x14,0x00,0x00,0x01,0x00,0x00,0x00,0x25,0x00,0x00,0x00,
0xea,0x13,0x00,0x00,0xe0,0x13,0x00,0x00,0x0c,0x00,0x07,0x00,0x13,0x00,0x00,0x00,
0x08,0x14,0x00,0x00,0x01,0x00,0x00,0x00,0x28,0x00,0x00,0x00,0xea,0x13,0x00,0x00,
0xe0,0x13,0x00,0x00,0x0c,0x00,0x07,0x00,0x13,0x00,0x00,0x00,0x0d,0x14,0x00,0x00,
0x01,0x00,0x00,0x00,0x25,0x00,0x00,0x00,0xfe,0x13,0x00,0x00,0x03,0x14,0x00,0x00,
0x0c,0x00,0x07,0x00,0x13,0x00,0x00,0x00,0x12,0x14,0x00,0x00,0x01,0x00,0x00,0x00,
0x28,0x00,0x00,0x00,0xfe,0x13,0x00,0x00,0x03,0x14,0x00,0x00,0x0c,0x00,0x07,0x00,
0x13,0x00,0x00,0x00,0x17,0x14,0x00,0x00,0x01,0x00,0x00,0x00,0x25,0x00,0x00,0x00,
0xf4,0x13,0x00,0x00,0x08,0x14,0x00,0x00,0x0c,0x00,0x07,0x00,0x13,0x00,0x00,0x00,
0x1c,0x14,0x00,0x00,0x01,0x00,0x00,0x00,0x28,0x00,0x00,0x00,0xf4,0x13,0x00,0x00,
0x08,0x14,0x00,0x00,0x0c,0x00,0x07,0x00,0x13,0x00,0x00,0x00,0x21,0x14,0x00,0x00,
0x01,0x00,0x00,0x00,0x25,0x00,0x00,0x00,0x12,0x14,0x00,0x00,0x17,0x14,0x00,0x00,
0x0c,0x00,0x07,0x00,0x13,0x00,0x00,0x00,0x26,0x14,0x00,0x00,0x01,0x00,0x00,0x00,
0x28,0x00,0x00,0x00,0x12,0x14,0x00,0x00,0x17,0x14,0x00,0x00,0x50,0x00,0x08,0x00,
0x82,0x00,0x00,0x00,0xf4,0x72,0x00,0x00,0xf9,0x13,0x00,0x00,0x0d,0x14,0x00,0x00,
0x21,0x14,0x00,0x00,0x26,0x14,0x00,0x00,0x1c,0x14,0x00,0x00,0x3e,0x00,0x03,0x00,
0xba,0x6d,0x00,0x00,0xf4,0x72,0x00,0x00,0x41,0x00,0x05,0x00,0x14,0x00,0x00,0x00,
0xb5,0x6d,0x00,0x00,0xb0,0x6d,0x00,0x00,0xcd,0x02,0x00,0x00,0x3d,0x00,0x04,0x00,
0x13,0x00,0x00,0x00,0xe0,0x11,0x00,0x00,0xb5,0x6d,0x00,0x00,0x41,0x00,0x05,0x00,
0x14,0x00,0x00,0x00,0xbf,0x6d,0x00,0x00,0xba,0x6d,0x00,0x00,0xcd,0x02,0x00,0x00,
0x3d,0x00,0x04,0x00,0x13,0x00,0x00,0x00,0xe2,0x11,0x00,0x00,0xbf,0x6d,0x00,0x00,
0x0c,0x00,0x07,0x00,0x13,0x00,0x00,0x00,0x2b,0x14,0x00,0x00,0x01,0x00,0x00,0x00,
0x25,0x00,0x00,0x00,0xe0,0x11,0x00,0x00,0xe2,0x11,0x00,0x00,0xba,0x00,0x05,0x00,
0x6e,0x00,0x00,0x00,0xe5,0x11,0x00,0x00,0x2b,0x14,0x00,0x00,0x72,0x03,0x00,0x00,
0xf7,0x00,0x03,0x00,0x27,0x12,0x00,0x00,0x00,0x00,0x00,0x00,0xfa,0x00,0x04,0x00,
0xe5,0x11,0x00,0x00,0xe6,0x11,0x00,0x00,0x27,0x12,0x00,0x00,0xf8,0x00,0x02,0x00,
0xe6,0x11,0x00,0x00,0xf9,0x00,0x02,0x00,0xe7,0x11,0x00,0x00,0xf8,0x00,0x02,0x00,
0xe7,0x11,0x00,0x00,0xf5,0x00,0x07,0x00,0x1a,0x00,0x00,0x00,0x17,0x7b,0x00,0x00,
0x4c,0x01,0x00,0x00,0xe6,0x11,0x00,0x00,0x1b,0x7c,0x00,0x00,0x23,0x12,0x00,0x00,
0xf5,0x00,0x07,0x00,0x1a,0x00,0x00,0x00,0x16,0x7b,0x00,0x00,0x4c,0x01,0x00,0x00,
0xe6,0x11,0x00,0x00,0x1a,0x7c,0x00,0x00,0x23,0x12,0x00,0x00,0xf5,0x00,0x07,0x00,
0x13,0x00,0x00,0x00,0x0f,0x78,0x00,0x00,0x5e,0x03,0x00,0x00,0xe6,0x11,0x00,0x00,
0x31,0x7b,0x00,0x00,0x23,0x12,0x00,0x00,0xf5,0x00,0x07,0x00,0x1a,0x00,0x00,0x00,
0x0e,0x78,0x00,0x00,0x4c,0x01,0x00,0x00,0xe6,0x11,0x00,0x00,0x25,0x12,0x00,0x00,
0x23,0x12,0x00,0x00,0xb1,0x00,0x05,0x00,0x6e,0x00,0x00,0x00,0xea,0x11,0x00,0x00,
0x0e,0x78,0x00,0x00,0x7d,0x03,0x00,0x00,0xb8,0x00,0x05,0x00,0x6e,0x00,0x00,0x00,
0xec,0x11,0x00,0x00,0x0f,0x78,0x00,0x00,0x80,0x03,0x00,0x00,0xa7,0x00,0x05,0x00,
0x6e,0x00,0x00,0x00,0xed,0x11,0x00,0x00,0xea,0x11,0x00,0x00,0xec,0x11,0x00,0x00,
0xf6,0x00,0x04,0x00,0x26,0x12,0x00,0x00,0x23,0x12,0x00,0x00,0x00,0x00,0x00,0x00,
0xfa,0x00,0x04,0x00,0xed,0x11,0x00,0x00,0xee,0x11,0x00,0x00,0x26,0x12,0x00,0x00,
0xf8,0x00,0x02,0x00,0xee,0x11,0x00,0x00,0x41,0x00,0x05,0x00,0x14,0x00,0x00,0x00,
0xb6,0x6d,0x00,0x00,0xb0,0x6d,0x00,0x00,0x16,0x7b,0x00,0x00,0x3d,0x00,0x04,0x00,
0x13,0x00,0x00,0x00,0xf1,0x11,0x00,0x00,0xb6,0x6d,0x00,0x00,0x41,0x00,0x05,0x00,
0x14,0x00,0x00,0x00,0xc0,0x6d,0x00,0x00,0xba,0x6d,0x00,0x00,0x17,0x7b,0x00,0x00,
0x3d,0x00,0x04,0x00,0x13,0x00,0x00,0x00,0xf4,0x11,0x00,0x00,0xc0,0x6d,0x00,0x00,
0x83,0x00,0x05,0x00,0x13,0x00,0x00,0x00,0xf5,0x11,0x00,0x00,0xf1,0x11,0x00,0x00,
0xf4,0x11,0x00,0x00,0x0c,0x00,0x06,0x00,0x13,0x00,0x00,0x00,0xf7,0x11,0x00,0x00,
0x01,0x00,0x00,0x00,0x04,0x00,0x00,0x00,0xf5,0x11,0x00,0x00,0xba,0x00,0x05,0x00,
0x6e,0x00,0x00,0x00,0xf8,0x11,0x00,0x00,0xf7,0x11,0x00,0x00,0x8d,0x03,0x00,0x00,
0xf7,0x00,0x03,0x00,0x22,0x12,0x00,0x00,0x00,0x00,0x00,0x00,0xfa,0x00,0x04,0x00,
0xf8,0x11,0x00,0x00,0xf9,0x11,0x00,0x00,0x21,0x12,0x00,0x00,0xf8,0x00,0x02,0x00,
0x21,0x12,0x00,0x00,0xf9,0x00,0x02,0x00,0x22,0x12,0x00,0x00,0xf8,0x00,0x02,0x00,
0xf9,0x11,0x00,0x00,0x0c,0x00,0x06,0x00,0x13,0x00,0x00,0x00,0xfb,0x11,0x00,0x00,
0x01,0x00,0x00,0x00,0x06,0x00,0x00,0x00,0xf5,0x11,0x00,0x00,0x3d,0x00,0x04,0x00,
0x13,0x00,0x00,0x00,0xfe,0x11,0x00,0x00,0xb6,0x6d,0x00,0x00,0x3d,0x00,0x04,0x00,
0x13,0x00,0x00,0x00,0x01,0x12,0x00,0x00,0xc0,0x6d,0x00,0x00,0x0c,0x00,0x07,0x00,
0x13,0x00,0x00,0x00,0x42,0x14,0x00,0x00,0x01,0x00,0x00,0x00,0x28,0x00,0x00,0x00,
0xfe,0x11,0x00,0x00,0x01,0x12,0x00,0x00,0xb7,0x00,0x05,0x00,0x6e,0x00,0x00,0x00,
0x36,0x14,0x00,0x00,0x42,0x14,0x00,0x00,0xd8,0x01,0x00,0x00,0xf7,0x00,0x03,0x00,
0x3c,0x14,0x00,0x00,0x00,0x00,0x00,0x00,0xfa,0x00,0x04,0x00,0x36,0x14,0x00,0x00,
0x37,0x14,0x00,0x00,0x3b,0x14,0x00,0x00,0xf8,0x00,0x02,0x00,0x3b,0x14,0x00,0x00,
0xf9,0x00,0x02,0x00,0x3c,0x14,0x00,0x00,0xf8,0x00,0x02,0x00,0x37,0x14,0x00,0x00,
0x0c,0x00,0x07,0x00,0x13,0x00,0x00,0x00,0x47,0x14,0x00,0x00,0x01,0x00,0x00,0x00,
0x25,0x00,0x00,0x00,0xfe,0x11,0x00,0x00,0x01,0x12,0x00,0x00,0x88,0x00,0x05,0x00,
0x13,0x00,0x00,0x00,0x3a,0x14,0x00,0x00,0x47,0x14,0x00,0x00,0x42,0x14,0x00,0x00,
0xf9,0x00,0x02,0x00,0x3c,0x14,0x00,0x00,0xf8,0x00,0x02,0x00,0x3c,0x14,0x00,0x00,
0xf5,0x00,0x07,0x00,0x13,0x00,0x00,0x00,0x18,0x7b,0x00,0x00,0xd8,0x01,0x00,0x00,
0x3b,0x14,0x00,0x00,0x3a,0x14,0x00,0x00,0x37,0x14,0x00,0x00,0x83,0x00,0x05,0x00,
0x13,0x00,0x00,0x00,0x03,0x12,0x00,0x00,0xdc,0x01,0x00,0x00,0x18,0x7b,0x00,0x00,
0x85,0x00,0x05,0x00,0x13,0x00,0x00,0x00,0x04,0x12,0x00,0x00,0xfb,0x11,0x00,0x00,
0x03,0x12,0x00,0x00,0x0c,0x00,0x06,0x00,0x13,0x00,0x00,0x00,0x06,0x12,0x00,0x00,
0x01,0x00,0x00,0x00,0x04,0x00,0x00,0x00,0x04,0x12,0x00,0x00,0x0c,0x00,0x06,0x00,
0x13,0x00,0x00,0x00,0x08,0x12,0x00,0x00,0x01,0x00,0x00,0x00,0x04,0x00,0x00,0x00,
0x0f,0x78,0x00,0x00,0xb8,0x00,0x05,0x00,0x6e,0x00,0x00,0x00,0x09,0x12,0x00,0x00,
0x06,0x12,0x00,0x00,0x08,0x12,0x00,0x00,0xa9,0x00,0x06,0x00,0x13,0x00,0x00,0x00,
0x0c,0x12,0x00,0x00,0x09,0x12,0x00,0x00,0x04,0x12,0x00,0x00,0x0f,0x78,0x00,0x00,
0x3d,0x00,0x04,0x00,0x13,0x00,0x00,0x00,0x0f,0x12,0x00,0x00,0xb6,0x6d,0x00,0x00,
0x3d,0x00,0x04,0x00,0x13,0x00,0x00,0x00,0x12,0x12,0x00,0x00,0xc0,0x6d,0x00,0x00,
0xb8,0x00,0x05,0x00,0x6e,0x00,0x00,0x00,0x13,0x12,0x00,0x00,0x0f,0x12,0x00,0x00,
0x12,0x12,0x00,0x00,0xa9,0x00,0x06,0x00,0x1a,0x00,0x00,0x00,0x14,0x12,0x00,0x00,
0x13,0x12,0x00,0x00,0x91,0x01,0x00,0x00,0x4c,0x01,0x00,0x00,0x80,0x00,0x05,0x00,
0x1a,0x00,0x00,0x00,0x16,0x12,0x00,0x00,0x16,0x7b,0x00,0x00,0x14,0x12,0x00,0x00,
0x41,0x00,0x05,0x00,0x14,0x00,0x00,0x00,0xb9,0x6d,0x00,0x00,0xb0,0x6d,0x00,0x00,
0x16,0x12,0x00,0x00,0x3d,0x00,0x04,0x00,0x13,0x00,0x00,0x00,0x19,0x12,0x00,0x00,
0xb9,0x6d,0x00,0x00,0x3d,0x00,0x04,0x00,0x13,0x00,0x00,0x00,0x1c,0x12,0x00,0x00,
0xc0,0x6d,0x00,0x00,0xbe,0x00,0x05,0x00,0x6e,0x00,0x00,0x00,0x1d,0x12,0x00,0x00,
0x19,0x12,0x00,0x00,0x1c,0x12,0x00,0x00,0xa9,0x00,0x06,0x00,0x1a,0x00,0x00,0x00,
0x1e,0x12,0x00,0x00,0x1d,0x12,0x00,0x00,0x91,0x01,0x00,0x00,0x4c,0x01,0x00,0x00,
0x80,0x00,0x05,0x00,0x1a,0x00,0x00,0x00,0x20,0x12,0x00,0x00,0x17,0x7b,0x00,0x00,
0x1e,0x12,0x00,0x00,0xf9,0x00,0x02,0x00,0x22,0x12,0x00,0x00,0xf8,0x00,0x02,0x00,
0x22,0x12,0x00,0x00,0xf5,0x00,0x07,0x00,0x1a,0x00,0x00,0x00,0x1b,0x7c,0x00,0x00,
0x17,0x7b,0x00,0x00,0x21,0x12,0x00,0x00,0x20,0x12,0x00,0x00,0x3c,0x14,0x00,0x00,
0xf5,0x00,0x07,0x00,0x1a,0x00,0x00,0x00,0x1a,0x7c,0x00,0x00,0x16,0x7b,0x00,0x00,
0x21,0x12,0x00,0x00,0x16,0x12,0x00,0x00,0x3c,0x14,0x00,0x00,0xf5,0x00,0x07,0x00,
0x13,0x00,0x00,0x00,0x31,0x7b,0x00,0x00,0x80,0x03,0x00,0x00,0x21,0x12,0x00,0x00,
0x0c,0x12,0x00,0x00,0x3c,0x14,0x00,0x00,0xf9,0x00,0x02,0x00,0x23,0x12,0x00,0x00,
0xf8,0x00,0x02,0x00,0x23,0x12,0x00,0x00,0x80,0x00,0x05,0x00,0x1a,0x00,0x00,0x00,
0x25,0x12,0x00,0x00,0x0e,0x78,0x00,0x00,0x91,0x01,0x00,0x00,0xf9,0x00,0x02,0x00,
0xe7,0x11,0x00,0x00,0xf8,0x00,0x02,0x00,0x26,0x12,0x00,0x00,0xf9,0x00,0x02,0x00,
0x27,0x12,0x00,0x00,0xf8,0x00,0x02,0x00,0x27,0x12,0x00,0x00,0xf5,0x00,0x07,0x00,
0x13,0x00,0x00,0x00,0x10,0x78,0x00,0x00,0x5e,0x03,0x00,0x00,0x64,0x10,0x00,0x00,
0x0f,0x78,0x00,0x00,0x26,0x12,0x00,0x00,0xb8,0x00,0x05,0x00,0x6e,0x00,0x00,0x00,
0x2a,0x12,0x00,0x00,0x10,0x78,0x00,0x00,0x5e,0x03,0x00,0x00,0xa9,0x00,0x06,0x00,
0x13,0x00,0x00,0x00,0x2b,0x12,0x00,0x00,0x2a,0x12,0x00,0x00,0xdc,0x01,0x00,0x00,
0xd8,0x01,0x00,0x00,0x85,0x00,0x05,0x00,0x13,0x00,0x00,0x00,0x2c,0x12,0x00,0x00,
0x10,0x78,0x00,0x00,0x2b,0x12,0x00,0x00,0xf9,0x00,0x02,0x00,0x6a,0x10,0x00,0x00,
0xf8,0x00,0x02,0x00,0x6a,0x10,0x00,0x00,0xf5,0x00,0x07,0x00,0x13,0x00,0x00,0x00,
0x11,0x78,0x00,0x00,0xd8,0x01,0x00,0x00,0x52,0x11,0x00,0x00,0x2c,0x12,0x00,0x00,
0x27,0x12,0x00,0x00,0x52,0x00,0x06,0x00,0x9f,0x00,0x00,0x00,0xb7,0x75,0x00,0x00,
0x11,0x78,0x00,0x00,0x8e,0x04,0x00,0x00,0x00,0x00,0x00,0x00,0xb7,0x00,0x05,0x00,
0x6e,0x00,0x00,0x00,0x07,0x10,0x00,0x00,0x11,0x78,0x00,0x00,0xd8,0x01,0x00,0x00,
0xf7,0x00,0x03,0x00,0x0c,0x10,0x00,0x00,0x00,0x00,0x00,0x00,0xfa,0x00,0x04,0x00,
0x07,0x10,0x00,0x00,0x08,0x10,0x00,0x00,0x0b,0x10,0x00,0x00,0xf8,0x00,0x02,0x00,
0x0b,0x10,0x00,0x00,0xf9,0x00,0x02,0x00,0x0c,0x10,0x00,0x00,0xf8,0x00,0x02,0x00,
0x08,0x10,0x00,0x00,0x0c,0x00,0x06,0x00,0x13,0x00,0x00,0x00,0x0a,0x10,0x00,0x00,
0x01,0x00,0x00,0x00,0x06,0x00,0x00,0x00,0x11,0x78,0x00,0x00,0xf9,0x00,0x02,0x00,
0x0c,0x10,0x00,0x00,0xf8,0x00,0x02,0x00,0x0c,0x10,0x00,0x00,0xf5,0x00,0x07,0x00,
0x13,0x00,0x00,0x00,0x18,0x78,0x00,0x00,0xd8,0x01,0x00,0x00,0x0b,0x10,0x00,0x00,
0x0a,0x10,0x00,0x00,0x08,0x10,0x00,0x00,0x52,0x00,0x06,0x00,0x9f,0x00,0x00,0x00,
0xb9,0x75,0x00,0x00,0x18,0x78,0x00,0x00,0xb7,0x75,0x00,0x00,0x01,0x00,0x00,0x00,
0x52,0x00,0x06,0x00,0x9f,0x00,0x00,0x00,0xbb,0x75,0x00,0x00,0xdc,0x01,0x00,0x00,
0xb9,0x75,0x00,0x00,0x02,0x00,0x00,0x00,0x7c,0x00,0x04,0x00,0x32,0x00,0x00,0x00,
0x72,0x0b,0x00,0x00,0x50,0x0b,0x00,0x00,0x6f,0x00,0x04,0x00,0x38,0x00,0x00,0x00,
0x73,0x0b,0x00,0x00,0x72,0x0b,0x00,0x00,0x6e,0x00,0x04,0x00,0x32,0x00,0x00,0x00,
0x58,0x14,0x00,0x00,0x73,0x0b,0x00,0x00,0x51,0x00,0x05,0x00,0x1a,0x00,0x00,0x00,
0x8b,0x14,0x00,0x00,0x58,0x14,0x00,0x00,0x00,0x00,0x00,0x00,0x0c,0x00,0x07,0x00,
0x1a,0x00,0x00,0x00,0x9c,0x14,0x00,0x00,0x01,0x00,0x00,0x00,0x27,0x00,0x00,0x00,
0x8b,0x14,0x00,0x00,0xc1,0x0b,0x00,0x00,0x0c,0x00,0x07,0x00,0x1a,0x00,0x00,0x00,
0xa1,0x14,0x00,0x00,0x01,0x00,0x00,0x00,0x2a,0x00,0x00,0x00,0x4c,0x01,0x00,0x00,
0x9c,0x14,0x00,0x00,0x51,0x00,0x05,0x00,0x1a,0x00,0x00,0x00,0x93,0x14,0x00,0x00,
0x58,0x14,0x00,0x00,0x01,0x00,0x00,0x00,0x0c,0x00,0x07,0x00,0x1a,0x00,0x00,0x00,
0xa6,0x14,0x00,0x00,0x01,0x00,0x00,0x00,0x27,0x00,0x00,0x00,0x93,0x14,0x00,0x00,
0xc9,0x0b,0x00,0x00,0x0c,0x00,0x07,0x00,0x1a,0x00,0x00,0x00,0xab,0x14,0x00,0x00,
0x01,0x00,0x00,0x00,0x2a,0x00,0x00,0x00,0x4c,0x01,0x00,0x00,0xa6,0x14,0x00,0x00,
0x50,0x00,0x05,0x00,0x32,0x00,0x00,0x00,0xc9,0x77,0x00,0x00,0xa1,0x14,0x00,0x00,
0xab,0x14,0x00,0x00,0x3d,0x00,0x04,0x00,0xb9,0x01,0x00,0x00,0xae,0x14,0x00,0x00,
0xca,0x01,0x00,0x00,0x5f,0x00,0x07,0x00,0x9f,0x00,0x00,0x00,0xb0,0x14,0x00,0x00,
0xae,0x14,0x00,0x00,0xc9,0x77,0x00,0x00,0x02,0x00,0x00,0x00,0x4c,0x01,0x00,0x00,
0x4f,0x00,0x07,0x00,0x38,0x00,0x00,0x00,0xb1,0x14,0x00,0x00,0xb0,0x14,0x00,0x00,
0xb0,0x14,0x00,0x00,0x00,0x00,0x00,0x00,0x01,0x00,0x00,0x00,0x6f,0x00,0x04,0x00,
0x38,0x00,0x00,0x00,0x5e,0x14,0x00,0x00,0xc9,0x77,0x00,0x00,0x81,0x00,0x05,0x00,
0x38,0x00,0x00,0x00,0x60,0x14,0x00,0x00,0x5e,0x14,0x00,0x00,0xc7,0x77,0x00,0x00,
0x88,0x00,0x05,0x00,0x38,0x00,0x00,0x00,0x63,0x14,0x00,0x00,0x60,0x14,0x00,0x00,
0x9a,0x0b,0x00,0x00,0x3e,0x00,0x03,0x00,0xd6,0x14,0x00,0x00,0xdf,0x03,0x00,0x00,
0x81,0x00,0x05,0x00,0x38,0x00,0x00,0x00,0xe5,0x14,0x00,0x00,0x63,0x14,0x00,0x00,
0x1c,0x0c,0x00,0x00,0x85,0x00,0x05,0x00,0x38,0x00,0x00,0x00,0xe9,0x14,0x00,0x00,
0xe5,0x14,0x00,0x00,0x9a,0x0b,0x00,0x00,0x0c,0x00,0x06,0x00,0x38,0x00,0x00,0x00,
0xea,0x14,0x00,0x00,0x01,0x00,0x00,0x00,0x08,0x00,0x00,0x00,0xe9,0x14,0x00,0x00,
0x6e,0x00,0x04,0x00,0x32,0x00,0x00,0x00,0xeb,0x14,0x00,0x00,0xea,0x14,0x00,0x00,
0xf9,0x00,0x02,0x00,0xec,0x14,0x00,0x00,0xf8,0x00,0x02,0x00,0xec,0x14,0x00,0x00,
0xf5,0x00,0x07,0x00,0x1a,0x00,0x00,0x00,0x1a,0x78,0x00,0x00,0x4c,0x01,0x00,0x00,
0x0c,0x10,0x00,0x00,0x0b,0x15,0x00,0x00,0x09,0x15,0x00,0x00,0xb1,0x00,0x05,0x00,
0x6e,0x00,0x00,0x00,0xef,0x14,0x00,0x00,0x1a,0x78,0x00,0x00,0x7d,0x03,0x00,0x00,
0xf6,0x00,0x04,0x00,0x0c,0x15,0x00,0x00,0x09,0x15,0x00,0x00,0x00,0x00,0x00,0x00,
0xfa,0x00,0x04,0x00,0xef,0x14,0x00,0x00,0xf0,0x14,0x00,0x00,0x0c,0x15,0x00,0x00,
0xf8,0x00,0x02,0x00,0xf0,0x14,0x00,0x00,0x41,0x00,0x05,0x00,0x49,0x00,0x00,0x00,
0xf4,0x14,0x00,0x00,0xd6,0x14,0x00,0x00,0x1a,0x78,0x00,0x00,0x3d,0x00,0x04,0x00,
0x32,0x00,0x00,0x00,0xf5,0x14,0x00,0x00,0xf4,0x14,0x00,0x00,0x80,0x00,0x05,0x00,
0x32,0x00,0x00,0x00,0x2b,0x15,0x00,0x00,0xeb,0x14,0x00,0x00,0xf5,0x14,0x00,0x00,
0x51,0x00,0x05,0x00,0x1a,0x00,0x00,0x00,0x30,0x15,0x00,0x00,0x2b,0x15,0x00,0x00,
0x00,0x00,0x00,0x00,0x0c,0x00,0x07,0x00,0x1a,0x00,0x00,0x00,0x41,0x15,0x00,0x00,
0x01,0x00,0x00,0x00,0x27,0x00,0x00,0x00,0x30,0x15,0x00,0x00,0xc1,0x0b,0x00,0x00,
0x0c,0x00,0x07,0x00,0x1a,0x00,0x00,0x00,0x46,0x15,0x00,0x00,0x01,0x00,0x00,0x00,
0x2a,0x00,0x00,0x00,0x4c,0x01,0x00,0x00,0x41,0x15,0x00,0x00,0x51,0x00,0x05,0x00,
0x1a,0x00,0x00,0x00,0x38,0x15,0x00,0x00,0x2b,0x15,0x00,0x00,0x01,0x00,0x00,0x00,
0x0c,0x00,0x07,0x00,0x1a,0x00,0x00,0x00,0x4b,0x15,0x00,0x00,0x01,0x00,0x00,0x00,
0x27,0x00,0x00,0x00,0x38,0x15,0x00,0x00,0xc9,0x0b,0x00,0x00,0x0c,0x00,0x07,0x00,
0x1a,0x00,0x00,0x00,0x50,0x15,0x00,0x00,0x01,0x00,0x00,0x00,0x2a,0x00,0x00,0x00,
0x4c,0x01,0x00,0x00,0x4b,0x15,0x00,0x00,0x50,0x00,0x05,0x00,0x32,0x00,0x00,0x00,
0xf9,0x77,0x00,0x00,0x46,0x15,0x00,0x00,0x50,0x15,0x00,0x00,0x3d,0x00,0x04,0x00,
0xb9,0x01,0x00,0x00,0x53,0x15,0x00,0x00,0xbb,0x01,0x00,0x00,0x5f,0x00,0x07,0x00,
0x9f,0x00,0x00,0x00,0x55,0x15,0x00,0x00,0x53,0x15,0x00,0x00,0xf9,0x77,0x00,0x00,
0x02,0x00,0x00,0x00,0x4c,0x01,0x00,0x00,0x51,0x00,0x05,0x00,0x13,0x00,0x00,0x00,
0x56,0x15,0x00,0x00,0x55,0x15,0x00,0x00,0x00,0x00,0x00,0x00,0x3d,0x00,0x04,0x00,
0xb9,0x01,0x00,0x00,0x5a,0x15,0x00,0x00,0xd2,0x01,0x00,0x00,0x5f,0x00,0x07,0x00,
0x9f,0x00,0x00,0x00,0x5b,0x15,0x00,0x00,0x5a,0x15,0x00,0x00,0xd4,0x01,0x00,0x00,
0x02,0x00,0x00,0x00,0x4c,0x01,0x00,0x00,0x51,0x00,0x05,0x00,0x13,0x00,0x00,0x00,
0x5c,0x15,0x00,0x00,0x5b,0x15,0x00,0x00,0x00,0x00,0x00,0x00,0xb4,0x00,0x05,0x00,
0x6e,0x00,0x00,0x00,0x5e,0x15,0x00,0x00,0x5c,0x15,0x00,0x00,0xd8,0x01,0x00,0x00,
0xf9,0x00,0x02,0x00,0x60,0x15,0x00,0x00,0xf8,0x00,0x02,0x00,0x60,0x15,0x00,0x00,
0xa9,0x00,0x06,0x00,0x13,0x00,0x00,0x00,0x22,0x7c,0x00,0x00,0x5e,0x15,0x00,0x00,
0xdc,0x01,0x00,0x00,0x5c,0x15,0x00,0x00,0x85,0x00,0x05,0x00,0x13,0x00,0x00,0x00,
0xfb,0x14,0x00,0x00,0x56,0x15,0x00,0x00,0x22,0x7c,0x00,0x00,0x41,0x00,0x05,0x00,
0x14,0x00,0x00,0x00,0xf0,0x6c,0x00,0x00,0xef,0x6c,0x00,0x00,0x1a,0x78,0x00,0x00,
0x3e,0x00,0x03,0x00,0xf0,0x6c,0x00,0x00,0xfb,0x14,0x00,0x00,0x3d,0x00,0x04,0x00,
0x13,0x00,0x00,0x00,0x00,0x15,0x00,0x00,0xf0,0x6c,0x00,0x00,0x0c,0x00,0x07,0x00,
0x13,0x00,0x00,0x00,0x66,0x15,0x00,0x00,0x01,0x00,0x00,0x00,0x1a,0x00,0x00,0x00,
0x00,0x15,0x00,0x00,0xdc,0x01,0x00,0x00,0x3e,0x00,0x03,0x00,0xf0,0x6c,0x00,0x00,
0x66,0x15,0x00,0x00,0x3d,0x00,0x04,0x00,0x13,0x00,0x00,0x00,0x06,0x15,0x00,0x00,
0xf0,0x6c,0x00,0x00,0x0c,0x00,0x07,0x00,0x13,0x00,0x00,0x00,0x6b,0x15,0x00,0x00,
0x01,0x00,0x00,0x00,0x28,0x00,0x00,0x00,0x06,0x15,0x00,0x00,0x8d,0x03,0x00,0x00,
0x3e,0x00,0x03,0x00,0xf0,0x6c,0x00,0x00,0x6b,0x15,0x00,0x00,0xf9,0x00,0x02,0x00,
0x09,0x15,0x00,0x00,0xf8,0x00,0x02,0x00,0x09,0x15,0x00,0x00,0x80,0x00,0x05,0x00,
0x1a,0x00,0x00,0x00,0x0b,0x15,0x00,0x00,0x1a,0x78,0x00,0x00,0x91,0x01,0x00,0x00,
0xf9,0x00,0x02,0x00,0xec,0x14,0x00,0x00,0xf8,0x00,0x02,0x00,0x0c,0x15,0x00,0x00,
0x3d,0x00,0x04,0x00,0x82,0x00,0x00,0x00,0xf5,0x6c,0x00,0x00,0xef,0x6c,0x00,0x00,
0x3e,0x00,0x03,0x00,0x75,0x15,0x00,0x00,0xdf,0x03,0x00,0x00,0x81,0x00,0x05,0x00,
0x38,0x00,0x00,0x00,0x83,0x15,0x00,0x00,0x63,0x14,0x00,0x00,0xba,0x0c,0x00,0x00,
0x81,0x00,0x05,0x00,0x38,0x00,0x00,0x00,0x86,0x15,0x00,0x00,0x83,0x15,0x00,0x00,
0xb1,0x14,0x00,0x00,0x51,0x00,0x05,0x00,0x13,0x00,0x00,0x00,0xc3,0x15,0x00,0x00,
0x86,0x15,0x00,0x00,0x00,0x00,0x00,0x00,0xbe,0x00,0x05,0x00,0x6e,0x00,0x00,0x00,
0xc4,0x15,0x00,0x00,0xc3,0x15,0x00,0x00,0xd8,0x01,0x00,0x00,0xf7,0x00,0x03,0x00,
0xc9,0x15,0x00,0x00,0x00,0x00,0x00,0x00,0xfa,0x00,0x04,0x00,0xc4,0x15,0x00,0x00,
0xc5,0x15,0x00,0x00,0xc9,0x15,0x00,0x00,0xf8,0x00,0x02,0x00,0xc5,0x15,0x00,0x00,
0xbc,0x00,0x05,0x00,0x6e,0x00,0x00,0x00,0xc8,0x15,0x00,0x00,0xc3,0x15,0x00,0x00,
0xdc,0x01,0x00,0x00,0xf9,0x00,0x02,0x00,0xc9,0x15,0x00,0x00,0xf8,0x00,0x02,0x00,
0xc9,0x15,0x00,0x00,0xf5,0x00,0x07,0x00,0x6e,0x00,0x00,0x00,0xca,0x15,0x00,0x00,
0xc4,0x15,0x00,0x00,0x0c,0x15,0x00,0x00,0xc8,0x15,0x00,0x00,0xc5,0x15,0x00,0x00,
0xf7,0x00,0x03,0x00,0xd5,0x15,0x00,0x00,0x00,0x00,0x00,0x00,0xfa,0x00,0x04,0x00,
0xca,0x15,0x00,0x00,0xcb,0x15,0x00,0x00,0xd5,0x15,0x00,0x00,0xf8,0x00,0x02,0x00,
0xcb,0x15,0x00,0x00,0x51,0x00,0x05,0x00,0x13,0x00,0x00,0x00,0xcd,0x15,0x00,0x00,
0x86,0x15,0x00,0x00,0x01,0x00,0x00,0x00,0xbe,0x00,0x05,0x00,0x6e,0x00,0x00,0x00,
0xce,0x15,0x00,0x00,0xcd,0x15,0x00,0x00,0xd8,0x01,0x00,0x00,0xf7,0x00,0x03,0x00,
0xd3,0x15,0x00,0x00,0x00,0x00,0x00,0x00,0xfa,0x00,0x04,0x00,0xce,0x15,0x00,0x00,
0xcf,0x15,0x00,0x00,0xd3,0x15,0x00,0x00,0xf8,0x00,0x02,0x00,0xcf,0x15,0x00,0x00,
0xbc,0x00,0x05,0x00,0x6e,0x00,0x00,0x00,0xd2,0x15,0x00,0x00,0xcd,0x15,0x00,0x00,
0xdc,0x01,0x00,0x00,0xf9,0x00,0x02,0x00,0xd3,0x15,0x00,0x00,0xf8,0x00,0x02,0x00,
0xd3,0x15,0x00,0x00,0xf5,0x00,0x07,0x00,0x6e,0x00,0x00,0x00,0xd4,0x15,0x00,0x00,
0xce,0x15,0x00,0x00,0xcb,0x15,0x00,0x00,0xd2,0x15,0x00,0x00,0xcf,0x15,0x00,0x00,
0xf9,0x00,0x02,0x00,0xd5,0x15,0x00,0x00,0xf8,0x00,0x02,0x00,0xd5,0x15,0x00,0x00,
0xf5,0x00,0x07,0x00,0x6e,0x00,0x00,0x00,0xd6,0x15,0x00,0x00,0xca,0x15,0x00,0x00,
0xc9,0x15,0x00,0x00,0xd4,0x15,0x00,0x00,0xd3,0x15,0x00,0x00,0xf7,0x00,0x03,0x00,
0xb6,0x15,0x00,0x00,0x00,0x00,0x00,0x00,0xfa,0x00,0x04,0x00,0xd6,0x15,0x00,0x00,
0x8c,0x15,0x00,0x00,0xb6,0x15,0x00,0x00,0xf8,0x00,0x02,0x00,0x8c,0x15,0x00,0x00,
0x85,0x00,0x05,0x00,0x38,0x00,0x00,0x00,0x90,0x15,0x00,0x00,0x86,0x15,0x00,0x00,
0xb9,0x0c,0x00,0x00,0x0c,0x00,0x06,0x00,0x38,0x00,0x00,0x00,0x91,0x15,0x00,0x00,
0x01,0x00,0x00,0x00,0x08,0x00,0x00,0x00,0x90,0x15,0x00,0x00,0x6e,0x00,0x04,0x00,
0x32,0x00,0x00,0x00,0x92,0x15,0x00,0x00,0x91,0x15,0x00,0x00,0xf9,0x00,0x02,0x00,
0x93,0x15,0x00,0x00,0xf8,0x00,0x02,0x00,0x93,0x15,0x00,0x00,0xf5,0x00,0x07,0x00,
0x1a,0x00,0x00,0x00,0x1b,0x78,0x00,0x00,0x4c,0x01,0x00,0x00,0x8c,0x15,0x00,0x00,
0xb4,0x15,0x00,0x00,0xb2,0x15,0x00,0x00,0xb1,0x00,0x05,0x00,0x6e,0x00,0x00,0x00,
0x96,0x15,0x00,0x00,0x1b,0x78,0x00,0x00,0x7d,0x03,0x00,0x00,0xf6,0x00,0x04,0x00,
0xb5,0x15,0x00,0x00,0xb2,0x15,0x00,0x00,0x00,0x00,0x00,0x00,0xfa,0x00,0x04,0x00,
0x96,0x15,0x00,0x00,0x97,0x15,0x00,0x00,0xb5,0x15,0x00,0x00,0xf8,0x00,0x02,0x00,
0x97,0x15,0x00,0x00,0x41,0x00,0x05,0x00,0x49,0x00,0x00,0x00,0x9b,0x15,0x00,0x00,
0x75,0x15,0x00,0x00,0x1b,0x78,0x00,0x00,0x3d,0x00,0x04,0x00,0x32,0x00,0x00,0x00,
0x9c,0x15,0x00,0x00,0x9b,0x15,0x00,0x00,0x80,0x00,0x05,0x00,0x32,0x00,0x00,0x00,
0xec,0x15,0x00,0x00,0x92,0x15,0x00,0x00,0x9c,0x15,0x00,0x00,0x51,0x00,0x05,0x00,
0x1a,0x00,0x00,0x00,0xee,0x15,0x00,0x00,0xf7,0x0c,0x00,0x00,0x00,0x00,0x00,0x00,
0x82,0x00,0x05,0x00,0x1a,0x00,0x00,0x00,0xef,0x15,0x00,0x00,0xee,0x15,0x00,0x00,
0x91,0x01,0x00,0x00,0x51,0x00,0x05,0x00,0x1a,0x00,0x00,0x00,0xf1,0x15,0x00,0x00,
0xec,0x15,0x00,0x00,0x00,0x00,0x00,0x00,0x0c,0x00,0x07,0x00,0x1a,0x00,0x00,0x00,
0x02,0x16,0x00,0x00,0x01,0x00,0x00,0x00,0x27,0x00,0x00,0x00,0xf1,0x15,0x00,0x00,
0xef,0x15,0x00,0x00,0x0c,0x00,0x07,0x00,0x1a,0x00,0x00,0x00,0x07,0x16,0x00,0x00,
0x01,0x00,0x00,0x00,0x2a,0x00,0x00,0x00,0x4c,0x01,0x00,0x00,0x02,0x16,0x00,0x00,
0x51,0x00,0x05,0x00,0x1a,0x00,0x00,0x00,0xf6,0x15,0x00,0x00,0xf7,0x0c,0x00,0x00,
0x01,0x00,0x00,0x00,0x82,0x00,0x05,0x00,0x1a,0x00,0x00,0x00,0xf7,0x15,0x00,0x00,
0xf6,0x15,0x00,0x00,0x91,0x01,0x00,0x00,0x51,0x00,0x05,0x00,0x1a,0x00,0x00,0x00,
0xf9,0x15,0x00,0x00,0xec,0x15,0x00,0x00,0x01,0x00,0x00,0x00,0x0c,0x00,0x07,0x00,
0x1a,0x00,0x00,0x00,0x0c,0x16,0x00,0x00,0x01,0x00,0x00,0x00,0x27,0x00,0x00,0x00,
0xf9,0x15,0x00,0x00,0xf7,0x15,0x00,0x00,0x0c,0x00,0x07,0x00,0x1a,0x00,0x00,0x00,
0x11,0x16,0x00,0x00,0x01,0x00,0x00,0x00,0x2a,0x00,0x00,0x00,0x4c,0x01,0x00,0x00,
0x0c,0x16,0x00,0x00,0x50,0x00,0x05,0x00,0x32,0x00,0x00,0x00,0xf8,0x77,0x00,0x00,
0x07,0x16,0x00,0x00,0x11,0x16,0x00,0x00,0x3d,0x00,0x04,0x00,0xb9,0x01,0x00,0x00,
0x14,0x16,0x00,0x00,0xc3,0x01,0x00,0x00,0x5f,0x00,0x07,0x00,0x9f,0x00,0x00,0x00,
0x16,0x16,0x00,0x00,0x14,0x16,0x00,0x00,0xf8,0x77,0x00,0x00,0x02,0x00,0x00,0x00,
0x4c,0x01,0x00,0x00,0x51,0x00,0x05,0x00,0x13,0x00,0x00,0x00,0x17,0x16,0x00,0x00,
0x16,0x16,0x00,0x00,0x00,0x00,0x00,0x00,0x41,0x00,0x05,0x00,0xa2,0x01,0x00,0x00,
0x1a,0x16,0x00,0x00,0x8b,0x01,0x00,0x00,0xa1,0x01,0x00,0x00,0x3d,0x00,0x04,0x00,
0x13,0x00,0x00,0x00,0x1b,0x16,0x00,0x00,0x1a,0x16,0x00,0x00,0x85,0x00,0x05,0x00,
0x13,0x00,0x00,0x00,0xa2,0x15,0x00,0x00,0x17,0x16,0x00,0x00,0x1b,0x16,0x00,0x00,
0x3d,0x00,0x04,0x00,0xb9,0x01,0x00,0x00,0x1f,0x16,0x00,0x00,0xd2,0x01,0x00,0x00,
0x5f,0x00,0x07,0x00,0x9f,0x00,0x00,0x00,0x20,0x16,0x00,0x00,0x1f,0x16,0x00,0x00,
0xd4,0x01,0x00,0x00,0x02,0x00,0x00,0x00,0x4c,0x01,0x00,0x00,0x51,0x00,0x05,0x00,
0x13,0x00,0x00,0x00,0x21,0x16,0x00,0x00,0x20,0x16,0x00,0x00,0x00,0x00,0x00,0x00,
0xb4,0x00,0x05,0x00,0x6e,0x00,0x00,0x00,0x23,0x16,0x00,0x00,0x21,0x16,0x00,0x00,
0xd8,0x01,0x00,0x00,0xf9,0x00,0x02,0x00,0x25,0x16,0x00,0x00,0xf8,0x00,0x02,0x00,
0x25,0x16,0x00,0x00,0xa9,0x00,0x06,0x00,0x13,0x00,0x00,0x00,0x23,0x7c,0x00,0x00,
0x23,0x16,0x00,0x00,0xdc,0x01,0x00,0x00,0x21,0x16,0x00,0x00,0x85,0x00,0x05,0x00,
0x13,0x00,0x00,0x00,0xa4,0x15,0x00,0x00,0xa2,0x15,0x00,0x00,0x23,0x7c,0x00,0x00,
0x41,0x00,0x05,0x00,0x14,0x00,0x00,0x00,0xa6,0x72,0x00,0x00,0xa5,0x72,0x00,0x00,
0x1b,0x78,0x00,0x00,0x3e,0x00,0x03,0x00,0xa6,0x72,0x00,0x00,0xa4,0x15,0x00,0x00,
0x3d,0x00,0x04,0x00,0x13,0x00,0x00,0x00,0xa9,0x15,0x00,0x00,0xa6,0x72,0x00,0x00,
0x0c,0x00,0x07,0x00,0x13,0x00,0x00,0x00,0x2b,0x16,0x00,0x00,0x01,0x00,0x00,0x00,
0x1a,0x00,0x00,0x00,0xa9,0x15,0x00,0x00,0xdc,0x01,0x00,0x00,0x3e,0x00,0x03,0x00,
0xa6,0x72,0x00,0x00,0x2b,0x16,0x00,0x00,0x3d,0x00,0x04,0x00,0x13,0x00,0x00,0x00,
0xaf,0x15,0x00,0x00,0xa6,0x72,0x00,0x00,0x0c,0x00,0x07,0x00,0x13,0x00,0x00,0x00,
0x30,0x16,0x00,0x00,0x01,0x00,0x00,0x00,0x28,0x00,0x00,0x00,0xaf,0x15,0x00,0x00,
0x8d,0x03,0x00,0x00,0x3e,0x00,0x03,0x00,0xa6,0x72,0x00,0x00,0x30,0x16,0x00,0x00,
0xf9,0x00,0x02,0x00,0xb2,0x15,0x00,0x00,0xf8,0x00,0x02,0x00,0xb2,0x15,0x00,0x00,
0x80,0x00,0x05,0x00,0x1a,0x00,0x00,0x00,0xb4,0x15,0x00,0x00,0x1b,0x78,0x00,0x00,
0x91,0x01,0x00,0x00,0xf9,0x00,0x02,0x00,0x93,0x15,0x00,0x00,0xf8,0x00,0x02,0x00,
0xb5,0x15,0x00,0x00,0xf9,0x00,0x02,0x00,0xb6,0x15,0x00,0x00,0xf8,0x00,0x02,0x00,
0xb6,0x15,0x00,0x00,0x3d,0x00,0x04,0x00,0x82,0x00,0x00,0x00,0xab,0x72,0x00,0x00,
0xa5,0x72,0x00,0x00,0xf7,0x00,0x03,0x00,0xce,0x14,0x00,0x00,0x00,0x00,0x00,0x00,
0xfa,0x00,0x04,0x00,0xd6,0x15,0x00,0x00,0xc8,0x14,0x00,0x00,0xce,0x14,0x00,0x00,
0xf8,0x00,0x02,0x00,0xc8,0x14,0x00,0x00,0x51,0x00,0x05,0x00,0x13,0x00,0x00,0x00,
0x8a,0x72,0x00,0x00,0xf5,0x6c,0x00,0x00,0x00,0x00,0x00,0x00,0x51,0x00,0x05,0x00,
0x13,0x00,0x00,0x00,0x8b,0x72,0x00,0x00,0xf5,0x6c,0x00,0x00,0x01,0x00,0x00,0x00,
0x51,0x00,0x05,0x00,0x13,0x00,0x00,0x00,0x8c,0x72,0x00,0x00,0xf5,0x6c,0x00,0x00,
0x02,0x00,0x00,0x00,0x51,0x00,0x05,0x00,0x13,0x00,0x00,0x00,0x8d,0x72,0x00,0x00,
0xf5,0x6c,0x00,0x00,0x03,0x00,0x00,0x00,0x51,0x00,0x05,0x00,0x13,0x00,0x00,0x00,
0x8e,0x72,0x00,0x00,0xf5,0x6c,0x00,0x00,0x04,0x00,0x00,0x00,0x0c,0x00,0x07,0x00,
0x13,0x00,0x00,0x00,0x38,0x17,0x00,0x00,0x01,0x00,0x00,0x00,0x25,0x00,0x00,0x00,
0x8a,0x72,0x00,0x00,0x8d,0x72,0x00,0x00,0x0c,0x00,0x07,0x00,0x13,0x00,0x00,0x00,
0x3d,0x17,0x00,0x00,0x01,0x00,0x00,0x00,0x28,0x00,0x00,0x00,0x8a,0x72,0x00,0x00,
0x8d,0x72,0x00,0x00,0x0c,0x00,0x07,0x00,0x13,0x00,0x00,0x00,0x42,0x17,0x00,0x00,
0x01,0x00,0x00,0x00,0x25,0x00,0x00,0x00,0x8b,0x72,0x00,0x00,0x8e,0x72,0x00,0x00,
0x0c,0x00,0x07,0x00,0x13,0x00,0x00,0x00,0x47,0x17,0x00,0x00,0x01,0x00,0x00,0x00,
0x28,0x00,0x00,0x00,0x8b,0x72,0x00,0x00,0x8e,0x72,0x00,0x00,0x0c,0x00,0x07,0x00,
0x13,0x00,0x00,0x00,0x4c,0x17,0x00,0x00,0x01,0x00,0x00,0x00,0x25,0x00,0x00,0x00,
0x38,0x17,0x00,0x00,0x8c,0x72,0x00,0x00,0x0c,0x00,0x07,0x00,0x13,0x00,0x00,0x00,
0x51,0x17,0x00,0x00,0x01,0x00,0x00,0x00,0x28,0x00,0x00,0x00,0x38,0x17,0x00,0x00,
0x8c,0x72,0x00,0x00,0x0c,0x00,0x07,0x00,0x13,0x00,0x00,0x00,0x56,0x17,0x00,0x00,
0x01,0x00,0x00,0x00,0x25,0x00,0x00,0x00,0x42,0x17,0x00,0x00,0x3d,0x17,0x00,0x00,
0x0c,0x00,0x07,0x00,0x13,0x00,0x00,0x00,0x5b,0x17,0x00,0x00,0x01,0x00,0x00,0x00,
0x28,0x00,0x00,0x00,0x42,0x17,0x00,0x00,0x3d,0x17,0x00,0x00,0x0c,0x00,0x07,0x00,
0x13,0x00,0x00,0x00,0x60,0x17,0x00,0x00,0x01,0x00,0x00,0x00,0x25,0x00,0x00,0x00,
0x4c,0x17,0x00,0x00,0x56,0x17,0x00,0x00,0x0c,0x00,0x07,0x00,0x13,0x00,0x00,0x00,
0x65,0x17,0x00,0x00,0x01,0x00,0x00,0x00,0x28,0x00,0x00,0x00,0x4c,0x17,0x00,0x00,
0x56,0x17,0x00,0x00,0x0c,0x00,0x07,0x00,0x13,0x00,0x00,0x00,0x6a,0x17,0x00,0x00,
0x01,0x00,0x00,0x00,0x25,0x00,0x00,0x00,0x51,0x17,0x00,0x00,0x47,0x17,0x00,0x00,
0x0c,0x00,0x07,0x00,0x13,0x00,0x00,0x00,0x6f,0x17,0x00,0x00,0x01,0x00,0x00,0x00,
0x28,0x00,0x00,0x00,0x51,0x17,0x00,0x00,0x47,0x17,0x00,0x00,0x0c,0x00,0x07,0x00,
0x13,0x00,0x00,0x00,0x74,0x17,0x00,0x00,0x01,0x00,0x00,0x00,0x25,0x00,0x00,0x00,
0x65,0x17,0x00,0x00,0x6a,0x17,0x00,0x00,0x0c,0x00,0x07,0x00,0x13,0x00,0x00,0x00,
0x79,0x17,0x00,0x00,0x01,0x00,0x00,0x00,0x28,0x00,0x00,0x00,0x65,0x17,0x00,0x00,
0x6a,0x17,0x00,0x00,0x0c,0x00,0x07,0x00,0x13,0x00,0x00,0x00,0x7e,0x17,0x00,0x00,
0x01,0x00,0x00,0x00,0x25,0x00,0x00,0x00,0x5b,0x17,0x00,0x00,0x6f,0x17,0x00,0x00,
0x0c,0x00,0x07,0x00,0x13,0x00,0x00,0x00,0x83,0x17,0x00,0x00,0x01,0x00,0x00,0x00,
0x28,0x00,0x00,0x00,0x5b,0x17,0x00,0x00,0x6f,0x17,0x00,0x00,0x0c,0x00,0x07,0x00,
0x13,0x00,0x00,0x00,0x88,0x17,0x00,0x00,0x01,0x00,0x00,0x00,0x25,0x00,0x00,0x00,
0x79,0x17,0x00,0x00,0x7e,0x17,0x00,0x00,0x0c,0x00,0x07,0x00,0x13,0x00,0x00,0x00,
0x8d,0x17,0x00,0x00,0x01,0x00,0x00,0x00,0x28,0x00,0x00,0x00,0x79,0x17,0x00,0x00,
0x7e,0x17,0x00,0x00,0x50,0x00,0x08,0x00,0x82,0x00,0x00,0x00,0x94,0x72,0x00,0x00,
0x60,0x17,0x00,0x00,0x74,0x17,0x00,0x00,0x88,0x17,0x00,0x00,0x8d,0x17,0x00,0x00,
0x83,0x17,0x00,0x00,0x3e,0x00,0x03,0x00,0x03,0x6d,0x00,0x00,0x94,0x72,0x00,0x00,
0x51,0x00,0x05,0x00,0x13,0x00,0x00,0x00,0x9a,0x72,0x00,0x00,0xab,0x72,0x00,0x00,
0x00,0x00,0x00,0x00,0x51,0x00,0x05,0x00,0x13,0x00,0x00,0x00,0x9b,0x72,0x00,0x00,
0xab,0x72,0x00,0x00,0x01,0x00,0x00,0x00,0x51,0x00,0x05,0x00,0x13,0x00,0x00,0x00,
0x9c,0x72,0x00,0x00,0xab,0x72,0x00,0x00,0x02,0x00,0x00,0x00,0x51,0x00,0x05,0x00,
0x13,0x00,0x00,0x00,0x9d,0x72,0x00,0x00,0xab,0x72,0x00,0x00,0x03,0x00,0x00,0x00,
0x51,0x00,0x05,0x00,0x13,0x00,0x00,0x00,0x9e,0x72,0x00,0x00,0xab,0x72,0x00,0x00,
0x04,0x00,0x00,0x00,0x0c,0x00,0x07,0x00,0x13,0x00,0x00,0x00,0x35,0x18,0x00,0x00,
0x01,0x00,0x00,0x00,0x25,0x00,0x00,0x00,0x9a,0x72,0x00,0x00,0x9d,0x72,0x00,0x00,
0x0c,0x00,0x07,0x00,0x13,0x00,0x00,0x00,0x3a,0x18,0x00,0x00,0x01,0x00,0x00,0x00,
0x28,0x00,0x00,0x00,0x9a,0x72,0x00,0x00,0x9d,0x72,0x00,0x00,0x0c,0x00,0x07,0x00,
0x13,0x00,0x00,0x00,0x3f,0x18,0x00,0x00,0x01,0x00,0x00,0x00,0x25,0x00,0x00,0x00,
0x9b,0x72,0x00,0x00,0x9e,0x72,0x00,0x00,0x0c,0x00,0x07,0x00,0x13,0x00,0x00,0x00,
0x44,0x18,0x00,0x00,0x01,0x00,0x00,0x00,0x28,0x00,0x00,0x00,0x9b,0x72,0x00,0x00,
0x9e,0x72,0x00,0x00,0x0c,0x00,0x07,0x00,0x13,0x00,0x00,0x00,0x49,0x18,0x00,0x00,
0x01,0x00,0x00,0x00,0x25,0x00,0x00,0x00,0x35,0x18,0x00,0x00,0x9c,0x72,0x00,0x00,
0x0c,0x00,0x07,0x00,0x13,0x00,0x00,0x00,0x4e,0x18,0x00,0x00,0x01,0x00,0x00,0x00,
0x28,0x00,0x00,0x00,0x35,0x18,0x00,0x00,0x9c,0x72,0x00,0x00,0x0c,0x00,0x07,0x00,
0x13,0x00,0x00,0x00,0x53,0x18,0x00,0x00,0x01,0x00,0x00,0x00,0x25,0x00,0x00,0x00,
0x3f,0x18,0x00,0x00,0x3a,0x18,0x00,0x00,0x0c,0x00,0x07,0x00,0x13,0x00,0x00,0x00,
0x58,0x18,0x00,0x00,0x01,0x00,0x00,0x00,0x28,0x00,0x00,0x00,0x3f,0x18,0x00,0x00,
0x3a,0x18,0x00,0x00,0x0c,0x00,0x07,0x00,0x13,0x00,0x00,0x00,0x5d,0x18,0x00,0x00,
0x01,0x00,0x00,0x00,0x25,0x00,0x00,0x00,0x49,0x18,0x00,0x00,0x53,0x18,0x00,0x00,
0x0c,0x00,0x07,0x00,0x13,0x00,0x00,0x00,0x62,0x18,0x00,0x00,0x01,0x00,0x00,0x00,
0x28,0x00,0x00,0x00,0x49,0x18,0x00,0x00,0x53,0x18,0x00,0x00,0x0c,0x00,0x07,0x00,
0x13,0x00,0x00,0x00,0x67,0x18,0x00,0x00,0x01,0x00,0x00,0x00,0x25,0x00,0x00,0x00,
0x4e,0x18,0x00,0x00,0x44,0x18,0x00,0x00,0x0c,0x00,0x07,0x00,0x13,0x00,0x00,0x00,
0x6c,0x18,0x00,0x00,0x01,0x00,0x00,0x00,0x28,0x00,0x00,0x00,0x4e,0x18,0x00,0x00,
0x44,0x18,0x00,0x00,0x0c,0x00,0x07,0x00,0x13,0x00,0x00,0x00,0x71,0x18,0x00,0x00,
0x01,0x00,0x00,0x00,0x25,0x00,0x00,0x00,0x62,0x18,0x00,0x00,0x67,0x18,0x00,0x00,
0x0c,0x00,0x07,0x00,0x13,0x00,0x00,0x00,0x76,0x18,0x00,0x00,0x01,0x00,0x00,0x00,
0x28,0x00,0x00,0x00,0x62,0x18,0x00,0x00,0x67,0x18,0x00,0x00,0x0c,0x00,0x07,0x00,
0x13,0x00,0x00,0x00,0x7b,0x18,0x00,0x00,0x01,0x00,0x00,0x00,0x25,0x00,0x00,0x00,
0x58,0x18,0x00,0x00,0x6c,0x18,0x00,0x00,0x0c,0x00,0x07,0x00,0x13,0x00,0x00,0x00,
0x80,0x18,0x00,0x00,0x01,0x00,0x00,0x00,0x28,0x00,0x00,0x00,0x58,0x18,0x00,0x00,
0x6c,0x18,0x00,0x00,0x0c,0x00,0x07,0x00,0x13,0x00,0x00,0x00,0x85,0x18,0x00,0x00,
0x01,0x00,0x00,0x00,0x25,0x00,0x00,0x00,0x76,0x18,0x00,0x00,0x7b,0x18,0x00,0x00,
0x0c,0x00,0x07,0x00,0x13,0x00,0x00,0x00,0x8a,0x18,0x00,0x00,0x01,0x00,0x00,0x00,
0x28,0x00,0x00,0x00,0x76,0x18,0x00,0x00,0x7b,0x18,0x00,0x00,0x50,0x00,0x08,0x00,
0x82,0x00,0x00,0x00,0xa4,0x72,0x00,0x00,0x5d,0x18,0x00,0x00,0x71,0x18,0x00,0x00,
0x85,0x18,0x00,0x00,0x8a,0x18,0x00,0x00,0x80,0x18,0x00,0x00,0x3e,0x00,0x03,0x00,
0x0d,0x6d,0x00,0x00,0xa4,0x72,0x00,0x00,0x41,0x00,0x05,0x00,0x14,0x00,0x00,0x00,
0x08,0x6d,0x00,0x00,0x03,0x6d,0x00,0x00,0xcd,0x02,0x00,0x00,0x3d,0x00,0x04,0x00,
0x13,0x00,0x00,0x00,0x44,0x16,0x00,0x00,0x08,0x6d,0x00,0x00,0x41,0x00,0x05,0x00,
0x14,0x00,0x00,0x00,0x12,0x6d,0x00,0x00,0x0d,0x6d,0x00,0x00,0xcd,0x02,0x00,0x00,
0x3d,0x00,0x04,0x00,0x13,0x00,0x00,0x00,0x46,0x16,0x00,0x00,0x12,0x6d,0x00,0x00,
0x0c,0x00,0x07,0x00,0x13,0x00,0x00,0x00,0x8f,0x18,0x00,0x00,0x01,0x00,0x00,0x00,
0x25,0x00,0x00,0x00,0x44,0x16,0x00,0x00,0x46,0x16,0x00,0x00,0xba,0x00,0x05,0x00,
0x6e,0x00,0x00,0x00,0x49,0x16,0x00,0x00,0x8f,0x18,0x00,0x00,0x72,0x03,0x00,0x00,
0xf7,0x00,0x03,0x00,0x8b,0x16,0x00,0x00,0x00,0x00,0x00,0x00,0xfa,0x00,0x04,0x00,
0x49,0x16,0x00,0x00,0x4a,0x16,0x00,0x00,0x8b,0x16,0x00,0x00,0xf8,0x00,0x02,0x00,
0x4a,0x16,0x00,0x00,0xf9,0x00,0x02,0x00,0x4b,0x16,0x00,0x00,0xf8,0x00,0x02,0x00,
0x4b,0x16,0x00,0x00,0xf5,0x00,0x07,0x00,0x1a,0x00,0x00,0x00,0x0b,0x7b,0x00,0x00,
0x4c,0x01,0x00,0x00,0x4a,0x16,0x00,0x00,0x19,0x7c,0x00,0x00,0x87,0x16,0x00,0x00,
0xf5,0x00,0x07,0x00,0x1a,0x00,0x00,0x00,0x0a,0x7b,0x00,0x00,0x4c,0x01,0x00,0x00,
0x4a,0x16,0x00,0x00,0x18,0x7c,0x00,0x00,0x87,0x16,0x00,0x00,0xf5,0x00,0x07,0x00,
0x13,0x00,0x00,0x00,0x1d,0x78,0x00,0x00,0x5e,0x03,0x00,0x00,0x4a,0x16,0x00,0x00,
0x34,0x7b,0x00,0x00,0x87,0x16,0x00,0x00,0xf5,0x00,0x07,0x00,0x1a,0x00,0x00,0x00,
0x1c,0x78,0x00,0x00,0x4c,0x01,0x00,0x00,0x4a,0x16,0x00,0x00,0x89,0x16,0x00,0x00,
0x87,0x16,0x00,0x00,0xb1,0x00,0x05,0x00,0x6e,0x00,0x00,0x00,0x4e,0x16,0x00,0x00,
0x1c,0x78,0x00,0x00,0x7d,0x03,0x00,0x00,0xb8,0x00,0x05,0x00,0x6e,0x00,0x00,0x00,
0x50,0x16,0x00,0x00,0x1d,0x78,0x00,0x00,0x80,0x03,0x00,0x00,0xa7,0x00,0x05,0x00,
0x6e,0x00,0x00,0x00,0x51,0x16,0x00,0x00,0x4e,0x16,0x00,0x00,0x50,0x16,0x00,0x00,
0xf6,0x00,0x04,0x00,0x8a,0x16,0x00,0x00,0x87,0x16,0x00,0x00,0x00,0x00,0x00,0x00,
0xfa,0x00,0x04,0x00,0x51,0x16,0x00,0x00,0x52,0x16,0x00,0x00,0x8a,0x16,0x00,0x00,
0xf8,0x00,0x02,0x00,0x52,0x16,0x00,0x00,0x41,0x00,0x05,0x00,0x14,0x00,0x00,0x00,
0x09,0x6d,0x00,0x00,0x03,0x6d,0x00,0x00,0x0a,0x7b,0x00,0x00,0x3d,0x00,0x04,0x00,
0x13,0x00,0x00,0x00,0x55,0x16,0x00,0x00,0x09,0x6d,0x00,0x00,0x41,0x00,0x05,0x00,
0x14,0x00,0x00,0x00,0x13,0x6d,0x00,0x00,0x0d,0x6d,0x00,0x00,0x0b,0x7b,0x00,0x00,
0x3d,0x00,0x04,0x00,0x13,0x00,0x00,0x00,0x58,0x16,0x00,0x00,0x13,0x6d,0x00,0x00,
0x83,0x00,0x05,0x00,0x13,0x00,0x00,0x00,0x59,0x16,0x00,0x00,0x55,0x16,0x00,0x00,
0x58,0x16,0x00,0x00,0x0c,0x00,0x06,0x00,0x13,0x00,0x00,0x00,0x5b,0x16,0x00,0x00,
0x01,0x00,0x00,0x00,0x04,0x00,0x00,0x00,0x59,0x16,0x00,0x00,0xba,0x00,0x05,0x00,
0x6e,0x00,0x00,0x00,0x5c,0x16,0x00,0x00,0x5b,0x16,0x00,0x00,0x8d,0x03,0x00,0x00,
0xf7,0x00,0x03,0x00,0x86,0x16,0x00,0x00,0x00,0x00,0x00,0x00,0xfa,0x00,0x04,0x00,
0x5c,0x16,0x00,0x00,0x5d,0x16,0x00,0x00,0x85,0x16,0x00,0x00,0xf8,0x00,0x02,0x00,
0x85,0x16,0x00,0x00,0xf9,0x00,0x02,0x00,0x86,0x16,0x00,0x00,0xf8,0x00,0x02,0x00,
0x5d,0x16,0x00,0x00,0x0c,0x00,0x06,0x00,0x13,0x00,0x00,0x00,0x5f,0x16,0x00,0x00,
0x01,0x00,0x00,0x00,0x06,0x00,0x00,0x00,0x59,0x16,0x00,0x00,0x3d,0x00,0x04,0x00,
0x13,0x00,0x00,0x00,0x62,0x16,0x00,0x00,0x09,0x6d,0x00,0x00,0x3d,0x00,0x04,0x00,
0x13,0x00,0x00,0x00,0x65,0x16,0x00,0x00,0x13,0x6d,0x00,0x00,0x0c,0x00,0x07,0x00,
0x13,0x00,0x00,0x00,0xa6,0x18,0x00,0x00,0x01,0x00,0x00,0x00,0x28,0x00,0x00,0x00,
0x62,0x16,0x00,0x00,0x65,0x16,0x00,0x00,0xb7,0x00,0x05,0x00,0x6e,0x00,0x00,0x00,
0x9a,0x18,0x00,0x00,0xa6,0x18,0x00,0x00,0xd8,0x01,0x00,0x00,0xf7,0x00,0x03,0x00,
0xa0,0x18,0x00,0x00,0x00,0x00,0x00,0x00,0xfa,0x00,0x04,0x00,0x9a,0x18,0x00,0x00,
0x9b,0x18,0x00,0x00,0x9f,0x18,0x00,0x00,0xf8,0x00,0x02,0x00,0x9f,0x18,0x00,0x00,
0xf9,0x00,0x02,0x00,0xa0,0x18,0x00,0x00,0xf8,0x00,0x02,0x00,0x9b,0x18,0x00,0x00,
0x0c,0x00,0x07,0x00,0x13,0x00,0x00,0x00,0xab,0x18,0x00,0x00,0x01,0x00,0x00,0x00,
0x25,0x00,0x00,0x00,0x62,0x16,0x00,0x00,0x65,0x16,0x00,0x00,0x88,0x00,0x05,0x00,
0x13,0x00,0x00,0x00,0x9e,0x18,0x00,0x00,0xab,0x18,0x00,0x00,0xa6,0x18,0x00,0x00,
0xf9,0x00,0x02,0x00,0xa0,0x18,0x00,0x00,0xf8,0x00,0x02,0x00,0xa0,0x18,0x00,0x00,
0xf5,0x00,0x07,0x00,0x13,0x00,0x00,0x00,0x0c,0x7b,0x00,0x00,0xd8,0x01,0x00,0x00,
0x9f,0x18,0x00,0x00,0x9e,0x18,0x00,0x00,0x9b,0x18,0x00,0x00,0x83,0x00,0x05,0x00,
0x13,0x00,0x00,0x00,0x67,0x16,0x00,0x00,0xdc,0x01,0x00,0x00,0x0c,0x7b,0x00,0x00,
0x85,0x00,0x05,0x00,0x13,0x00,0x00,0x00,0x68,0x16,0x00,0x00,0x5f,0x16,0x00,0x00,
0x67,0x16,0x00,0x00,0x0c,0x00,0x06,0x00,0x13,0x00,0x00,0x00,0x6a,0x16,0x00,0x00,
0x01,0x00,0x00,0x00,0x04,0x00,0x00,0x00,0x68,0x16,0x00,0x00,0x0c,0x00,0x06,0x00,
0x13,0x00,0x00,0x00,0x6c,0x16,0x00,0x00,0x01,0x00,0x00,0x00,0x04,0x00,0x00,0x00,
0x1d,0x78,0x00,0x00,0xb8,0x00,0x05,0x00,0x6e,0x00,0x00,0x00,0x6d,0x16,0x00,0x00,
0x6a,0x16,0x00,0x00,0x6c,0x16,0x00,0x00,0xa9,0x00,0x06,0x00,0x13,0x00,0x00,0x00,
0x70,0x16,0x00,0x00,0x6d,0x16,0x00,0x00,0x68,0x16,0x00,0x00,0x1d,0x78,0x00,0x00,
0x3d,0x00,0x04,0x00,0x13,0x00,0x00,0x00,0x73,0x16,0x00,0x00,0x09,0x6d,0x00,0x00,
0x3d,0x00,0x04,0x00,0x13,0x00,0x00,0x00,0x76,0x16,0x00,0x00,0x13,0x6d,0x00,0x00,
0xb8,0x00,0x05,0x00,0x6e,0x00,0x00,0x00,0x77,0x16,0x00,0x00,0x73,0x16,0x00,0x00,
0x76,0x16,0x00,0x00,0xa9,0x00,0x06,0x00,0x1a,0x00,0x00,0x00,0x78,0x16,0x00,0x00,
0x77,0x16,0x00,0x00,0x91,0x01,0x00,0x00,0x4c,0x01,0x00,0x00,0x80,0x00,0x05,0x00,
0x1a,0x00,0x00,0x00,0x7a,0x16,0x00,0x00,0x0a,0x7b,0x00,0x00,0x78,0x16,0x00,0x00,
0x41,0x00,0x05,0x00,0x14,0x00,0x00,0x00,0x0c,0x6d,0x00,0x00,0x03,0x6d,0x00,0x00,
0x7a,0x16,0x00,0x00,0x3d,0x00,0x04,0x00,0x13,0x00,0x00,0x00,0x7d,0x16,0x00,0x00,
0x0c,0x6d,0x00,0x00,0x3d,0x00,0x04,0x00,0x13,0x00,0x00,0x00,0x80,0x16,0x00,0x00,
0x13,0x6d,0x00,0x00,0xbe,0x00,0x05,0x00,0x6e,0x00,0x00,0x00,0x81,0x16,0x00,0x00,
0x7d,0x16,0x00,0x00,0x80,0x16,0x00,0x00,0xa9,0x00,0x06,0x00,0x1a,0x00,0x00,0x00,
0x82,0x16,0x00,0x00,0x81,0x16,0x00,0x00,0x91,0x01,0x00,0x00,0x4c,0x01,0x00,0x00,
0x80,0x00,0x05,0x00,0x1a,0x00,0x00,0x00,0x84,0x16,0x00,0x00,0x0b,0x7b,0x00,0x00,
0x82,0x16,0x00,0x00,0xf9,0x00,0x02,0x00,0x86,0x16,0x00,0x00,0xf8,0x00,0x02,0x00,
0x86,0x16,0x00,0x00,0xf5,0x00,0x07,0x00,0x1a,0x00,0x00,0x00,0x19,0x7c,0x00,0x00,
0x0b,0x7b,0x00,0x00,0x85,0x16,0x00,0x00,0x84,0x16,0x00,0x00,0xa0,0x18,0x00,0x00,
0xf5,0x00,0x07,0x00,0x1a,0x00,0x00,0x00,0x18,0x7c,0x00,0x00,0x0a,0x7b,0x00,0x00,
0x85,0x16,0x00,0x00,0x7a,0x16,0x00,0x00,0xa0,0x18,0x00,0x00,0xf5,0x00,0x07,0x00,
0x13,0x00,0x00,0x00,0x34,0x7b,0x00,0x00,0x80,0x03,0x00,0x00,0x85,0x16,0x00,0x00,
0x70,0x16,0x00,0x00,0xa0,0x18,0x00,0x00,0xf9,0x00,0x02,0x00,0x87,0x16,0x00,0x00,
0xf8,0x00,0x02,0x00,0x87,0x16,0x00,0x00,0x80,0x00,0x05,0x00,0x1a,0x00,0x00,0x00,
0x89,0x16,0x00,0x00,0x1c,0x78,0x00,0x00,0x91,0x01,0x00,0x00,0xf9,0x00,0x02,0x00,
0x4b,0x16,0x00,0x00,0xf8,0x00,0x02,0x00,0x8a,0x16,0x00,0x00,0xf9,0x00,0x02,0x00,
0x8b,0x16,0x00,0x00,0xf8,0x00,0x02,0x00,0x8b,0x16,0x00,0x00,0xf5,0x00,0x07,0x00,
0x13,0x00,0x00,0x00,0x1e,0x78,0x00,0x00,0x5e,0x03,0x00,0x00,0xc8,0x14,0x00,0x00,
0x1d,0x78,0x00,0x00,0x8a,0x16,0x00,0x00,0xb8,0x00,0x05,0x00,0x6e,0x00,0x00,0x00,
0x8e,0x16,0x00,0x00,0x1e,0x78,0x00,0x00,0x5e,0x03,0x00,0x00,0xa9,0x00,0x06,0x00,
0x13,0x00,0x00,0x00,0x8f,0x16,0x00,0x00,0x8e,0x16,0x00,0x00,0xdc,0x01,0x00,0x00,
0xd8,0x01,0x00,0x00,0x85,0x00,0x05,0x00,0x13,0x00,0x00,0x00,0x90,0x16,0x00,0x00,
0x1e,0x78,0x00,0x00,0x8f,0x16,0x00,0x00,0xf9,0x00,0x02,0x00,0xce,0x14,0x00,0x00,
0xf8,0x00,0x02,0x00,0xce,0x14,0x00,0x00,0xf5,0x00,0x07,0x00,0x13,0x00,0x00,0x00,
0x1f,0x78,0x00,0x00,0xd8,0x01,0x00,0x00,0xb6,0x15,0x00,0x00,0x90,0x16,0x00,0x00,
0x8b,0x16,0x00,0x00,0x52,0x00,0x06,0x00,0x9f,0x00,0x00,0x00,0xd9,0x75,0x00,0x00,
0x1f,0x78,0x00,0x00,0x8e,0x04,0x00,0x00,0x00,0x00,0x00,0x00,0xb7,0x00,0x05,0x00,
0x6e,0x00,0x00,0x00,0x6b,0x14,0x00,0x00,0x1f,0x78,0x00,0x00,0xd8,0x01,0x00,0x00,
0xf7,0x00,0x03,0x00,0x70,0x14,0x00,0x00,0x00,0x00,0x00,0x00,0xfa,0x00,0x04,0x00,
0x6b,0x14,0x00,0x00,0x6c,0x14,0x00,0x00,0x6f,0x14,0x00,0x00,0xf8,0x00,0x02,0x00,
0x6f,0x14,0x00,0x00,0xf9,0x00,0x02,0x00,0x70,0x14,0x00,0x00,0xf8,0x00,0x02,0x00,
0x6c,0x14,0x00,0x00,0x0c,0x00,0x06,0x00,0x13,0x00,0x00,0x00,0x6e,0x14,0x00,0x00,
0x01,0x00,0x00,0x00,0x06,0x00,0x00,0x00,0x1f,0x78,0x00,0x00,0xf9,0x00,0x02,0x00,
0x70,0x14,0x00,0x00,0xf8,0x00,0x02,0x00,0x70,0x14,0x00,0x00,0xf5,0x00,0x07,0x00,
0x13,0x00,0x00,0x00,0x26,0x78,0x00,0x00,0xd8,0x01,0x00,0x00,0x6f,0x14,0x00,0x00,
0x6e,0x14,0x00,0x00,0x6c,0x14,0x00,0x00,0x52,0x00,0x06,0x00,0x9f,0x00,0x00,0x00,
0xdb,0x75,0x00,0x00,0x26,0x78,0x00,0x00,0xd9,0x75,0x00,0x00,0x01,0x00,0x00,0x00,
0x52,0x00,0x06,0x00,0x9f,0x00,0x00,0x00,0xdd,0x75,0x00,0x00,0xdc,0x01,0x00,0x00,
0xdb,0x75,0x00,0x00,0x02,0x00,0x00,0x00,0x7c,0x00,0x04,0x00,0x32,0x00,0x00,0x00,
0x77,0x0b,0x00,0x00,0x52,0x0b,0x00,0x00,0x6f,0x00,0x04,0x00,0x38,0x00,0x00,0x00,
0x78,0x0b,0x00,0x00,0x77,0x0b,0x00,0x00,0x6e,0x00,0x04,0x00,0x32,0x00,0x00,0x00,
0xbc,0x18,0x00,0x00,0x78,0x0b,0x00,0x00,0x51,0x00,0x05,0x00,0x1a,0x00,0x00,0x00,
0xef,0x18,0x00,0x00,0xbc,0x18,0x00,0x00,0x00,0x00,0x00,0x00,0x0c,0x00,0x07,0x00,
0x1a,0x00,0x00,0x00,0x00,0x19,0x00,0x00,0x01,0x00,0x00,0x00,0x27,0x00,0x00,0x00,
0xef,0x18,0x00,0x00,0xc1,0x0b,0x00,0x00,0x0c,0x00,0x07,0x00,0x1a,0x00,0x00,0x00,
0x05,0x19,0x00,0x00,0x01,0x00,0x00,0x00,0x2a,0x00,0x00,0x00,0x4c,0x01,0x00,0x00,
0x00,0x19,0x00,0x00,0x51,0x00,0x05,0x00,0x1a,0x00,0x00,0x00,0xf7,0x18,0x00,0x00,
0xbc,0x18,0x00,0x00,0x01,0x00,0x00,0x00,0x0c,0x00,0x07,0x00,0x1a,0x00,0x00,0x00,
0x0a,0x19,0x00,0x00,0x01,0x00,0x00,0x00,0x27,0x00,0x00,0x00,0xf7,0x18,0x00,0x00,
0xc9,0x0b,0x00,0x00,0x0c,0x00,0x07,0x00,0x1a,0x00,0x00,0x00,0x0f,0x19,0x00,0x00,
0x01,0x00,0x00,0x00,0x2a,0x00,0x00,0x00,0x4c,0x01,0x00,0x00,0x0a,0x19,0x00,0x00,
0x50,0x00,0x05,0x00,0x32,0x00,0x00,0x00,0xca,0x77,0x00,0x00,0x05,0x19,0x00,0x00,
0x0f,0x19,0x00,0x00,0x3d,0x00,0x04,0x00,0xb9,0x01,0x00,0x00,0x12,0x19,0x00,0x00,
0xca,0x01,0x00,0x00,0x5f,0x00,0x07,0x00,0x9f,0x00,0x00,0x00,0x14,0x19,0x00,0x00,
0x12,0x19,0x00,0x00,0xca,0x77,0x00,0x00,0x02,0x00,0x00,0x00,0x4c,0x01,0x00,0x00,
0x4f,0x00,0x07,0x00,0x38,0x00,0x00,0x00,0x15,0x19,0x00,0x00,0x14,0x19,0x00,0x00,
0x14,0x19,0x00,0x00,0x00,0x00,0x00,0x00,0x01,0x00,0x00,0x00,0x6f,0x00,0x04,0x00,
0x38,0x00,0x00,0x00,0xc2,0x18,0x00,0x00,0xca,0x77,0x00,0x00,0x81,0x00,0x05,0x00,
0x38,0x00,0x00,0x00,0xc4,0x18,0x00,0x00,0xc2,0x18,0x00,0x00,0xc7,0x77,0x00,0x00,
0x88,0x00,0x05,0x00,0x38,0x00,0x00,0x00,0xc7,0x18,0x00,0x00,0xc4,0x18,0x00,0x00,
0x9a,0x0b,0x00,0x00,0x3e,0x00,0x03,0x00,0x3a,0x19,0x00,0x00,0xdf,0x03,0x00,0x00,
0x81,0x00,0x05,0x00,0x38,0x00,0x00,0x00,0x49,0x19,0x00,0x00,0xc7,0x18,0x00,0x00,
0x1c,0x0c,0x00,0x00,0x85,0x00,0x05,0x00,0x38,0x00,0x00,0x00,0x4d,0x19,0x00,0x00,
0x49,0x19,0x00,0x00,0x9a,0x0b,0x00,0x00,0x0c,0x00,0x06,0x00,0x38,0x00,0x00,0x00,
0x4e,0x19,0x00,0x00,0x01,0x00,0x00,0x00,0x08,0x00,0x00,0x00,0x4d,0x19,0x00,0x00,
0x6e,0x00,0x04,0x00,0x32,0x00,0x00,0x00,0x4f,0x19,0x00,0x00,0x4e,0x19,0x00,0x00,
0xf9,0x00,0x02,0x00,0x50,0x19,0x00,0x00,0xf8,0x00,0x02,0x00,0x50,0x19,0x00,0x00,
0xf5,0x00,0x07,0x00,0x1a,0x00,0x00,0x00,0x28,0x78,0x00,0x00,0x4c,0x01,0x00,0x00,
0x70,0x14,0x00,0x00,0x6f,0x19,0x00,0x00,0x6d,0x19,0x00,0x00,0xb1,0x00,0x05,0x00,
0x6e,0x00,0x00,0x00,0x53,0x19,0x00,0x00,0x28,0x78,0x00,0x00,0x7d,0x03,0x00,0x00,
0xf6,0x00,0x04,0x00,0x70,0x19,0x00,0x00,0x6d,0x19,0x00,0x00,0x00,0x00,0x00,0x00,
0xfa,0x00,0x04,0x00,0x53,0x19,0x00,0x00,0x54,0x19,0x00,0x00,0x70,0x19,0x00,0x00,
0xf8,0x00,0x02,0x00,0x54,0x19,0x00,0x00,0x41,0x00,0x05,0x00,0x49,0x00,0x00,0x00,
0x58,0x19,0x00,0x00,0x3a,0x19,0x00,0x00,0x28,0x78,0x00,0x00,0x3d,0x00,0x04,0x00,
0x32,0x00,0x00,0x00,0x59,0x19,0x00,0x00,0x58,0x19,0x00,0x00,0x80,0x00,0x05,0x00,
0x32,0x00,0x00,0x00,0x8f,0x19,0x00,0x00,0x4f,0x19,0x00,0x00,0x59,0x19,0x00,0x00,
0x51,0x00,0x05,0x00,0x1a,0x00,0x00,0x00,0x94,0x19,0x00,0x00,0x8f,0x19,0x00,0x00,
0x00,0x00,0x00,0x00,0x0c,0x00,0x07,0x00,0x1a,0x00,0x00,0x00,0xa5,0x19,0x00,0x00,
0x01,0x00,0x00,0x00,0x27,0x00,0x00,0x00,0x94,0x19,0x00,0x00,0xc1,0x0b,0x00,0x00,
0x0c,0x00,0x07,0x00,0x1a,0x00,0x00,0x00,0xaa,0x19,0x00,0x00,0x01,0x00,0x00,0x00,
0x2a,0x00,0x00,0x00,0x4c,0x01,0x00,0x00,0xa5,0x19,0x00,0x00,0x51,0x00,0x05,0x00,
0x1a,0x00,0x00,0x00,0x9c,0x19,0x00,0x00,0x8f,0x19,0x00,0x00,0x01,0x00,0x00,0x00,
0x0c,0x00,0x07,0x00,0x1a,0x00,0x00,0x00,0xaf,0x19,0x00,0x00,0x01,0x00,0x00,0x00,
0x27,0x00,0x00,0x00,0x9c,0x19,0x00,0x00,0xc9,0x0b,0x00,0x00,0x0c,0x00,0x07,0x00,
0x1a,0x00,0x00,0x00,0xb4,0x19,0x00,0x00,0x01,0x00,0x00,0x00,0x2a,0x00,0x00,0x00,
0x4c,0x01,0x00,0x00,0xaf,0x19,0x00,0x00,0x50,0x00,0x05,0x00,0x32,0x00,0x00,0x00,
0xf7,0x77,0x00,0x00,0xaa,0x19,0x00,0x00,0xb4,0x19,0x00,0x00,0x3d,0x00,0x04,0x00,
0xb9,0x01,0x00,0x00,0xb7,0x19,0x00,0x00,0xbb,0x01,0x00,0x00,0x5f,0x00,0x07,0x00,
0x9f,0x00,0x00,0x00,0xb9,0x19,0x00,0x00,0xb7,0x19,0x00,0x00,0xf7,0x77,0x00,0x00,
0x02,0x00,0x00,0x00,0x4c,0x01,0x00,0x00,0x51,0x00,0x05,0x00,0x13,0x00,0x00,0x00,
0xba,0x19,0x00,0x00,0xb9,0x19,0x00,0x00,0x00,0x00,0x00,0x00,0x3d,0x00,0x04,0x00,
0xb9,0x01,0x00,0x00,0xbe,0x19,0x00,0x00,0xd2,0x01,0x00,0x00,0x5f,0x00,0x07,0x00,
0x9f,0x00,0x00,0x00,0xbf,0x19,0x00,0x00,0xbe,0x19,0x00,0x00,0xd4,0x01,0x00,0x00,
0x02,0x00,0x00,0x00,0x4c,0x01,0x00,0x00,0x51,0x00,0x05,0x00,0x13,0x00,0x00,0x00,
0xc0,0x19,0x00,0x00,0xbf,0x19,0x00,0x00,0x00,0x00,0x00,0x00,0xb4,0x00,0x05,0x00,
0x6e,0x00,0x00,0x00,0xc2,0x19,0x00,0x00,0xc0,0x19,0x00,0x00,0xd8,0x01,0x00,0x00,
0xf9,0x00,0x02,0x00,0xc4,0x19,0x00,0x00,0xf8,0x00,0x02,0x00,0xc4,0x19,0x00,0x00,
0xa9,0x00,0x06,0x00,0x13,0x00,0x00,0x00,0x24,0x7c,0x00,0x00,0xc2,0x19,0x00,0x00,
0xdc,0x01,0x00,0x00,0xc0,0x19,0x00,0x00,0x85,0x00,0x05,0x00,0x13,0x00,0x00,0x00,
0x5f,0x19,0x00,0x00,0xba,0x19,0x00,0x00,0x24,0x7c,0x00,0x00,0x41,0x00,0x05,0x00,
0x14,0x00,0x00,0x00,0x43,0x6c,0x00,0x00,0x42,0x6c,0x00,0x00,0x28,0x78,0x00,0x00,
0x3e,0x00,0x03,0x00,0x43,0x6c,0x00,0x00,0x5f,0x19,0x00,0x00,0x3d,0x00,0x04,0x00,
0x13,0x00,0x00,0x00,0x64,0x19,0x00,0x00,0x43,0x6c,0x00,0x00,0x0c,0x00,0x07,0x00,
0x13,0x00,0x00,0x00,0xca,0x19,0x00,0x00,0x01,0x00,0x00,0x00,0x1a,0x00,0x00,0x00,
0x64,0x19,0x00,0x00,0xdc,0x01,0x00,0x00,0x3e,0x00,0x03,0x00,0x43,0x6c,0x00,0x00,
0xca,0x19,0x00,0x00,0x3d,0x00,0x04,0x00,0x13,0x00,0x00,0x00,0x6a,0x19,0x00,0x00,
0x43,0x6c,0x00,0x00,0x0c,0x00,0x07,0x00,0x13,0x00,0x00,0x00,0xcf,0x19,0x00,0x00,
0x01,0x00,0x00,0x00,0x28,0x00,0x00,0x00,0x6a,0x19,0x00,0x00,0x8d,0x03,0x00,0x00,
0x3e,0x00,0x03,0x00,0x43,0x6c,0x00,0x00,0xcf,0x19,0x00,0x00,0xf9,0x00,0x02,0x00,
0x6d,0x19,0x00,0x00,0xf8,0x00,0x02,0x00,0x6d,0x19,0x00,0x00,0x80,0x00,0x05,0x00,
0x1a,0x00,0x00,0x00,0x6f,0x19,0x00,0x00,0x28,0x78,0x00,0x00,0x91,0x01,0x00,0x00,
0xf9,0x00,0x02,0x00,0x50,0x19,0x00,0x00,0xf8,0x00,0x02,0x00,0x70,0x19,0x00,0x00,
0x3d,0x00,0x04,0x00,0x82,0x00,0x00,0x00,0x48,0x6c,0x00,0x00,0x42,0x6c,0x00,0x00,
0x3e,0x00,0x03,0x00,0xd9,0x19,0x00,0x00,0xdf,0x03,0x00,0x00,0x81,0x00,0x05,0x00,
0x38,0x00,0x00,0x00,0xe7,0x19,0x00,0x00,0xc7,0x18,0x00,0x00,0xba,0x0c,0x00,0x00,
0x81,0x00,0x05,0x00,0x38,0x00,0x00,0x00,0xea,0x19,0x00,0x00,0xe7,0x19,0x00,0x00,
0x15,0x19,0x00,0x00,0x51,0x00,0x05,0x00,0x13,0x00,0x00,0x00,0x27,0x1a,0x00,0x00,
0xea,0x19,0x00,0x00,0x00,0x00,0x00,0x00,0xbe,0x00,0x05,0x00,0x6e,0x00,0x00,0x00,
0x28,0x1a,0x00,0x00,0x27,0x1a,0x00,0x00,0xd8,0x01,0x00,0x00,0xf7,0x00,0x03,0x00,
0x2d,0x1a,0x00,0x00,0x00,0x00,0x00,0x00,0xfa,0x00,0x04,0x00,0x28,0x1a,0x00,0x00,
0x29,0x1a,0x00,0x00,0x2d,0x1a,0x00,0x00,0xf8,0x00,0x02,0x00,0x29,0x1a,0x00,0x00,
0xbc,0x00,0x05,0x00,0x6e,0x00,0x00,0x00,0x2c,0x1a,0x00,0x00,0x27,0x1a,0x00,0x00,
0xdc,0x01,0x00,0x00,0xf9,0x00,0x02,0x00,0x2d,0x1a,0x00,0x00,0xf8,0x00,0x02,0x00,
0x2d,0x1a,0x00,0x00,0xf5,0x00,0x07,0x00,0x6e,0x00,0x00,0x00,0x2e,0x1a,0x00,0x00,
0x28,0x1a,0x00,0x00,0x70,0x19,0x00,0x00,0x2c,0x1a,0x00,0x00,0x29,0x1a,0x00,0x00,
0xf7,0x00,0x03,0x00,0x39,0x1a,0x00,0x00,0x00,0x00,0x00,0x00,0xfa,0x00,0x04,0x00,
0x2e,0x1a,0x00,0x00,0x2f,0x1a,0x00,0x00,0x39,0x1a,0x00,0x00,0xf8,0x00,0x02,0x00,
0x2f,0x1a,0x00,0x00,0x51,0x00,0x05,0x00,0x13,0x00,0x00,0x00,0x31,0x1a,0x00,0x00,
0xea,0x19,0x00,0x00,0x01,0x00,0x00,0x00,0xbe,0x00,0x05,0x00,0x6e,0x00,0x00,0x00,
0x32,0x1a,0x00,0x00,0x31,0x1a,0x00,0x00,0xd8,0x01,0x00,0x00,0xf7,0x00,0x03,0x00,
0x37,0x1a,0x00,0x00,0x00,0x00,0x00,0x00,0xfa,0x00,0x04,0x00,0x32,0x1a,0x00,0x00,
0x33,0x1a,0x00,0x00,0x37,0x1a,0x00,0x00,0xf8,0x00,0x02,0x00,0x33,0x1a,0x00,0x00,
0xbc,0x00,0x05,0x00,0x6e,0x00,0x00,0x00,0x36,0x1a,0x00,0x00,0x31,0x1a,0x00,0x00,
0xdc,0x01,0x00,0x00,0xf9,0x00,0x02,0x00,0x37,0x1a,0x00,0x00,0xf8,0x00,0x02,0x00,
0x37,0x1a,0x00,0x00,0xf5,0x00,0x07,0x00,0x6e,0x00,0x00,0x00,0x38,0x1a,0x00,0x00,
0x32,0x1a,0x00,0x00,0x2f,0x1a,0x00,0x00,0x36,0x1a,0x00,0x00,0x33,0x1a,0x00,0x00,
0xf9,0x00,0x02,0x00,0x39,0x1a,0x00,0x00,0xf8,0x00,0x02,0x00,0x39,0x1a,0x00,0x00,
0xf5,0x00,0x07,0x00,0x6e,0x00,0x00,0x00,0x3a,0x1a,0x00,0x00,0x2e,0x1a,0x00,0x00,
0x2d,0x1a,0x00,0x00,0x38,0x1a,0x00,0x00,0x37,0x1a,0x00,0x00,0xf7,0x00,0x03,0x00,
0x1a,0x1a,0x00,0x00,0x00,0x00,0x00,0x00,0xfa,0x00,0x04,0x00,0x3a,0x1a,0x00,0x00,
0xf0,0x19,0x00,0x00,0x1a,0x1a,0x00,0x00,0xf8,0x00,0x02,0x00,0xf0,0x19,0x00,0x00,
0x85,0x00,0x05,0x00,0x38,0x00,0x00,0x00,0xf4,0x19,0x00,0x00,0xea,0x19,0x00,0x00,
0xb9,0x0c,0x00,0x00,0x0c,0x00,0x06,0x00,0x38,0x00,0x00,0x00,0xf5,0x19,0x00,0x00,
0x01,0x00,0x00,0x00,0x08,0x00,0x00,0x00,0xf4,0x19,0x00,0x00,0x6e,0x00,0x04,0x00,
0x32,0x00,0x00,0x00,0xf6,0x19,0x00,0x00,0xf5,0x19,0x00,0x00,0xf9,0x00,0x02,0x00,
0xf7,0x19,0x00,0x00,0xf8,0x00,0x02,0x00,0xf7,0x19,0x00,0x00,0xf5,0x00,0x07,0x00,
0x1a,0x00,0x00,0x00,0x29,0x78,0x00,0x00,0x4c,0x01,0x00,0x00,0xf0,0x19,0x00,0x00,
0x18,0x1a,0x00,0x00,0x16,0x1a,0x00,0x00,0xb1,0x00,0x05,0x00,0x6e,0x00,0x00,0x00,
0xfa,0x19,0x00,0x00,0x29,0x78,0x00,0x00,0x7d,0x03,0x00,0x00,0xf6,0x00,0x04,0x00,
0x19,0x1a,0x00,0x00,0x16,0x1a,0x00,0x00,0x00,0x00,0x00,0x00,0xfa,0x00,0x04,0x00,
0xfa,0x19,0x00,0x00,0xfb,0x19,0x00,0x00,0x19,0x1a,0x00,0x00,0xf8,0x00,0x02,0x00,
0xfb,0x19,0x00,0x00,0x41,0x00,0x05,0x00,0x49,0x00,0x00,0x00,0xff,0x19,0x00,0x00,
0xd9,0x19,0x00,0x00,0x29,0x78,0x00,0x00,0x3d,0x00,0x04,0x00,0x32,0x00,0x00,0x00,
0x00,0x1a,0x00,0x00,0xff,0x19,0x00,0x00,0x80,0x00,0x05,0x00,0x32,0x00,0x00,0x00,
0x50,0x1a,0x00,0x00,0xf6,0x19,0x00,0x00,0x00,0x1a,0x00,0x00,0x51,0x00,0x05,0x00,
0x1a,0x00,0x00,0x00,0x52,0x1a,0x00,0x00,0xf7,0x0c,0x00,0x00,0x00,0x00,0x00,0x00,
0x82,0x00,0x05,0x00,0x1a,0x00,0x00,0x00,0x53,0x1a,0x00,0x00,0x52,0x1a,0x00,0x00,
0x91,0x01,0x00,0x00,0x51,0x00,0x05,0x00,0x1a,0x00,0x00,0x00,0x55,0x1a,0x00,0x00,
0x50,0x1a,0x00,0x00,0x00,0x00,0x00,0x00,0x0c,0x00,0x07,0x00,0x1a,0x00,0x00,0x00,
0x66,0x1a,0x00,0x00,0x01,0x00,0x00,0x00,0x27,0x00,0x00,0x00,0x55,0x1a,0x00,0x00,
0x53,0x1a,0x00,0x00,0x0c,0x00,0x07,0x00,0x1a,0x00,0x00,0x00,0x6b,0x1a,0x00,0x00,
0x01,0x00,0x00,0x00,0x2a,0x00,0x00,0x00,0x4c,0x01,0x00,0x00,0x66,0x1a,0x00,0x00,
0x51,0x00,0x05,0x00,0x1a,0x00,0x00,0x00,0x5a,0x1a,0x00,0x00,0xf7,0x0c,0x00,0x00,
0x01,0x00,0x00,0x00,0x82,0x00,0x05,0x00,0x1a,0x00,0x00,0x00,0x5b,0x1a,0x00,0x00,
0x5a,0x1a,0x00,0x00,0x91,0x01,0x00,0x00,0x51,0x00,0x05,0x00,0x1a,0x00,0x00,0x00,
0x5d,0x1a,0x00,0x00,0x50,0x1a,0x00,0x00,0x01,0x00,0x00,0x00,0x0c,0x00,0x07,0x00,
0x1a,0x00,0x00,0x00,0x70,0x1a,0x00,0x00,0x01,0x00,0x00,0x00,0x27,0x00,0x00,0x00,
0x5d,0x1a,0x00,0x00,0x5b,0x1a,0x00,0x00,0x0c,0x00,0x07,0x00,0x1a,0x00,0x00,0x00,
0x75,0x1a,0x00,0x00,0x01,0x00,0x00,0x00,0x2a,0x00,0x00,0x00,0x4c,0x01,0x00,0x00,
0x70,0x1a,0x00,0x00,0x50,0x00,0x05,0x00,0x32,0x00,0x00,0x00,0xf6,0x77,0x00,0x00,
0x6b,0x1a,0x00,0x00,0x75,0x1a,0x00,0x00,0x3d,0x00,0x04,0x00,0xb9,0x01,0x00,0x00,
0x78,0x1a,0x00,0x00,0xc3,0x01,0x00,0x00,0x5f,0x00,0x07,0x00,0x9f,0x00,0x00,0x00,
0x7a,0x1a,0x00,0x00,0x78,0x1a,0x00,0x00,0xf6,0x77,0x00,0x00,0x02,0x00,0x00,0x00,
0x4c,0x01,0x00,0x00,0x51,0x00,0x05,0x00,0x13,0x00,0x00,0x00,0x7b,0x1a,0x00,0x00,
0x7a,0x1a,0x00,0x00,0x00,0x00,0x00,0x00,0x41,0x00,0x05,0x00,0xa2,0x01,0x00,0x00,
0x7e,0x1a,0x00,0x00,0x8b,0x01,0x00,0x00,0xa1,0x01,0x00,0x00,0x3d,0x00,0x04,0x00,
0x13,0x00,0x00,0x00,0x7f,0x1a,0x00,0x00,0x7e,0x1a,0x00,0x00,0x85,0x00,0x05,0x00,
0x13,0x00,0x00,0x00,0x06,0x1a,0x00,0x00,0x7b,0x1a,0x00,0x00,0x7f,0x1a,0x00,0x00,
0x3d,0x00,0x04,0x00,0xb9,0x01,0x00,0x00,0x83,0x1a,0x00,0x00,0xd2,0x01,0x00,0x00,
0x5f,0x00,0x07,0x00,0x9f,0x00,0x00,0x00,0x84,0x1a,0x00,0x00,0x83,0x1a,0x00,0x00,
0xd4,0x01,0x00,0x00,0x02,0x00,0x00,0x00,0x4c,0x01,0x00,0x00,0x51,0x00,0x05,0x00,
0x13,0x00,0x00,0x00,0x85,0x1a,0x00,0x00,0x84,0x1a,0x00,0x00,0x00,0x00,0x00,0x00,
0xb4,0x00,0x05,0x00,0x6e,0x00,0x00,0x00,0x87,0x1a,0x00,0x00,0x85,0x1a,0x00,0x00,
0xd8,0x01,0x00,0x00,0xf9,0x00,0x02,0x00,0x89,0x1a,0x00,0x00,0xf8,0x00,0x02,0x00,
0x89,0x1a,0x00,0x00,0xa9,0x00,0x06,0x00,0x13,0x00,0x00,0x00,0x25,0x7c,0x00,0x00,
0x87,0x1a,0x00,0x00,0xdc,0x01,0x00,0x00,0x85,0x1a,0x00,0x00,0x85,0x00,0x05,0x00,
0x13,0x00,0x00,0x00,0x08,0x1a,0x00,0x00,0x06,0x1a,0x00,0x00,0x25,0x7c,0x00,0x00,
0x41,0x00,0x05,0x00,0x14,0x00,0x00,0x00,0x56,0x72,0x00,0x00,0x55,0x72,0x00,0x00,
0x29,0x78,0x00,0x00,0x3e,0x00,0x03,0x00,0x56,0x72,0x00,0x00,0x08,0x1a,0x00,0x00,
0x3d,0x00,0x04,0x00,0x13,0x00,0x00,0x00,0x0d,0x1a,0x00,0x00,0x56,0x72,0x00,0x00,
0x0c,0x00,0x07,0x00,0x13,0x00,0x00,0x00,0x8f,0x1a,0x00,0x00,0x01,0x00,0x00,0x00,
0x1a,0x00,0x00,0x00,0x0d,0x1a,0x00,0x00,0xdc,0x01,0x00,0x00,0x3e,0x00,0x03,0x00,
0x56,0x72,0x00,0x00,0x8f,0x1a,0x00,0x00,0x3d,0x00,0x04,0x00,0x13,0x00,0x00,0x00,
0x13,0x1a,0x00,0x00,0x56,0x72,0x00,0x00,0x0c,0x00,0x07,0x00,0x13,0x00,0x00,0x00,
0x94,0x1a,0x00,0x00,0x01,0x00,0x00,0x00,0x28,0x00,0x00,0x00,0x13,0x1a,0x00,0x00,
0x8d,0x03,0x00,0x00,0x3e,0x00,0x03,0x00,0x56,0x72,0x00,0x00,0x94,0x1a,0x00,0x00,
0xf9,0x00,0x02,0x00,0x16,0x1a,0x00,0x00,0xf8,0x00,0x02,0x00,0x16,0x1a,0x00,0x00,
0x80,0x00,0x05,0x00,0x1a,0x00,0x00,0x00,0x18,0x1a,0x00,0x00,0x29,0x78,0x00,0x00,
0x91,0x01,0x00,0x00,0xf9,0x00,0x02,0x00,0xf7,0x19,0x00,0x00,0xf8,0x00,0x02,0x00,
0x19,0x1a,0x00,0x00,0xf9,0x00,0x02,0x00,0x1a,0x1a,0x00,0x00,0xf8,0x00,0x02,0x00,
0x1a,0x1a,0x00,0x00,0x3d,0x00,0x04,0x00,0x82,0x00,0x00,0x00,0x5b,0x72,0x00,0x00,
0x55,0x72,0x00,0x00,0xf7,0x00,0x03,0x00,0x32,0x19,0x00,0x00,0x00,0x00,0x00,0x00,
0xfa,0x00,0x04,0x00,0x3a,0x1a,0x00,0x00,0x2c,0x19,0x00,0x00,0x32,0x19,0x00,0x00,
0xf8,0x00,0x02,0x00,0x2c,0x19,0x00,0x00,0x51,0x00,0x05,0x00,0x13,0x00,0x00,0x00,
0x3a,0x72,0x00,0x00,0x48,0x6c,0x00,0x00,0x00,0x00,0x00,0x00,0x51,0x00,0x05,0x00,
0x13,0x00,0x00,0x00,0x3b,0x72,0x00,0x00,0x48,0x6c,0x00,0x00,0x01,0x00,0x00,0x00,
0x51,0x00,0x05,0x00,0x13,0x00,0x00,0x00,0x3c,0x72,0x00,0x00,0x48,0x6c,0x00,0x00,
0x02,0x00,0x00,0x00,0x51,0x00,0x05,0x00,0x13,0x00,0x00,0x00,0x3d,0x72,0x00,0x00,
0x48,0x6c,0x00,0x00,0x03,0x00,0x00,0x00,0x51,0x00,0x05,0x00,0x13,0x00,0x00,0x00,
0x3e,0x72,0x00,0x00,0x48,0x6c,0x00,0x00,0x04,0x00,0x00,0x00,0x0c,0x00,0x07,0x00,
0x13,0x00,0x00,0x00,0x9c,0x1b,0x00,0x00,0x01,0x00,0x00,0x00,0x25,0x00,0x00,0x00,
0x3a,0x72,0x00,0x00,0x3d,0x72,0x00,0x00,0x0c,0x00,0x07,0x00,0x13,0x00,0x00,0x00,
0xa1,0x1b,0x00,0x00,0x01,0x00,0x00,0x00,0x28,0x00,0x00,0x00,0x3a,0x72,0x00,0x00,
0x3d,0x72,0x00,0x00,0x0c,0x00,0x07,0x00,0x13,0x00,0x00,0x00,0xa6,0x1b,0x00,0x00,
0x01,0x00,0x00,0x00,0x25,0x00,0x00,0x00,0x3b,0x72,0x00,0x00,0x3e,0x72,0x00,0x00,
0x0c,0x00,0x07,0x00,0x13,0x00,0x00,0x00,0xab,0x1b,0x00,0x00,0x01,0x00,0x00,0x00,
0x28,0x00,0x00,0x00,0x3b,0x72,0x00,0x00,0x3e,0x72,0x00,0x00,0x0c,0x00,0x07,0x00,
0x13,0x00,0x00,0x00,0xb0,0x1b,0x00,0x00,0x01,0x00,0x00,0x00,0x25,0x00,0x00,0x00,
0x9c,0x1b,0x00,0x00,0x3c,0x72,0x00,0x00,0x0c,0x00,0x07,0x00,0x13,0x00,0x00,0x00,
0xb5,0x1b,0x00,0x00,0x01,0x00,0x00,0x00,0x28,0x00,0x00,0x00,0x9c,0x1b,0x00,0x00,
0x3c,0x72,0x00,0x00,0x0c,0x00,0x07,0x00,0x13,0x00,0x00,0x00,0xba,0x1b,0x00,0x00,
0x01,0x00,0x00,0x00,0x25,0x00,0x00,0x00,0xa6,0x1b,0x00,0x00,0xa1,0x1b,0x00,0x00,
0x0c,0x00,0x07,0x00,0x13,0x00,0x00,0x00,0xbf,0x1b,0x00,0x00,0x01,0x00,0x00,0x00,
0x28,0x00,0x00,0x00,0xa6,0x1b,0x00,0x00,0xa1,0x1b,0x00,0x00,0x0c,0x00,0x07,0x00,
0x13,0x00,0x00,0x00,0xc4,0x1b,0x00,0x00,0x01,0x00,0x00,0x00,0x25,0x00,0x00,0x00,
0xb0,0x1b,0x00,0x00,0xba,0x1b,0x00,0x00,0x0c,0x00,0x07,0x00,0x13,0x00,0x00,0x00,
0xc9,0x1b,0x00,0x00,0x01,0x00,0x00,0x00,0x28,0x00,0x00,0x00,0xb0,0x1b,0x00,0x00,
0xba,0x1b,0x00,0x00,0x0c,0x00,0x07,0x00,0x13,0x00,0x00,0x00,0xce,0x1b,0x00,0x00,
0x01,0x00,0x00,0x00,0x25,0x00,0x00,0x00,0xb5,0x1b,0x00,0x00,0xab,0x1b,0x00,0x00,
0x0c,0x00,0x07,0x00,0x13,0x00,0x00,0x00,0xd3,0x1b,0x00,0x00,0x01,0x00,0x00,0x00,
0x28,0x00,0x00,0x00,0xb5,0x1b,0x00,0x00,0xab,0x1b,0x00,0x00,0x0c,0x00,0x07,0x00,
0x13,0x00,0x00,0x00,0xd8,0x1b,0x00,0x00,0x01,0x00,0x00,0x00,0x25,0x00,0x00,0x00,
0xc9,0x1b,0x00,0x00,0xce,0x1b,0x00,0x00,0x0c,0x00,0x07,0x00,0x13,0x00,0x00,0x00,
0xdd,0x1b,0x00,0x00,0x01,0x00,0x00,0x00,0x28,0x00,0x00,0x00,0xc9,0x1b,0x00,0x00,
0xce,0x1b,0x00,0x00,0x0c,0x00,0x07,0x00,0x13,0x00,0x00,0x00,0xe2,0x1b,0x00,0x00,
0x01,0x00,0x00,0x00,0x25,0x00,0x00,0x00,0xbf,0x1b,0x00,0x00,0xd3,0x1b,0x00,0x00,
0x0c,0x00,0x07,0x00,0x13,0x00,0x00,0x00,0xe7,0x1b,0x00,0x00,0x01,0x00,0x00,0x00,
0x28,0x00,0x00,0x00,0xbf,0x1b,0x00,0x00,0xd3,0x1b,0x00,0x00,0x0c,0x00,0x07,0x00,
0x13,0x00,0x00,0x00,0xec,0x1b,0x00,0x00,0x01,0x00,0x00,0x00,0x25,0x00,0x00,0x00,
0xdd,0x1b,0x00,0x00,0xe2,0x1b,0x00,0x00,0x0c,0x00,0x07,0x00,0x13,0x00,0x00,0x00,
0xf1,0x1b,0x00,0x00,0x01,0x00,0x00,0x00,0x28,0x00,0x00,0x00,0xdd,0x1b,0x00,0x00,
0xe2,0x1b,0x00,0x00,0x50,0x00,0x08,0x00,0x82,0x00,0x00,0x00,0x44,0x72,0x00,0x00,
0xc4,0x1b,0x00,0x00,0xd8,0x1b,0x00,0x00,0xec,0x1b,0x00,0x00,0xf1,0x1b,0x00,0x00,
0xe7,0x1b,0x00,0x00,0x3e,0x00,0x03,0x00,0x56,0x6c,0x00,0x00,0x44,0x72,0x00,0x00,
0x51,0x00,0x05,0x00,0x13,0x00,0x00,0x00,0x4a,0x72,0x00,0x00,0x5b,0x72,0x00,0x00,
0x00,0x00,0x00,0x00,0x51,0x00,0x05,0x00,0x13,0x00,0x00,0x00,0x4b,0x72,0x00,0x00,
0x5b,0x72,0x00,0x00,0x01,0x00,0x00,0x00,0x51,0x00,0x05,0x00,0x13,0x00,0x00,0x00,
0x4c,0x72,0x00,0x00,0x5b,0x72,0x00,0x00,0x02,0x00,0x00,0x00,0x51,0x00,0x05,0x00,
0x13,0x00,0x00,0x00,0x4d,0x72,0x00,0x00,0x5b,0x72,0x00,0x00,0x03,0x00,0x00,0x00,
0x51,0x00,0x05,0x00,0x13,0x00,0x00,0x00,0x4e,0x72,0x00,0x00,0x5b,0x72,0x00,0x00,
0x04,0x00,0x00,0x00,0x0c,0x00,0x07,0x00,0x13,0x00,0x00,0x00,0x99,0x1c,0x00,0x00,
0x01,0x00,0x00,0x00,0x25,0x00,0x00,0x00,0x4a,0x72,0x00,0x00,0x4d,0x72,0x00,0x00,
0x0c,0x00,0x07,0x00,0x13,0x00,0x00,0x00,0x9e,0x1c,0x00,0x00,0x01,0x00,0x00,0x00,
0x28,0x00,0x00,0x00,0x4a,0x72,0x00,0x00,0x4d,0x72,0x00,0x00,0x0c,0x00,0x07,0x00,
0x13,0x00,0x00,0x00,0xa3,0x1c,0x00,0x00,0x01,0x00,0x00,0x00,0x25,0x00,0x00,0x00,
0x4b,0x72,0x00,0x00,0x4e,0x72,0x00,0x00,0x0c,0x00,0x07,0x00,0x13,0x00,0x00,0x00,
0xa8,0x1c,0x00,0x00,0x01,0x00,0x00,0x00,0x28,0x00,0x00,0x00,0x4b,0x72,0x00,0x00,
0x4e,0x72,0x00,0x00,0x0c,0x00,0x07,0x00,0x13,0x00,0x00,0x00,0xad,0x1c,0x00,0x00,
0x01,0x00,0x00,0x00,0x25,0x00,0x00,0x00,0x99,0x1c,0x00,0x00,0x4c,0x72,0x00,0x00,
0x0c,0x00,0x07,0x00,0x13,0x00,0x00,0x00,0xb2,0x1c,0x00,0x00,0x01,0x00,0x00,0x00,
0x28,0x00,0x00,0x00,0x99,0x1c,0x00,0x00,0x4c,0x72,0x00,0x00,0x0c,0x00,0x07,0x00,
0x13,0x00,0x00,0x00,0xb7,0x1c,0x00,0x00,0x01,0x00,0x00,0x00,0x25,0x00,0x00,0x00,
0xa3,0x1c,0x00,0x00,0x9e,0x1c,0x00,0x00,0x0c,0x00,0x07,0x00,0x13,0x00,0x00,0x00,
0xbc,0x1c,0x00,0x00,0x01,0x00,0x00,0x00,0x28,0x00,0x00,0x00,0xa3,0x1c,0x00,0x00,
0x9e,0x1c,0x00,0x00,0x0c,0x00,0x07,0x00,0x13,0x00,0x00,0x00,0xc1,0x1c,0x00,0x00,
0x01,0x00,0x00,0x00,0x25,0x00,0x00,0x00,0xad,0x1c,0x00,0x00,0xb7,0x1c,0x00,0x00,
0x0c,0x00,0x07,0x00,0x13,0x00,0x00,0x00,0xc6,0x1c,0x00,0x00,0x01,0x00,0x00,0x00,
0x28,0x00,0x00,0x00,0xad,0x1c,0x00,0x00,0xb7,0x1c,0x00,0x00,0x0c,0x00,0x07,0x00,
0x13,0x00,0x00,0x00,0xcb,0x1c,0x00,0x00,0x01,0x00,0x00,0x00,0x25,0x00,0x00,0x00,
0xb2,0x1c,0x00,0x00,0xa8,0x1c,0x00,0x00,0x0c,0x00,0x07,0x00,0x13,0x00,0x00,0x00,
0xd0,0x1c,0x00,0x00,0x01,0x00,0x00,0x00,0x28,0x00,0x00,0x00,0xb2,0x1c,0x00,0x00,
0xa8,0x1c,0x00,0x00,0x0c,0x00,0x07,0x00,0x13,0x00,0x00,0x00,0xd5,0x1c,0x00,0x00,
0x01,0x00,0x00,0x00,0x25,0x00,0x00,0x00,0xc6,0x1c,0x00,0x00,0xcb,0x1c,0x00,0x00,
0x0c,0x00,0x07,0x00,0x13,0x00,0x00,0x00,0xda,0x1c,0x00,0x00,0x01,0x00,0x00,0x00,
0x28,0x00,0x00,0x00,0xc6,0x1c,0x00,0x00,0xcb,0x1c,0x00,0x00,0x0c,0x00,0x07,0x00,
0x13,0x00,0x00,0x00,0xdf,0x1c,0x00,0x00,0x01,0x00,0x00,0x00,0x25,0x00,0x00,0x00,
0xbc,0x1c,0x00,0x00,0xd0,0x1c,0x00,0x00,0x0c,0x00,0x07,0x00,0x13,0x00,0x00,0x00,
0xe4,0x1c,0x00,0x00,0x01,0x00,0x00,0x00,0x28,0x00,0x00,0x00,0xbc,0x1c,0x00,0x00,
0xd0,0x1c,0x00,0x00,0x0c,0x00,0x07,0x00,0x13,0x00,0x00,0x00,0xe9,0x1c,0x00,0x00,
0x01,0x00,0x00,0x00,0x25,0x00,0x00,0x00,0xda,0x1c,0x00,0x00,0xdf,0x1c,0x00,0x00,
0x0c,0x00,0x07,0x00,0x13,0x00,0x00,0x00,0xee,0x1c,0x00,0x00,0x01,0x00,0x00,0x00,
0x28,0x00,0x00,0x00,0xda,0x1c,0x00,0x00,0xdf,0x1c,0x00,0x00,0x50,0x00,0x08,0x00,
0x82,0x00,0x00,0x00,0x54,0x72,0x00,0x00,0xc1,0x1c,0x00,0x00,0xd5,0x1c,0x00,0x00,
0xe9,0x1c,0x00,0x00,0xee,0x1c,0x00,0x00,0xe4,0x1c,0x00,0x00,0x3e,0x00,0x03,0x00,
0x60,0x6c,0x00,0x00,0x54,0x72,0x00,0x00,0x41,0x00,0x05,0x00,0x14,0x00,0x00,0x00,
0x5b,0x6c,0x00,0x00,0x56,0x6c,0x00,0x00,0xcd,0x02,0x00,0x00,0x3d,0x00,0x04,0x00,
0x13,0x00,0x00,0x00,0xa8,0x1a,0x00,0x00,0x5b,0x6c,0x00,0x00,0x41,0x00,0x05,0x00,
0x14,0x00,0x00,0x00,0x65,0x6c,0x00,0x00,0x60,0x6c,0x00,0x00,0xcd,0x02,0x00,0x00,
0x3d,0x00,0x04,0x00,0x13,0x00,0x00,0x00,0xaa,0x1a,0x00,0x00,0x65,0x6c,0x00,0x00,
0x0c,0x00,0x07,0x00,0x13,0x00,0x00,0x00,0xf3,0x1c,0x00,0x00,0x01,0x00,0x00,0x00,
0x25,0x00,0x00,0x00,0xa8,0x1a,0x00,0x00,0xaa,0x1a,0x00,0x00,0xba,0x00,0x05,0x00,
0x6e,0x00,0x00,0x00,0xad,0x1a,0x00,0x00,0xf3,0x1c,0x00,0x00,0x72,0x03,0x00,0x00,
0xf7,0x00,0x03,0x00,0xef,0x1a,0x00,0x00,0x00,0x00,0x00,0x00,0xfa,0x00,0x04,0x00,
0xad,0x1a,0x00,0x00,0xae,0x1a,0x00,0x00,0xef,0x1a,0x00,0x00,0xf8,0x00,0x02,0x00,
0xae,0x1a,0x00,0x00,0xf9,0x00,0x02,0x00,0xaf,0x1a,0x00,0x00,0xf8,0x00,0x02,0x00,
0xaf,0x1a,0x00,0x00,0xf5,0x00,0x07,0x00,0x1a,0x00,0x00,0x00,0xff,0x7a,0x00,0x00,
0x4c,0x01,0x00,0x00,0xae,0x1a,0x00,0x00,0x17,0x7c,0x00,0x00,0xeb,0x1a,0x00,0x00,
0xf5,0x00,0x07,0x00,0x1a,0x00,0x00,0x00,0xfe,0x7a,0x00,0x00,0x4c,0x01,0x00,0x00,
0xae,0x1a,0x00,0x00,0x16,0x7c,0x00,0x00,0xeb,0x1a,0x00,0x00,0xf5,0x00,0x07,0x00,
0x13,0x00,0x00,0x00,0x2b,0x78,0x00,0x00,0x5e,0x03,0x00,0x00,0xae,0x1a,0x00,0x00,
0x37,0x7b,0x00,0x00,0xeb,0x1a,0x00,0x00,0xf5,0x00,0x07,0x00,0x1a,0x00,0x00,0x00,
0x2a,0x78,0x00,0x00,0x4c,0x01,0x00,0x00,0xae,0x1a,0x00,0x00,0xed,0x1a,0x00,0x00,
0xeb,0x1a,0x00,0x00,0xb1,0x00,0x05,0x00,0x6e,0x00,0x00,0x00,0xb2,0x1a,0x00,0x00,
0x2a,0x78,0x00,0x00,0x7d,0x03,0x00,0x00,0xb8,0x00,0x05,0x00,0x6e,0x00,0x00,0x00,
0xb4,0x1a,0x00,0x00,0x2b,0x78,0x00,0x00,0x80,0x03,0x00,0x00,0xa7,0x00,0x05,0x00,
0x6e,0x00,0x00,0x00,0xb5,0x1a,0x00,0x00,0xb2,0x1a,0x00,0x00,0xb4,0x1a,0x00,0x00,
0xf6,0x00,0x04,0x00,0xee,0x1a,0x00,0x00,0xeb,0x1a,0x00,0x00,0x00,0x00,0x00,0x00,
0xfa,0x00,0x04,0x00,0xb5,0x1a,0x00,0x00,0xb6,0x1a,0x00,0x00,0xee,0x1a,0x00,0x00,
0xf8,0x00,0x02,0x00,0xb6,0x1a,0x00,0x00,0x41,0x00,0x05,0x00,0x14,0x00,0x00,0x00,
0x5c,0x6c,0x00,0x00,0x56,0x6c,0x00,0x00,0xfe,0x7a,0x00,0x00,0x3d,0x00,0x04,0x00,
0x13,0x00,0x00,0x00,0xb9,0x1a,0x00,0x00,0x5c,0x6c,0x00,0x00,0x41,0x00,0x05,0x00,
0x14,0x00,0x00,0x00,0x66,0x6c,0x00,0x00,0x60,0x6c,0x00,0x00,0xff,0x7a,0x00,0x00,
0x3d,0x00,0x04,0x00,0x13,0x00,0x00,0x00,0xbc,0x1a,0x00,0x00,0x66,0x6c,0x00,0x00,
0x83,0x00,0x05,0x00,0x13,0x00,0x00,0x00,0xbd,0x1a,0x00,0x00,0xb9,0x1a,0x00,0x00,
0xbc,0x1a,0x00,0x00,0x0c,0x00,0x06,0x00,0x13,0x00,0x00,0x00,0xbf,0x1a,0x00,0x00,
0x01,0x00,0x00,0x00,0x04,0x00,0x00,0x00,0xbd,0x1a,0x00,0x00,0xba,0x00,0x05,0x00,
0x6e,0x00,0x00,0x00,0xc0,0x1a,0x00,0x00,0xbf,0x1a,0x00,0x00,0x8d,0x03,0x00,0x00,
0xf7,0x00,0x03,0x00,0xea,0x1a,0x00,0x00,0x00,0x00,0x00,0x00,0xfa,0x00,0x04,0x00,
0xc0,0x1a,0x00,0x00,0xc1,0x1a,0x00,0x00,0xe9,0x1a,0x00,0x00,0xf8,0x00,0x02,0x00,
0xe9,0x1a,0x00,0x00,0xf9,0x00,0x02,0x00,0xea,0x1a,0x00,0x00,0xf8,0x00,0x02,0x00,
0xc1,0x1a,0x00,0x00,0x0c,0x00,0x06,0x00,0x13,0x00,0x00,0x00,0xc3,0x1a,0x00,0x00,
0x01,0x00,0x00,0x00,0x06,0x00,0x00,0x00,0xbd,0x1a,0x00,0x00,0x3d,0x00,0x04,0x00,
0x13,0x00,0x00,0x00,0xc6,0x1a,0x00,0x00,0x5c,0x6c,0x00,0x00,0x3d,0x00,0x04,0x00,
0x13,0x00,0x00,0x00,0xc9,0x1a,0x00,0x00,0x66,0x6c,0x00,0x00,0x0c,0x00,0x07,0x00,
0x13,0x00,0x00,0x00,0x0a,0x1d,0x00,0x00,0x01,0x00,0x00,0x00,0x28,0x00,0x00,0x00,
0xc6,0x1a,0x00,0x00,0xc9,0x1a,0x00,0x00,0xb7,0x00,0x05,0x00,0x6e,0x00,0x00,0x00,
0xfe,0x1c,0x00,0x00,0x0a,0x1d,0x00,0x00,0xd8,0x01,0x00,0x00,0xf7,0x00,0x03,0x00,
0x04,0x1d,0x00,0x00,0x00,0x00,0x00,0x00,0xfa,0x00,0x04,0x00,0xfe,0x1c,0x00,0x00,
0xff,0x1c,0x00,0x00,0x03,0x1d,0x00,0x00,0xf8,0x00,0x02,0x00,0x03,0x1d,0x00,0x00,
0xf9,0x00,0x02,0x00,0x04,0x1d,0x00,0x00,0xf8,0x00,0x02,0x00,0xff,0x1c,0x00,0x00,
0x0c,0x00,0x07,0x00,0x13,0x00,0x00,0x00,0x0f,0x1d,0x00,0x00,0x01,0x00,0x00,0x00,
0x25,0x00,0x00,0x00,0xc6,0x1a,0x00,0x00,0xc9,0x1a,0x00,0x00,0x88,0x00,0x05,0x00,
0x13,0x00,0x00,0x00,0x02,0x1d,0x00,0x00,0x0f,0x1d,0x00,0x00,0x0a,0x1d,0x00,0x00,
0xf9,0x00,0x02,0x00,0x04,0x1d,0x00,0x00,0xf8,0x00,0x02,0x00,0x04,0x1d,0x00,0x00,
0xf5,0x00,0x07,0x00,0x13,0x00,0x00,0x00,0x00,0x7b,0x00,0x00,0xd8,0x01,0x00,0x00,
0x03,0x1d,0x00,0x00,0x02,0x1d,0x00,0x00,0xff,0x1c,0x00,0x00,0x83,0x00,0x05,0x00,
0x13,0x00,0x00,0x00,0xcb,0x1a,0x00,0x00,0xdc,0x01,0x00,0x00,0x00,0x7b,0x00,0x00,
0x85,0x00,0x05,0x00,0x13,0x00,0x00,0x00,0xcc,0x1a,0x00,0x00,0xc3,0x1a,0x00,0x00,
0xcb,0x1a,0x00,0x00,0x0c,0x00,0x06,0x00,0x13,0x00,0x00,0x00,0xce,0x1a,0x00,0x00,
0x01,0x00,0x00,0x00,0x04,0x00,0x00,0x00,0xcc,0x1a,0x00,0x00,0x0c,0x00,0x06,0x00,
0x13,0x00,0x00,0x00,0xd0,0x1a,0x00,0x00,0x01,0x00,0x00,0x00,0x04,0x00,0x00,0x00,
0x2b,0x78,0x00,0x00,0xb8,0x00,0x05,0x00,0x6e,0x00,0x00,0x00,0xd1,0x1a,0x00,0x00,
0xce,0x1a,0x00,0x00,0xd0,0x1a,0x00,0x00,0xa9,0x00,0x06,0x00,0x13,0x00,0x00,0x00,
0xd4,0x1a,0x00,0x00,0xd1,0x1a,0x00,0x00,0xcc,0x1a,0x00,0x00,0x2b,0x78,0x00,0x00,
0x3d,0x00,0x04,0x00,0x13,0x00,0x00,0x00,0xd7,0x1a,0x00,0x00,0x5c,0x6c,0x00,0x00,
0x3d,0x00,0x04,0x00,0x13,0x00,0x00,0x00,0xda,0x1a,0x00,0x00,0x66,0x6c,0x00,0x00,
0xb8,0x00,0x05,0x00,0x6e,0x00,0x00,0x00,0xdb,0x1a,0x00,0x00,0xd7,0x1a,0x00,0x00,
0xda,0x1a,0x00,0x00,0xa9,0x00,0x06,0x00,0x1a,0x00,0x00,0x00,0xdc,0x1a,0x00,0x00,
0xdb,0x1a,0x00,0x00,0x91,0x01,0x00,0x00,0x4c,0x01,0x00,0x00,0x80,0x00,0x05,0x00,
0x1a,0x00,0x00,0x00,0xde,0x1a,0x00,0x00,0xfe,0x7a,0x00,0x00,0xdc,0x1a,0x00,0x00,
0x41,0x00,0x05,0x00,0x14,0x00,0x00,0x00,0x5f,0x6c,0x00,0x00,0x56,0x6c,0x00,0x00,
0xde,0x1a,0x00,0x00,0x3d,0x00,0x04,0x00,0x13,0x00,0x00,0x00,0xe1,0x1a,0x00,0x00,
0x5f,0x6c,0x00,0x00,0x3d,0x00,0x04,0x00,0x13,0x00,0x00,0x00,0xe4,0x1a,0x00,0x00,
0x66,0x6c,0x00,0x00,0xbe,0x00,0x05,0x00,0x6e,0x00,0x00,0x00,0xe5,0x1a,0x00,0x00,
0xe1,0x1a,0x00,0x00,0xe4,0x1a,0x00,0x00,0xa9,0x00,0x06,0x00,0x1a,0x00,0x00,0x00,
0xe6,0x1a,0x00,0x00,0xe5,0x1a,0x00,0x00,0x91,0x01,0x00,0x00,0x4c,0x01,0x00,0x00,
0x80,0x00,0x05,0x00,0x1a,0x00,0x00,0x00,0xe8,0x1a,0x00,0x00,0xff,0x7a,0x00,0x00,
0xe6,0x1a,0x00,0x00,0xf9,0x00,0x02,0x00,0xea,0x1a,0x00,0x00,0xf8,0x00,0x02,0x00,
0xea,0x1a,0x00,0x00,0xf5,0x00,0x07,0x00,0x1a,0x00,0x00,0x00,0x17,0x7c,0x00,0x00,
0xff,0x7a,0x00,0x00,0xe9,0x1a,0x00,0x00,0xe8,0x1a,0x00,0x00,0x04,0x1d,0x00,0x00,
0xf5,0x00,0x07,0x00,0x1a,0x00,0x00,0x00,0x16,0x7c,0x00,0x00,0xfe,0x7a,0x00,0x00,
0xe9,0x1a,0x00,0x00,0xde,0x1a,0x00,0x00,0x04,0x1d,0x00,0x00,0xf5,0x00,0x07,0x00,
0x13,0x00,0x00,0x00,0x37,0x7b,0x00,0x00,0x80,0x03,0x00,0x00,0xe9,0x1a,0x00,0x00,
0xd4,0x1a,0x00,0x00,0x04,0x1d,0x00,0x00,0xf9,0x00,0x02,0x00,0xeb,0x1a,0x00,0x00,
0xf8,0x00,0x02,0x00,0xeb,0x1a,0x00,0x00,0x80,0x00,0x05,0x00,0x1a,0x00,0x00,0x00,
0xed,0x1a,0x00,0x00,0x2a,0x78,0x00,0x00,0x91,0x01,0x00,0x00,0xf9,0x00,0x02,0x00,
0xaf,0x1a,0x00,0x00,0xf8,0x00,0x02,0x00,0xee,0x1a,0x00,0x00,0xf9,0x00,0x02,0x00,
0xef,0x1a,0x00,0x00,0xf8,0x00,0x02,0x00,0xef,0x1a,0x00,0x00,0xf5,0x00,0x07,0x00,
0x13,0x00,0x00,0x00,0x2c,0x78,0x00,0x00,0x5e,0x03,0x00,0x00,0x2c,0x19,0x00,0x00,
0x2b,0x78,0x00,0x00,0xee,0x1a,0x00,0x00,0xb8,0x00,0x05,0x00,0x6e,0x00,0x00,0x00,
0xf2,0x1a,0x00,0x00,0x2c,0x78,0x00,0x00,0x5e,0x03,0x00,0x00,0xa9,0x00,0x06,0x00,
0x13,0x00,0x00,0x00,0xf3,0x1a,0x00,0x00,0xf2,0x1a,0x00,0x00,0xdc,0x01,0x00,0x00,
0xd8,0x01,0x00,0x00,0x85,0x00,0x05,0x00,0x13,0x00,0x00,0x00,0xf4,0x1a,0x00,0x00,
0x2c,0x78,0x00,0x00,0xf3,0x1a,0x00,0x00,0xf9,0x00,0x02,0x00,0x32,0x19,0x00,0x00,
0xf8,0x00,0x02,0x00,0x32,0x19,0x00,0x00,0xf5,0x00,0x07,0x00,0x13,0x00,0x00,0x00,
0x2d,0x78,0x00,0x00,0xd8,0x01,0x00,0x00,0x1a,0x1a,0x00,0x00,0xf4,0x1a,0x00,0x00,
0xef,0x1a,0x00,0x00,0x52,0x00,0x06,0x00,0x9f,0x00,0x00,0x00,0xfb,0x75,0x00,0x00,
0x2d,0x78,0x00,0x00,0x8e,0x04,0x00,0x00,0x00,0x00,0x00,0x00,0xb7,0x00,0x05,0x00,
0x6e,0x00,0x00,0x00,0xcf,0x18,0x00,0x00,0x2d,0x78,0x00,0x00,0xd8,0x01,0x00,0x00,
0xf7,0x00,0x03,0x00,0xd4,0x18,0x00,0x00,0x00,0x00,0x00,0x00,0xfa,0x00,0x04,0x00,
0xcf,0x18,0x00,0x00,0xd0,0x18,0x00,0x00,0xd3,0x18,0x00,0x00,0xf8,0x00,0x02,0x00,
0xd3,0x18,0x00,0x00,0xf9,0x00,0x02,0x00,0xd4,0x18,0x00,0x00,0xf8,0x00,0x02,0x00,
0xd0,0x18,0x00,0x00,0x0c,0x00,0x06,0x00,0x13,0x00,0x00,0x00,0xd2,0x18,0x00,0x00,
0x01,0x00,0x00,0x00,0x06,0x00,0x00,0x00,0x2d,0x78,0x00,0x00,0xf9,0x00,0x02,0x00,
0xd4,0x18,0x00,0x00,0xf8,0x00,0x02,0x00,0xd4,0x18,0x00,0x00,0xf5,0x00,0x07,0x00,
0x13,0x00,0x00,0x00,0x34,0x78,0x00,0x00,0xd8,0x01,0x00,0x00,0xd3,0x18,0x00,0x00,
0xd2,0x18,0x00,0x00,0xd0,0x18,0x00,0x00,0x52,0x00,0x06,0x00,0x9f,0x00,0x00,0x00,
0xfd,0x75,0x00,0x00,0x34,0x78,0x00,0x00,0xfb,0x75,0x00,0x00,0x01,0x00,0x00,0x00,
0x52,0x00,0x06,0x00,0x9f,0x00,0x00,0x00,0xff,0x75,0x00,0x00,0xdc,0x01,0x00,0x00,
0xfd,0x75,0x00,0x00,0x02,0x00,0x00,0x00,0x81,0x00,0x05,0x00,0x9f,0x00,0x00,0x00,
0x14,0x1d,0x00,0x00,0x99,0x75,0x00,0x00,0xbb,0x75,0x00,0x00,0x81,0x00,0x05,0x00,
0x9f,0x00,0x00,0x00,0x16,0x1d,0x00,0x00,0x14,0x1d,0x00,0x00,0xdd,0x75,0x00,0x00,
0x81,0x00,0x05,0x00,0x9f,0x00,0x00,0x00,0x18,0x1d,0x00,0x00,0x16,0x1d,0x00,0x00,
0xff,0x75,0x00,0x00,0x8e,0x00,0x05,0x00,0x9f,0x00,0x00,0x00,0x19,0x1d,0x00,0x00,
0x18,0x1d,0x00,0x00,0xaf,0x04,0x00,0x00,0x3d,0x00,0x04,0x00,0xe4,0x01,0x00,0x00,
0x2b,0x1d,0x00,0x00,0xe6,0x01,0x00,0x00,0x51,0x00,0x05,0x00,0x13,0x00,0x00,0x00,
0x2e,0x1d,0x00,0x00,0x19,0x1d,0x00,0x00,0x00,0x00,0x00,0x00,0x51,0x00,0x05,0x00,
0x13,0x00,0x00,0x00,0x2f,0x1d,0x00,0x00,0x19,0x1d,0x00,0x00,0x01,0x00,0x00,0x00,
0x50,0x00,0x07,0x00,0x9f,0x00,0x00,0x00,0x30,0x1d,0x00,0x00,0x2e,0x1d,0x00,0x00,
0x2f,0x1d,0x00,0x00,0xd8,0x01,0x00,0x00,0xd8,0x01,0x00,0x00,0x63,0x00,0x04,0x00,
0x2b,0x1d,0x00,0x00,0x53,0x0a,0x00,0x00,0x30,0x1d,0x00,0x00,0x80,0x00,0x05,0x00,
0x06,0x00,0x00,0x00,0x64,0x0a,0x00,0x00,0x43,0x0a,0x00,0x00,0x9f,0x05,0x00,0x00,
0x7c,0x00,0x04,0x00,0x1a,0x00,0x00,0x00,0x65,0x0a,0x00,0x00,0x64,0x0a,0x00,0x00,
0x50,0x00,0x05,0x00,0x32,0x00,0x00,0x00,0x69,0x0a,0x00,0x00,0x65,0x0a,0x00,0x00,
0x47,0x0a,0x00,0x00,0x80,0x00,0x05,0x00,0x32,0x00,0x00,0x00,0x6a,0x0a,0x00,0x00,
0x41,0x0a,0x00,0x00,0x69,0x0a,0x00,0x00,0x80,0x00,0x05,0x00,0x06,0x00,0x00,0x00,
0x70,0x0a,0x00,0x00,0x84,0x09,0x00,0x00,0xbf,0x04,0x00,0x00,0x7c,0x00,0x04,0x00,
0x1a,0x00,0x00,0x00,0x71,0x0a,0x00,0x00,0x70,0x0a,0x00,0x00,0x50,0x00,0x05,0x00,
0x32,0x00,0x00,0x00,0x74,0x0a,0x00,0x00,0x71,0x0a,0x00,0x00,0x51,0x0a,0x00,0x00,
0x80,0x00,0x05,0x00,0x32,0x00,0x00,0x00,0x75,0x0a,0x00,0x00,0x4d,0x0a,0x00,0x00,
0x74,0x0a,0x00,0x00,0x7c,0x00,0x04,0x00,0x2d,0x00,0x00,0x00,0x77,0x0a,0x00,0x00,
0x6a,0x0a,0x00,0x00,0x80,0x00,0x05,0x00,0x2d,0x00,0x00,0x00,0x6e,0x1d,0x00,0x00,
0x77,0x0a,0x00,0x00,0x42,0x05,0x00,0x00,0x80,0x00,0x05,0x00,0x2d,0x00,0x00,0x00,
0x70,0x1d,0x00,0x00,0x77,0x0a,0x00,0x00,0x45,0x05,0x00,0x00,0x80,0x00,0x05,0x00,
0x2d,0x00,0x00,0x00,0x72,0x1d,0x00,0x00,0x77,0x0a,0x00,0x00,0x48,0x05,0x00,0x00,
0x7c,0x00,0x04,0x00,0x32,0x00,0x00,0x00,0x88,0x1d,0x00,0x00,0x77,0x0a,0x00,0x00,
0x6f,0x00,0x04,0x00,0x38,0x00,0x00,0x00,0x89,0x1d,0x00,0x00,0x88,0x1d,0x00,0x00,
0x6e,0x00,0x04,0x00,0x32,0x00,0x00,0x00,0xb0,0x1d,0x00,0x00,0x89,0x1d,0x00,0x00,
0x51,0x00,0x05,0x00,0x1a,0x00,0x00,0x00,0xe3,0x1d,0x00,0x00,0xb0,0x1d,0x00,0x00,
0x00,0x00,0x00,0x00,0x0c,0x00,0x07,0x00,0x1a,0x00,0x00,0x00,0xf4,0x1d,0x00,0x00,
0x01,0x00,0x00,0x00,0x27,0x00,0x00,0x00,0xe3,0x1d,0x00,0x00,0xc1,0x0b,0x00,0x00,
0x0c,0x00,0x07,0x00,0x1a,0x00,0x00,0x00,0xf9,0x1d,0x00,0x00,0x01,0x00,0x00,0x00,
0x2a,0x00,0x00,0x00,0x4c,0x01,0x00,0x00,0xf4,0x1d,0x00,0x00,0x51,0x00,0x05,0x00,
0x1a,0x00,0x00,0x00,0xeb,0x1d,0x00,0x00,0xb0,0x1d,0x00,0x00,0x01,0x00,0x00,0x00,
0x0c,0x00,0x07,0x00,0x1a,0x00,0x00,0x00,0xfe,0x1d,0x00,0x00,0x01,0x00,0x00,0x00,
0x27,0x00,0x00,0x00,0xeb,0x1d,0x00,0x00,0xc9,0x0b,0x00,0x00,0x0c,0x00,0x07,0x00,
0x1a,0x00,0x00,0x00,0x03,0x1e,0x00,0x00,0x01,0x00,0x00,0x00,0x2a,0x00,0x00,0x00,
0x4c,0x01,0x00,0x00,0xfe,0x1d,0x00,0x00,0x50,0x00,0x05,0x00,0x32,0x00,0x00,0x00,
0xcb,0x77,0x00,0x00,0xf9,0x1d,0x00,0x00,0x03,0x1e,0x00,0x00,0x3d,0x00,0x04,0x00,
0xb9,0x01,0x00,0x00,0x06,0x1e,0x00,0x00,0xca,0x01,0x00,0x00,0x5f,0x00,0x07,0x00,
0x9f,0x00,0x00,0x00,0x08,0x1e,0x00,0x00,0x06,0x1e,0x00,0x00,0xcb,0x77,0x00,0x00,
0x02,0x00,0x00,0x00,0x4c,0x01,0x00,0x00,0x4f,0x00,0x07,0x00,0x38,0x00,0x00,0x00,
0x09,0x1e,0x00,0x00,0x08,0x1e,0x00,0x00,0x08,0x1e,0x00,0x00,0x00,0x00,0x00,0x00,
0x01,0x00,0x00,0x00,0x6f,0x00,0x04,0x00,0x38,0x00,0x00,0x00,0xb6,0x1d,0x00,0x00,
0xcb,0x77,0x00,0x00,0x81,0x00,0x05,0x00,0x38,0x00,0x00,0x00,0xb8,0x1d,0x00,0x00,
0xb6,0x1d,0x00,0x00,0xc7,0x77,0x00,0x00,0x88,0x00,0x05,0x00,0x38,0x00,0x00,0x00,
0xbb,0x1d,0x00,0x00,0xb8,0x1d,0x00,0x00,0x9a,0x0b,0x00,0x00,0x3e,0x00,0x03,0x00,
0x2e,0x1e,0x00,0x00,0xdf,0x03,0x00,0x00,0x81,0x00,0x05,0x00,0x38,0x00,0x00,0x00,
0x3d,0x1e,0x00,0x00,0xbb,0x1d,0x00,0x00,0x1c,0x0c,0x00,0x00,0x85,0x00,0x05,0x00,
0x38,0x00,0x00,0x00,0x41,0x1e,0x00,0x00,0x3d,0x1e,0x00,0x00,0x9a,0x0b,0x00,0x00,
0x0c,0x00,0x06,0x00,0x38,0x00,0x00,0x00,0x42,0x1e,0x00,0x00,0x01,0x00,0x00,0x00,
0x08,0x00,0x00,0x00,0x41,0x1e,0x00,0x00,0x6e,0x00,0x04,0x00,0x32,0x00,0x00,0x00,
0x43,0x1e,0x00,0x00,0x42,0x1e,0x00,0x00,0xf9,0x00,0x02,0x00,0x44,0x1e,0x00,0x00,
0xf8,0x00,0x02,0x00,0x44,0x1e,0x00,0x00,0xf5,0x00,0x07,0x00,0x1a,0x00,0x00,0x00,
0x5e,0x78,0x00,0x00,0x4c,0x01,0x00,0x00,0xd4,0x18,0x00,0x00,0x63,0x1e,0x00,0x00,
0x61,0x1e,0x00,0x00,0xb1,0x00,0x05,0x00,0x6e,0x00,0x00,0x00,0x47,0x1e,0x00,0x00,
0x5e,0x78,0x00,0x00,0x7d,0x03,0x00,0x00,0xf6,0x00,0x04,0x00,0x64,0x1e,0x00,0x00,
0x61,0x1e,0x00,0x00,0x00,0x00,0x00,0x00,0xfa,0x00,0x04,0x00,0x47,0x1e,0x00,0x00,
0x48,0x1e,0x00,0x00,0x64,0x1e,0x00,0x00,0xf8,0x00,0x02,0x00,0x48,0x1e,0x00,0x00,
0x41,0x00,0x05,0x00,0x49,0x00,0x00,0x00,0x4c,0x1e,0x00,0x00,0x2e,0x1e,0x00,0x00,
0x5e,0x78,0x00,0x00,0x3d,0x00,0x04,0x00,0x32,0x00,0x00,0x00,0x4d,0x1e,0x00,0x00,
0x4c,0x1e,0x00,0x00,0x80,0x00,0x05,0x00,0x32,0x00,0x00,0x00,0x83,0x1e,0x00,0x00,
0x43,0x1e,0x00,0x00,0x4d,0x1e,0x00,0x00,0x51,0x00,0x05,0x00,0x1a,0x00,0x00,0x00,
0x88,0x1e,0x00,0x00,0x83,0x1e,0x00,0x00,0x00,0x00,0x00,0x00,0x0c,0x00,0x07,0x00,
0x1a,0x00,0x00,0x00,0x99,0x1e,0x00,0x00,0x01,0x00,0x00,0x00,0x27,0x00,0x00,0x00,
0x88,0x1e,0x00,0x00,0xc1,0x0b,0x00,0x00,0x0c,0x00,0x07,0x00,0x1a,0x00,0x00,0x00,
0x9e,0x1e,0x00,0x00,0x01,0x00,0x00,0x00,0x2a,0x00,0x00,0x00,0x4c,0x01,0x00,0x00,
0x99,0x1e,0x00,0x00,0x51,0x00,0x05,0x00,0x1a,0x00,0x00,0x00,0x90,0x1e,0x00,0x00,
0x83,0x1e,0x00,0x00,0x01,0x00,0x00,0x00,0x0c,0x00,0x07,0x00,0x1a,0x00,0x00,0x00,
0xa3,0x1e,0x00,0x00,0x01,0x00,0x00,0x00,0x27,0x00,0x00,0x00,0x90,0x1e,0x00,0x00,
0xc9,0x0b,0x00,0x00,0x0c,0x00,0x07,0x00,0x1a,0x00,0x00,0x00,0xa8,0x1e,0x00,0x00,
0x01,0x00,0x00,0x00,0x2a,0x00,0x00,0x00,0x4c,0x01,0x00,0x00,0xa3,0x1e,0x00,0x00,
0x50,0x00,0x05,0x00,0x32,0x00,0x00,0x00,0xf5,0x77,0x00,0x00,0x9e,0x1e,0x00,0x00,
0xa8,0x1e,0x00,0x00,0x3d,0x00,0x04,0x00,0xb9,0x01,0x00,0x00,0xab,0x1e,0x00,0x00,
0xbb,0x01,0x00,0x00,0x5f,0x00,0x07,0x00,0x9f,0x00,0x00,0x00,0xad,0x1e,0x00,0x00,
0xab,0x1e,0x00,0x00,0xf5,0x77,0x00,0x00,0x02,0x00,0x00,0x00,0x4c,0x01,0x00,0x00,
0x51,0x00,0x05,0x00,0x13,0x00,0x00,0x00,0xae,0x1e,0x00,0x00,0xad,0x1e,0x00,0x00,
0x00,0x00,0x00,0x00,0x3d,0x00,0x04,0x00,0xb9,0x01,0x00,0x00,0xb2,0x1e,0x00,0x00,
0xd2,0x01,0x00,0x00,0x5f,0x00,0x07,0x00,0x9f,0x00,0x00,0x00,0xb3,0x1e,0x00,0x00,
0xb2,0x1e,0x00,0x00,0xd4,0x01,0x00,0x00,0x02,0x00,0x00,0x00,0x4c,0x01,0x00,0x00,
0x51,0x00,0x05,0x00,0x13,0x00,0x00,0x00,0xb4,0x1e,0x00,0x00,0xb3,0x1e,0x00,0x00,
0x00,0x00,0x00,0x00,0xb4,0x00,0x05,0x00,0x6e,0x00,0x00,0x00,0xb6,0x1e,0x00,0x00,
0xb4,0x1e,0x00,0x00,0xd8,0x01,0x00,0x00,0xf9,0x00,0x02,0x00,0xb8,0x1e,0x00,0x00,
0xf8,0x00,0x02,0x00,0xb8,0x1e,0x00,0x00,0xa9,0x00,0x06,0x00,0x13,0x00,0x00,0x00,
0x26,0x7c,0x00,0x00,0xb6,0x1e,0x00,0x00,0xdc,0x01,0x00,0x00,0xb4,0x1e,0x00,0x00,
0x85,0x00,0x05,0x00,0x13,0x00,0x00,0x00,0x53,0x1e,0x00,0x00,0xae,0x1e,0x00,0x00,
0x26,0x7c,0x00,0x00,0x41,0x00,0x05,0x00,0x14,0x00,0x00,0x00,0x96,0x6b,0x00,0x00,
0x95,0x6b,0x00,0x00,0x5e,0x78,0x00,0x00,0x3e,0x00,0x03,0x00,0x96,0x6b,0x00,0x00,
0x53,0x1e,0x00,0x00,0x3d,0x00,0x04,0x00,0x13,0x00,0x00,0x00,0x58,0x1e,0x00,0x00,
0x96,0x6b,0x00,0x00,0x0c,0x00,0x07,0x00,0x13,0x00,0x00,0x00,0xbe,0x1e,0x00,0x00,
0x01,0x00,0x00,0x00,0x1a,0x00,0x00,0x00,0x58,0x1e,0x00,0x00,0xdc,0x01,0x00,0x00,
0x3e,0x00,0x03,0x00,0x96,0x6b,0x00,0x00,0xbe,0x1e,0x00,0x00,0x3d,0x00,0x04,0x00,
0x13,0x00,0x00,0x00,0x5e,0x1e,0x00,0x00,0x96,0x6b,0x00,0x00,0x0c,0x00,0x07,0x00,
0x13,0x00,0x00,0x00,0xc3,0x1e,0x00,0x00,0x01,0x00,0x00,0x00,0x28,0x00,0x00,0x00,
0x5e,0x1e,0x00,0x00,0x8d,0x03,0x00,0x00,0x3e,0x00,0x03,0x00,0x96,0x6b,0x00,0x00,
0xc3,0x1e,0x00,0x00,0xf9,0x00,0x02,0x00,0x61,0x1e,0x00,0x00,0xf8,0x00,0x02,0x00,
0x61,0x1e,0x00,0x00,0x80,0x00,0x05,0x00,0x1a,0x00,0x00,0x00,0x63,0x1e,0x00,0x00,
0x5e,0x78,0x00,0x00,0x91,0x01,0x00,0x00,0xf9,0x00,0x02,0x00,0x44,0x1e,0x00,0x00,
0xf8,0x00,0x02,0x00,0x64,0x1e,0x00,0x00,0x3d,0x00,0x04,0x00,0x82,0x00,0x00,0x00,
0x9b,0x6b,0x00,0x00,0x95,0x6b,0x00,0x00,0x3e,0x00,0x03,0x00,0xcd,0x1e,0x00,0x00,
0xdf,0x03,0x00,0x00,0x81,0x00,0x05,0x00,0x38,0x00,0x00,0x00,0xdb,0x1e,0x00,0x00,
0xbb,0x1d,0x00,0x00,0xba,0x0c,0x00,0x00,0x81,0x00,0x05,0x00,0x38,0x00,0x00,0x00,
0xde,0x1e,0x00,0x00,0xdb,0x1e,0x00,0x00,0x09,0x1e,0x00,0x00,0x51,0x00,0x05,0x00,
0x13,0x00,0x00,0x00,0x1b,0x1f,0x00,0x00,0xde,0x1e,0x00,0x00,0x00,0x00,0x00,0x00,
0xbe,0x00,0x05,0x00,0x6e,0x00,0x00,0x00,0x1c,0x1f,0x00,0x00,0x1b,0x1f,0x00,0x00,
0xd8,0x01,0x00,0x00,0xf7,0x00,0x03,0x00,0x21,0x1f,0x00,0x00,0x00,0x00,0x00,0x00,
0xfa,0x00,0x04,0x00,0x1c,0x1f,0x00,0x00,0x1d,0x1f,0x00,0x00,0x21,0x1f,0x00,0x00,
0xf8,0x00,0x02,0x00,0x1d,0x1f,0x00,0x00,0xbc,0x00,0x05,0x00,0x6e,0x00,0x00,0x00,
0x20,0x1f,0x00,0x00,0x1b,0x1f,0x00,0x00,0xdc,0x01,0x00,0x00,0xf9,0x00,0x02,0x00,
0x21,0x1f,0x00,0x00,0xf8,0x00,0x02,0x00,0x21,0x1f,0x00,0x00,0xf5,0x00,0x07,0x00,
0x6e,0x00,0x00,0x00,0x22,0x1f,0x00,0x00,0x1c,0x1f,0x00,0x00,0x64,0x1e,0x00,0x00,
0x20,0x1f,0x00,0x00,0x1d,0x1f,0x00,0x00,0xf7,0x00,0x03,0x00,0x2d,0x1f,0x00,0x00,
0x00,0x00,0x00,0x00,0xfa,0x00,0x04,0x00,0x22,0x1f,0x00,0x00,0x23,0x1f,0x00,0x00,
0x2d,0x1f,0x00,0x00,0xf8,0x00,0x02,0x00,0x23,0x1f,0x00,0x00,0x51,0x00,0x05,0x00,
0x13,0x00,0x00,0x00,0x25,0x1f,0x00,0x00,0xde,0x1e,0x00,0x00,0x01,0x00,0x00,0x00,
0xbe,0x00,0x05,0x00,0x6e,0x00,0x00,0x00,0x26,0x1f,0x00,0x00,0x25,0x1f,0x00,0x00,
0xd8,0x01,0x00,0x00,0xf7,0x00,0x03,0x00,0x2b,0x1f,0x00,0x00,0x00,0x00,0x00,0x00,
0xfa,0x00,0x04,0x00,0x26,0x1f,0x00,0x00,0x27,0x1f,0x00,0x00,0x2b,0x1f,0x00,0x00,
0xf8,0x00,0x02,0x00,0x27,0x1f,0x00,0x00,0xbc,0x00,0x05,0x00,0x6e,0x00,0x00,0x00,
0x2a,0x1f,0x00,0x00,0x25,0x1f,0x00,0x00,0xdc,0x01,0x00,0x00,0xf9,0x00,0x02,0x00,
0x2b,0x1f,0x00,0x00,0xf8,0x00,0x02,0x00,0x2b,0x1f,0x00,0x00,0xf5,0x00,0x07,0x00,
0x6e,0x00,0x00,0x00,0x2c,0x1f,0x00,0x00,0x26,0x1f,0x00,0x00,0x23,0x1f,0x00,0x00,
0x2a,0x1f,0x00,0x00,0x27,0x1f,0x00,0x00,0xf9,0x00,0x02,0x00,0x2d,0x1f,0x00,0x00,
0xf8,0x00,0x02,0x00,0x2d,0x1f,0x00,0x00,0xf5,0x00,0x07,0x00,0x6e,0x00,0x00,0x00,
0x2e,0x1f,0x00,0x00,0x22,0x1f,0x00,0x00,0x21,0x1f,0x00,0x00,0x2c,0x1f,0x00,0x00,
0x2b,0x1f,0x00,0x00,0xf7,0x00,0x03,0x00,0x0e,0x1f,0x00,0x00,0x00,0x00,0x00,0x00,
0xfa,0x00,0x04,0x00,0x2e,0x1f,0x00,0x00,0xe4,0x1e,0x00,0x00,0x0e,0x1f,0x00,0x00,
0xf8,0x00,0x02,0x00,0xe4,0x1e,0x00,0x00,0x85,0x00,0x05,0x00,0x38,0x00,0x00,0x00,
0xe8,0x1e,0x00,0x00,0xde,0x1e,0x00,0x00,0xb9,0x0c,0x00,0x00,0x0c,0x00,0x06,0x00,
0x38,0x00,0x00,0x00,0xe9,0x1e,0x00,0x00,0x01,0x00,0x00,0x00,0x08,0x00,0x00,0x00,
0xe8,0x1e,0x00,0x00,0x6e,0x00,0x04,0x00,0x32,0x00,0x00,0x00,0xea,0x1e,0x00,0x00,
0xe9,0x1e,0x00,0x00,0xf9,0x00,0x02,0x00,0xeb,0x1e,0x00,0x00,0xf8,0x00,0x02,0x00,
0xeb,0x1e,0x00,0x00,0xf5,0x00,0x07,0x00,0x1a,0x00,0x00,0x00,0x5f,0x78,0x00,0x00,
0x4c,0x01,0x00,0x00,0xe4,0x1e,0x00,0x00,0x0c,0x1f,0x00,0x00,0x0a,0x1f,0x00,0x00,
0xb1,0x00,0x05,0x00,0x6e,0x00,0x00,0x00,0xee,0x1e,0x00,0x00,0x5f,0x78,0x00,0x00,
0x7d,0x03,0x00,0x00,0xf6,0x00,0x04,0x00,0x0d,0x1f,0x00,0x00,0x0a,0x1f,0x00,0x00,
0x00,0x00,0x00,0x00,0xfa,0x00,0x04,0x00,0xee,0x1e,0x00,0x00,0xef,0x1e,0x00,0x00,
0x0d,0x1f,0x00,0x00,0xf8,0x00,0x02,0x00,0xef,0x1e,0x00,0x00,0x41,0x00,0x05,0x00,
0x49,0x00,0x00,0x00,0xf3,0x1e,0x00,0x00,0xcd,0x1e,0x00,0x00,0x5f,0x78,0x00,0x00,
0x3d,0x00,0x04,0x00,0x32,0x00,0x00,0x00,0xf4,0x1e,0x00,0x00,0xf3,0x1e,0x00,0x00,
0x80,0x00,0x05,0x00,0x32,0x00,0x00,0x00,0x44,0x1f,0x00,0x00,0xea,0x1e,0x00,0x00,
0xf4,0x1e,0x00,0x00,0x51,0x00,0x05,0x00,0x1a,0x00,0x00,0x00,0x46,0x1f,0x00,0x00,
0xf7,0x0c,0x00,0x00,0x00,0x00,0x00,0x00,0x82,0x00,0x05,0x00,0x1a,0x00,0x00,0x00,
0x47,0x1f,0x00,0x00,0x46,0x1f,0x00,0x00,0x91,0x01,0x00,0x00,0x51,0x00,0x05,0x00,
0x1a,0x00,0x00,0x00,0x49,0x1f,0x00,0x00,0x44,0x1f,0x00,0x00,0x00,0x00,0x00,0x00,
0x0c,0x00,0x07,0x00,0x1a,0x00,0x00,0x00,0x5a,0x1f,0x00,0x00,0x01,0x00,0x00,0x00,
0x27,0x00,0x00,0x00,0x49,0x1f,0x00,0x00,0x47,0x1f,0x00,0x00,0x0c,0x00,0x07,0x00,
0x1a,0x00,0x00,0x00,0x5f,0x1f,0x00,0x00,0x01,0x00,0x00,0x00,0x2a,0x00,0x00,0x00,
0x4c,0x01,0x00,0x00,0x5a,0x1f,0x00,0x00,0x51,0x00,0x05,0x00,0x1a,0x00,0x00,0x00,
0x4e,0x1f,0x00,0x00,0xf7,0x0c,0x00,0x00,0x01,0x00,0x00,0x00,0x82,0x00,0x05,0x00,
0x1a,0x00,0x00,0x00,0x4f,0x1f,0x00,0x00,0x4e,0x1f,0x00,0x00,0x91,0x01,0x00,0x00,
0x51,0x00,0x05,0x00,0x1a,0x00,0x00,0x00,0x51,0x1f,0x00,0x00,0x44,0x1f,0x00,0x00,
0x01,0x00,0x00,0x00,0x0c,0x00,0x07,0x00,0x1a,0x00,0x00,0x00,0x64,0x1f,0x00,0x00,
0x01,0x00,0x00,0x00,0x27,0x00,0x00,0x00,0x51,0x1f,0x00,0x00,0x4f,0x1f,0x00,0x00,
0x0c,0x00,0x07,0x00,0x1a,0x00,0x00,0x00,0x69,0x1f,0x00,0x00,0x01,0x00,0x00,0x00,
0x2a,0x00,0x00,0x00,0x4c,0x01,0x00,0x00,0x64,0x1f,0x00,0x00,0x50,0x00,0x05,0x00,
0x32,0x00,0x00,0x00,0xf4,0x77,0x00,0x00,0x5f,0x1f,0x00,0x00,0x69,0x1f,0x00,0x00,
0x3d,0x00,0x04,0x00,0xb9,0x01,0x00,0x00,0x6c,0x1f,0x00,0x00,0xc3,0x01,0x00,0x00,
0x5f,0x00,0x07,0x00,0x9f,0x00,0x00,0x00,0x6e,0x1f,0x00,0x00,0x6c,0x1f,0x00,0x00,
0xf4,0x77,0x00,0x00,0x02,0x00,0x00,0x00,0x4c,0x01,0x00,0x00,0x51,0x00,0x05,0x00,
0x13,0x00,0x00,0x00,0x6f,0x1f,0x00,0x00,0x6e,0x1f,0x00,0x00,0x00,0x00,0x00,0x00,
0x41,0x00,0x05,0x00,0xa2,0x01,0x00,0x00,0x72,0x1f,0x00,0x00,0x8b,0x01,0x00,0x00,
0xa1,0x01,0x00,0x00,0x3d,0x00,0x04,0x00,0x13,0x00,0x00,0x00,0x73,0x1f,0x00,0x00,
0x72,0x1f,0x00,0x00,0x85,0x00,0x05,0x00,0x13,0x00,0x00,0x00,0xfa,0x1e,0x00,0x00,
0x6f,0x1f,0x00,0x00,0x73,0x1f,0x00,0x00,0x3d,0x00,0x04,0x00,0xb9,0x01,0x00,0x00,
0x77,0x1f,0x00,0x00,0xd2,0x01,0x00,0x00,0x5f,0x00,0x07,0x00,0x9f,0x00,0x00,0x00,
0x78,0x1f,0x00,0x00,0x77,0x1f,0x00,0x00,0xd4,0x01,0x00,0x00,0x02,0x00,0x00,0x00,
0x4c,0x01,0x00,0x00,0x51,0x00,0x05,0x00,0x13,0x00,0x00,0x00,0x79,0x1f,0x00,0x00,
0x78,0x1f,0x00,0x00,0x00,0x00,0x00,0x00,0xb4,0x00,0x05,0x00,0x6e,0x00,0x00,0x00,
0x7b,0x1f,0x00,0x00,0x79,0x1f,0x00,0x00,0xd8,0x01,0x00,0x00,0xf9,0x00,0x02,0x00,
0x7d,0x1f,0x00,0x00,0xf8,0x00,0x02,0x00,0x7d,0x1f,0x00,0x00,0xa9,0x00,0x06,0x00,
0x13,0x00,0x00,0x00,0x27,0x7c,0x00,0x00,0x7b,0x1f,0x00,0x00,0xdc,0x01,0x00,0x00,
0x79,0x1f,0x00,0x00,0x85,0x00,0x05,0x00,0x13,0x00,0x00,0x00,0xfc,0x1e,0x00,0x00,
0xfa,0x1e,0x00,0x00,0x27,0x7c,0x00,0x00,0x41,0x00,0x05,0x00,0x14,0x00,0x00,0x00,
0x06,0x72,0x00,0x00,0x05,0x72,0x00,0x00,0x5f,0x78,0x00,0x00,0x3e,0x00,0x03,0x00,
0x06,0x72,0x00,0x00,0xfc,0x1e,0x00,0x00,0x3d,0x00,0x04,0x00,0x13,0x00,0x00,0x00,
0x01,0x1f,0x00,0x00,0x06,0x72,0x00,0x00,0x0c,0x00,0x07,0x00,0x13,0x00,0x00,0x00,
0x83,0x1f,0x00,0x00,0x01,0x00,0x00,0x00,0x1a,0x00,0x00,0x00,0x01,0x1f,0x00,0x00,
0xdc,0x01,0x00,0x00,0x3e,0x00,0x03,0x00,0x06,0x72,0x00,0x00,0x83,0x1f,0x00,0x00,
0x3d,0x00,0x04,0x00,0x13,0x00,0x00,0x00,0x07,0x1f,0x00,0x00,0x06,0x72,0x00,0x00,
0x0c,0x00,0x07,0x00,0x13,0x00,0x00,0x00,0x88,0x1f,0x00,0x00,0x01,0x00,0x00,0x00,
0x28,0x00,0x00,0x00,0x07,0x1f,0x00,0x00,0x8d,0x03,0x00,0x00,0x3e,0x00,0x03,0x00,
0x06,0x72,0x00,0x00,0x88,0x1f,0x00,0x00,0xf9,0x00,0x02,0x00,0x0a,0x1f,0x00,0x00,
0xf8,0x00,0x02,0x00,0x0a,0x1f,0x00,0x00,0x80,0x00,0x05,0x00,0x1a,0x00,0x00,0x00,
0x0c,0x1f,0x00,0x00,0x5f,0x78,0x00,0x00,0x91,0x01,0x00,0x00,0xf9,0x00,0x02,0x00,
0xeb,0x1e,0x00,0x00,0xf8,0x00,0x02,0x00,0x0d,0x1f,0x00,0x00,0xf9,0x00,0x02,0x00,
0x0e,0x1f,0x00,0x00,0xf8,0x00,0x02,0x00,0x0e,0x1f,0x00,0x00,0x3d,0x00,0x04,0x00,
0x82,0x00,0x00,0x00,0x0b,0x72,0x00,0x00,0x05,0x72,0x00,0x00,0xf7,0x00,0x03,0x00,
0x26,0x1e,0x00,0x00,0x00,0x00,0x00,0x00,0xfa,0x00,0x04,0x00,0x2e,0x1f,0x00,0x00,
0x20,0x1e,0x00,0x00,0x26,0x1e,0x00,0x00,0xf8,0x00,0x02,0x00,0x20,0x1e,0x00,0x00,
0x51,0x00,0x05,0x00,0x13,0x00,0x00,0x00,0xea,0x71,0x00,0x00,0x9b,0x6b,0x00,0x00,
0x00,0x00,0x00,0x00,0x51,0x00,0x05,0x00,0x13,0x00,0x00,0x00,0xeb,0x71,0x00,0x00,
0x9b,0x6b,0x00,0x00,0x01,0x00,0x00,0x00,0x51,0x00,0x05,0x00,0x13,0x00,0x00,0x00,
0xec,0x71,0x00,0x00,0x9b,0x6b,0x00,0x00,0x02,0x00,0x00,0x00,0x51,0x00,0x05,0x00,
0x13,0x00,0x00,0x00,0xed,0x71,0x00,0x00,0x9b,0x6b,0x00,0x00,0x03,0x00,0x00,0x00,
0x51,0x00,0x05,0x00,0x13,0x00,0x00,0x00,0xee,0x71,0x00,0x00,0x9b,0x6b,0x00,0x00,
0x04,0x00,0x00,0x00,0x0c,0x00,0x07,0x00,0x13,0x00,0x00,0x00,0x90,0x20,0x00,0x00,
0x01,0x00,0x00,0x00,0x25,0x00,0x00,0x00,0xea,0x71,0x00,0x00,0xed,0x71,0x00,0x00,
0x0c,0x00,0x07,0x00,0x13,0x00,0x00,0x00,0x95,0x20,0x00,0x00,0x01,0x00,0x00,0x00,
0x28,0x00,0x00,0x00,0xea,0x71,0x00,0x00,0xed,0x71,0x00,0x00,0x0c,0x00,0x07,0x00,
0x13,0x00,0x00,0x00,0x9a,0x20,0x00,0x00,0x01,0x00,0x00,0x00,0x25,0x00,0x00,0x00,
0xeb,0x71,0x00,0x00,0xee,0x71,0x00,0x00,0x0c,0x00,0x07,0x00,0x13,0x00,0x00,0x00,
0x9f,0x20,0x00,0x00,0x01,0x00,0x00,0x00,0x28,0x00,0x00,0x00,0xeb,0x71,0x00,0x00,
0xee,0x71,0x00,0x00,0x0c,0x00,0x07,0x00,0x13,0x00,0x00,0x00,0xa4,0x20,0x00,0x00,
0x01,0x00,0x00,0x00,0x25,0x00,0x00,0x00,0x90,0x20,0x00,0x00,0xec,0x71,0x00,0x00,
0x0c,0x00,0x07,0x00,0x13,0x00,0x00,0x00,0xa9,0x20,0x00,0x00,0x01,0x00,0x00,0x00,
0x28,0x00,0x00,0x00,0x90,0x20,0x00,0x00,0xec,0x71,0x00,0x00,0x0c,0x00,0x07,0x00,
0x13,0x00,0x00,0x00,0xae,0x20,0x00,0x00,0x01,0x00,0x00,0x00,0x25,0x00,0x00,0x00,
0x9a,0x20,0x00,0x00,0x95,0x20,0x00,0x00,0x0c,0x00,0x07,0x00,0x13,0x00,0x00,0x00,
0xb3,0x20,0x00,0x00,0x01,0x00,0x00,0x00,0x28,0x00,0x00,0x00,0x9a,0x20,0x00,0x00,
0x95,0x20,0x00,0x00,0x0c,0x00,0x07,0x00,0x13,0x00,0x00,0x00,0xb8,0x20,0x00,0x00,
0x01,0x00,0x00,0x00,0x25,0x00,0x00,0x00,0xa4,0x20,0x00,0x00,0xae,0x20,0x00,0x00,
0x0c,0x00,0x07,0x00,0x13,0x00,0x00,0x00,0xbd,0x20,0x00,0x00,0x01,0x00,0x00,0x00,
0x28,0x00,0x00,0x00,0xa4,0x20,0x00,0x00,0xae,0x20,0x00,0x00,0x0c,0x00,0x07,0x00,
0x13,0x00,0x00,0x00,0xc2,0x20,0x00,0x00,0x01,0x00,0x00,0x00,0x25,0x00,0x00,0x00,
0xa9,0x20,0x00,0x00,0x9f,0x20,0x00,0x00,0x0c,0x00,0x07,0x00,0x13,0x00,0x00,0x00,
0xc7,0x20,0x00,0x00,0x01,0x00,0x00,0x00,0x28,0x00,0x00,0x00,0xa9,0x20,0x00,0x00,
0x9f,0x20,0x00,0x00,0x0c,0x00,0x07,0x00,0x13,0x00,0x00,0x00,0xcc,0x20,0x00,0x00,
0x01,0x00,0x00,0x00,0x25,0x00,0x00,0x00,0xbd,0x20,0x00,0x00,0xc2,0x20,0x00,0x00,
0x0c,0x00,0x07,0x00,0x13,0x00,0x00,0x00,0xd1,0x20,0x00,0x00,0x01,0x00,0x00,0x00,
0x28,0x00,0x00,0x00,0xbd,0x20,0x00,0x00,0xc2,0x20,0x00,0x00,0x0c,0x00,0x07,0x00,
0x13,0x00,0x00,0x00,0xd6,0x20,0x00,0x00,0x01,0x00,0x00,0x00,0x25,0x00,0x00,0x00,
0xb3,0x20,0x00,0x00,0xc7,0x20,0x00,0x00,0x0c,0x00,0x07,0x00,0x13,0x00,0x00,0x00,
0xdb,0x20,0x00,0x00,0x01,0x00,0x00,0x00,0x28,0x00,0x00,0x00,0xb3,0x20,0x00,0x00,
0xc7,0x20,0x00,0x00,0x0c,0x00,0x07,0x00,0x13,0x00,0x00,0x00,0xe0,0x20,0x00,0x00,
0x01,0x00,0x00,0x00,0x25,0x00,0x00,0x00,0xd1,0x20,0x00,0x00,0xd6,0x20,0x00,0x00,
0x0c,0x00,0x07,0x00,0x13,0x00,0x00,0x00,0xe5,0x20,0x00,0x00,0x01,0x00,0x00,0x00,
0x28,0x00,0x00,0x00,0xd1,0x20,0x00,0x00,0xd6,0x20,0x00,0x00,0x50,0x00,0x08,0x00,
0x82,0x00,0x00,0x00,0xf4,0x71,0x00,0x00,0xb8,0x20,0x00,0x00,0xcc,0x20,0x00,0x00,
0xe0,0x20,0x00,0x00,0xe5,0x20,0x00,0x00,0xdb,0x20,0x00,0x00,0x3e,0x00,0x03,0x00,
0xa9,0x6b,0x00,0x00,0xf4,0x71,0x00,0x00,0x51,0x00,0x05,0x00,0x13,0x00,0x00,0x00,
0xfa,0x71,0x00,0x00,0x0b,0x72,0x00,0x00,0x00,0x00,0x00,0x00,0x51,0x00,0x05,0x00,
0x13,0x00,0x00,0x00,0xfb,0x71,0x00,0x00,0x0b,0x72,0x00,0x00,0x01,0x00,0x00,0x00,
0x51,0x00,0x05,0x00,0x13,0x00,0x00,0x00,0xfc,0x71,0x00,0x00,0x0b,0x72,0x00,0x00,
0x02,0x00,0x00,0x00,0x51,0x00,0x05,0x00,0x13,0x00,0x00,0x00,0xfd,0x71,0x00,0x00,
0x0b,0x72,0x00,0x00,0x03,0x00,0x00,0x00,0x51,0x00,0x05,0x00,0x13,0x00,0x00,0x00,
0xfe,0x71,0x00,0x00,0x0b,0x72,0x00,0x00,0x04,0x00,0x00,0x00,0x0c,0x00,0x07,0x00,
0x13,0x00,0x00,0x00,0x8d,0x21,0x00,0x00,0x01,0x00,0x00,0x00,0x25,0x00,0x00,0x00,
0xfa,0x71,0x00,0x00,0xfd,0x71,0x00,0x00,0x0c,0x00,0x07,0x00,0x13,0x00,0x00,0x00,
0x92,0x21,0x00,0x00,0x01,0x00,0x00,0x00,0x28,0x00,0x00,0x00,0xfa,0x71,0x00,0x00,
0xfd,0x71,0x00,0x00,0x0c,0x00,0x07,0x00,0x13,0x00,0x00,0x00,0x97,0x21,0x00,0x00,
0x01,0x00,0x00,0x00,0x25,0x00,0x00,0x00,0xfb,0x71,0x00,0x00,0xfe,0x71,0x00,0x00,
0x0c,0x00,0x07,0x00,0x13,0x00,0x00,0x00,0x9c,0x21,0x00,0x00,0x01,0x00,0x00,0x00,
0x28,0x00,0x00,0x00,0xfb,0x71,0x00,0x00,0xfe,0x71,0x00,0x00,0x0c,0x00,0x07,0x00,
0x13,0x00,0x00,0x00,0xa1,0x21,0x00,0x00,0x01,0x00,0x00,0x00,0x25,0x00,0x00,0x00,
0x8d,0x21,0x00,0x00,0xfc,0x71,0x00,0x00,0x0c,0x00,0x07,0x00,0x13,0x00,0x00,0x00,
0xa6,0x21,0x00,0x00,0x01,0x00,0x00,0x00,0x28,0x00,0x00,0x00,0x8d,0x21,0x00,0x00,
0xfc,0x71,0x00,0x00,0x0c,0x00,0x07,0x00,0x13,0x00,0x00,0x00,0xab,0x21,0x00,0x00,
0x01,0x00,0x00,0x00,0x25,0x00,0x00,0x00,0x97,0x21,0x00,0x00,0x92,0x21,0x00,0x00,
0x0c,0x00,0x07,0x00,0x13,0x00,0x00,0x00,0xb0,0x21,0x00,0x00,0x01,0x00,0x00,0x00,
0x28,0x00,0x00,0x00,0x97,0x21,0x00,0x00,0x92,0x21,0x00,0x00,0x0c,0x00,0x07,0x00,
0x13,0x00,0x00,0x00,0xb5,0x21,0x00,0x00,0x01,0x00,0x00,0x00,0x25,0x00,0x00,0x00,
0xa1,0x21,0x00,0x00,0xab,0x21,0x00,0x00,0x0c,0x00,0x07,0x00,0x13,0x00,0x00,0x00,
0xba,0x21,0x00,0x00,0x01,0x00,0x00,0x00,0x28,0x00,0x00,0x00,0xa1,0x21,0x00,0x00,
0xab,0x21,0x00,0x00,0x0c,0x00,0x07,0x00,0x13,0x00,0x00,0x00,0xbf,0x21,0x00,0x00,
0x01,0x00,0x00,0x00,0x25,0x00,0x00,0x00,0xa6,0x21,0x00,0x00,0x9c,0x21,0x00,0x00,
0x0c,0x00,0x07,0x00,0x13,0x00,0x00,0x00,0xc4,0x21,0x00,0x00,0x01,0x00,0x00,0x00,
0x28,0x00,0x00,0x00,0xa6,0x21,0x00,0x00,0x9c,0x21,0x00,0x00,0x0c,0x00,0x07,0x00,
0x13,0x00,0x00,0x00,0xc9,0x21,0x00,0x00,0x01,0x00,0x00,0x00,0x25,0x00,0x00,0x00,
0xba,0x21,0x00,0x00,0xbf,0x21,0x00,0x00,0x0c,0x00,0x07,0x00,0x13,0x00,0x00,0x00,
0xce,0x21,0x00,0x00,0x01,0x00,0x00,0x00,0x28,0x00,0x00,0x00,0xba,0x21,0x00,0x00,
0xbf,0x21,0x00,0x00,0x0c,0x00,0x07,0x00,0x13,0x00,0x00,0x00,0xd3,0x21,0x00,0x00,
0x01,0x00,0x00,0x00,0x25,0x00,0x00,0x00,0xb0,0x21,0x00,0x00,0xc4,0x21,0x00,0x00,
0x0c,0x00,0x07,0x00,0x13,0x00,0x00,0x00,0xd8,0x21,0x00,0x00,0x01,0x00,0x00,0x00,
0x28,0x00,0x00,0x00,0xb0,0x21,0x00,0x00,0xc4,0x21,0x00,0x00,0x0c,0x00,0x07,0x00,
0x13,0x00,0x00,0x00,0xdd,0x21,0x00,0x00,0x01,0x00,0x00,0x00,0x25,0x00,0x00,0x00,
0xce,0x21,0x00,0x00,0xd3,0x21,0x00,0x00,0x0c,0x00,0x07,0x00,0x13,0x00,0x00,0x00,
0xe2,0x21,0x00,0x00,0x01,0x00,0x00,0x00,0x28,0x00,0x00,0x00,0xce,0x21,0x00,0x00,
0xd3,0x21,0x00,0x00,0x50,0x00,0x08,0x00,0x82,0x00,0x00,0x00,0x04,0x72,0x00,0x00,
0xb5,0x21,0x00,0x00,0xc9,0x21,0x00,0x00,0xdd,0x21,0x00,0x00,0xe2,0x21,0x00,0x00,
0xd8,0x21,0x00,0x00,0x3e,0x00,0x03,0x00,0xb3,0x6b,0x00,0x00,0x04,0x72,0x00,0x00,
0x41,0x00,0x05,0x00,0x14,0x00,0x00,0x00,0xae,0x6b,0x00,0x00,0xa9,0x6b,0x00,0x00,
0xcd,0x02,0x00,0x00,0x3d,0x00,0x04,0x00,0x13,0x00,0x00,0x00,0x9c,0x1f,0x00,0x00,
0xae,0x6b,0x00,0x00,0x41,0x00,0x05,0x00,0x14,0x00,0x00,0x00,0xb8,0x6b,0x00,0x00,
0xb3,0x6b,0x00,0x00,0xcd,0x02,0x00,0x00,0x3d,0x00,0x04,0x00,0x13,0x00,0x00,0x00,
0x9e,0x1f,0x00,0x00,0xb8,0x6b,0x00,0x00,0x0c,0x00,0x07,0x00,0x13,0x00,0x00,0x00,
0xe7,0x21,0x00,0x00,0x01,0x00,0x00,0x00,0x25,0x00,0x00,0x00,0x9c,0x1f,0x00,0x00,
0x9e,0x1f,0x00,0x00,0xba,0x00,0x05,0x00,0x6e,0x00,0x00,0x00,0xa1,0x1f,0x00,0x00,
0xe7,0x21,0x00,0x00,0x72,0x03,0x00,0x00,0xf7,0x00,0x03,0x00,0xe3,0x1f,0x00,0x00,
0x00,0x00,0x00,0x00,0xfa,0x00,0x04,0x00,0xa1,0x1f,0x00,0x00,0xa2,0x1f,0x00,0x00,
0xe3,0x1f,0x00,0x00,0xf8,0x00,0x02,0x00,0xa2,0x1f,0x00,0x00,0xf9,0x00,0x02,0x00,
0xa3,0x1f,0x00,0x00,0xf8,0x00,0x02,0x00,0xa3,0x1f,0x00,0x00,0xf5,0x00,0x07,0x00,
0x1a,0x00,0x00,0x00,0xf3,0x7a,0x00,0x00,0x4c,0x01,0x00,0x00,0xa2,0x1f,0x00,0x00,
0x15,0x7c,0x00,0x00,0xdf,0x1f,0x00,0x00,0xf5,0x00,0x07,0x00,0x1a,0x00,0x00,0x00,
0xf2,0x7a,0x00,0x00,0x4c,0x01,0x00,0x00,0xa2,0x1f,0x00,0x00,0x14,0x7c,0x00,0x00,
0xdf,0x1f,0x00,0x00,0xf5,0x00,0x07,0x00,0x13,0x00,0x00,0x00,0x61,0x78,0x00,0x00,
0x5e,0x03,0x00,0x00,0xa2,0x1f,0x00,0x00,0x4a,0x7b,0x00,0x00,0xdf,0x1f,0x00,0x00,
0xf5,0x00,0x07,0x00,0x1a,0x00,0x00,0x00,0x60,0x78,0x00,0x00,0x4c,0x01,0x00,0x00,
0xa2,0x1f,0x00,0x00,0xe1,0x1f,0x00,0x00,0xdf,0x1f,0x00,0x00,0xb1,0x00,0x05,0x00,
0x6e,0x00,0x00,0x00,0xa6,0x1f,0x00,0x00,0x60,0x78,0x00,0x00,0x7d,0x03,0x00,0x00,
0xb8,0x00,0x05,0x00,0x6e,0x00,0x00,0x00,0xa8,0x1f,0x00,0x00,0x61,0x78,0x00,0x00,
0x80,0x03,0x00,0x00,0xa7,0x00,0x05,0x00,0x6e,0x00,0x00,0x00,0xa9,0x1f,0x00,0x00,
0xa6,0x1f,0x00,0x00,0xa8,0x1f,0x00,0x00,0xf6,0x00,0x04,0x00,0xe2,0x1f,0x00,0x00,
0xdf,0x1f,0x00,0x00,0x00,0x00,0x00,0x00,0xfa,0x00,0x04,0x00,0xa9,0x1f,0x00,0x00,
0xaa,0x1f,0x00,0x00,0xe2,0x1f,0x00,0x00,0xf8,0x00,0x02,0x00,0xaa,0x1f,0x00,0x00,
0x41,0x00,0x05,0x00,0x14,0x00,0x00,0x00,0xaf,0x6b,0x00,0x00,0xa9,0x6b,0x00,0x00,
0xf2,0x7a,0x00,0x00,0x3d,0x00,0x04,0x00,0x13,0x00,0x00,0x00,0xad,0x1f,0x00,0x00,
0xaf,0x6b,0x00,0x00,0x41,0x00,0x05,0x00,0x14,0x00,0x00,0x00,0xb9,0x6b,0x00,0x00,
0xb3,0x6b,0x00,0x00,0xf3,0x7a,0x00,0x00,0x3d,0x00,0x04,0x00,0x13,0x00,0x00,0x00,
0xb0,0x1f,0x00,0x00,0xb9,0x6b,0x00,0x00,0x83,0x00,0x05,0x00,0x13,0x00,0x00,0x00,
0xb1,0x1f,0x00,0x00,0xad,0x1f,0x00,0x00,0xb0,0x1f,0x00,0x00,0x0c,0x00,0x06,0x00,
0x13,0x00,0x00,0x00,0xb3,0x1f,0x00,0x00,0x01,0x00,0x00,0x00,0x04,0x00,0x00,0x00,
0xb1,0x1f,0x00,0x00,0xba,0x00,0x05,0x00,0x6e,0x00,0x00,0x00,0xb4,0x1f,0x00,0x00,
0xb3,0x1f,0x00,0x00,0x8d,0x03,0x00,0x00,0xf7,0x00,0x03,0x00,0xde,0x1f,0x00,0x00,
0x00,0x00,0x00,0x00,0xfa,0x00,0x04,0x00,0xb4,0x1f,0x00,0x00,0xb5,0x1f,0x00,0x00,
0xdd,0x1f,0x00,0x00,0xf8,0x00,0x02,0x00,0xdd,0x1f,0x00,0x00,0xf9,0x00,0x02,0x00,
0xde,0x1f,0x00,0x00,0xf8,0x00,0x02,0x00,0xb5,0x1f,0x00,0x00,0x0c,0x00,0x06,0x00,
0x13,0x00,0x00,0x00,0xb7,0x1f,0x00,0x00,0x01,0x00,0x00,0x00,0x06,0x00,0x00,0x00,
0xb1,0x1f,0x00,0x00,0x3d,0x00,0x04,0x00,0x13,0x00,0x00,0x00,0xba,0x1f,0x00,0x00,
0xaf,0x6b,0x00,0x00,0x3d,0x00,0x04,0x00,0x13,0x00,0x00,0x00,0xbd,0x1f,0x00,0x00,
0xb9,0x6b,0x00,0x00,0x0c,0x00,0x07,0x00,0x13,0x00,0x00,0x00,0xfe,0x21,0x00,0x00,
0x01,0x00,0x00,0x00,0x28,0x00,0x00,0x00,0xba,0x1f,0x00,0x00,0xbd,0x1f,0x00,0x00,
0xb7,0x00,0x05,0x00,0x6e,0x00,0x00,0x00,0xf2,0x21,0x00,0x00,0xfe,0x21,0x00,0x00,
0xd8,0x01,0x00,0x00,0xf7,0x00,0x03,0x00,0xf8,0x21,0x00,0x00,0x00,0x00,0x00,0x00,
0xfa,0x00,0x04,0x00,0xf2,0x21,0x00,0x00,0xf3,0x21,0x00,0x00,0xf7,0x21,0x00,0x00,
0xf8,0x00,0x02,0x00,0xf7,0x21,0x00,0x00,0xf9,0x00,0x02,0x00,0xf8,0x21,0x00,0x00,
0xf8,0x00,0x02,0x00,0xf3,0x21,0x00,0x00,0x0c,0x00,0x07,0x00,0x13,0x00,0x00,0x00,
0x03,0x22,0x00,0x00,0x01,0x00,0x00,0x00,0x25,0x00,0x00,0x00,0xba,0x1f,0x00,0x00,
0xbd,0x1f,0x00,0x00,0x88,0x00,0x05,0x00,0x13,0x00,0x00,0x00,0xf6,0x21,0x00,0x00,
0x03,0x22,0x00,0x00,0xfe,0x21,0x00,0x00,0xf9,0x00,0x02,0x00,0xf8,0x21,0x00,0x00,
0xf8,0x00,0x02,0x00,0xf8,0x21,0x00,0x00,0xf5,0x00,0x07,0x00,0x13,0x00,0x00,0x00,
0xf4,0x7a,0x00,0x00,0xd8,0x01,0x00,0x00,0xf7,0x21,0x00,0x00,0xf6,0x21,0x00,0x00,
0xf3,0x21,0x00,0x00,0x83,0x00,0x05,0x00,0x13,0x00,0x00,0x00,0xbf,0x1f,0x00,0x00,
0xdc,0x01,0x00,0x00,0xf4,0x7a,0x00,0x00,0x85,0x00,0x05,0x00,0x13,0x00,0x00,0x00,
0xc0,0x1f,0x00,0x00,0xb7,0x1f,0x00,0x00,0xbf,0x1f,0x00,0x00,0x0c,0x00,0x06,0x00,
0x13,0x00,0x00,0x00,0xc2,0x1f,0x00,0x00,0x01,0x00,0x00,0x00,0x04,0x00,0x00,0x00,
0xc0,0x1f,0x00,0x00,0x0c,0x00,0x06,0x00,0x13,0x00,0x00,0x00,0xc4,0x1f,0x00,0x00,
0x01,0x00,0x00,0x00,0x04,0x00,0x00,0x00,0x61,0x78,0x00,0x00,0xb8,0x00,0x05,0x00,
0x6e,0x00,0x00,0x00,0xc5,0x1f,0x00,0x00,0xc2,0x1f,0x00,0x00,0xc4,0x1f,0x00,0x00,
0xa9,0x00,0x06,0x00,0x13,0x00,0x00,0x00,0xc8,0x1f,0x00,0x00,0xc5,0x1f,0x00,0x00,
0xc0,0x1f,0x00,0x00,0x61,0x78,0x00,0x00,0x3d,0x00,0x04,0x00,0x13,0x00,0x00,0x00,
0xcb,0x1f,0x00,0x00,0xaf,0x6b,0x00,0x00,0x3d,0x00,0x04,0x00,0x13,0x00,0x00,0x00,
0xce,0x1f,0x00,0x00,0xb9,0x6b,0x00,0x00,0xb8,0x00,0x05,0x00,0x6e,0x00,0x00,0x00,
0xcf,0x1f,0x00,0x00,0xcb,0x1f,0x00,0x00,0xce,0x1f,0x00,0x00,0xa9,0x00,0x06,0x00,
0x1a,0x00,0x00,0x00,0xd0,0x1f,0x00,0x00,0xcf,0x1f,0x00,0x00,0x91,0x01,0x00,0x00,
0x4c,0x01,0x00,0x00,0x80,0x00,0x05,0x00,0x1a,0x00,0x00,0x00,0xd2,0x1f,0x00,0x00,
0xf2,0x7a,0x00,0x00,0xd0,0x1f,0x00,0x00,0x41,0x00,0x05,0x00,0x14,0x00,0x00,0x00,
0xb2,0x6b,0x00,0x00,0xa9,0x6b,0x00,0x00,0xd2,0x1f,0x00,0x00,0x3d,0x00,0x04,0x00,
0x13,0x00,0x00,0x00,0xd5,0x1f,0x00,0x00,0xb2,0x6b,0x00,0x00,0x3d,0x00,0x04,0x00,
0x13,0x00,0x00,0x00,0xd8,0x1f,0x00,0x00,0xb9,0x6b,0x00,0x00,0xbe,0x00,0x05,0x00,
0x6e,0x00,0x00,0x00,0xd9,0x1f,0x00,0x00,0xd5,0x1f,0x00,0x00,0xd8,0x1f,0x00,0x00,
0xa9,0x00,0x06,0x00,0x1a,0x00,0x00,0x00,0xda,0x1f,0x00,0x00,0xd9,0x1f,0x00,0x00,
0x91,0x01,0x00,0x00,0x4c,0x01,0x00,0x00,0x80,0x00,0x05,0x00,0x1a,0x00,0x00,0x00,
0xdc,0x1f,0x00,0x00,0xf3,0x7a,0x00,0x00,0xda,0x1f,0x00,0x00,0xf9,0x00,0x02,0x00,
0xde,0x1f,0x00,0x00,0xf8,0x00,0x02,0x00,0xde,0x1f,0x00,0x00,0xf5,0x00,0x07,0x00,
0x1a,0x00,0x00,0x00,0x15,0x7c,0x00,0x00,0xf3,0x7a,0x00,0x00,0xdd,0x1f,0x00,0x00,
0xdc,0x1f,0x00,0x00,0xf8,0x21,0x00,0x00,0xf5,0x00,0x07,0x00,0x1a,0x00,0x00,0x00,
0x14,0x7c,0x00,0x00,0xf2,0x7a,0x00,0x00,0xdd,0x1f,0x00,0x00,0xd2,0x1f,0x00,0x00,
0xf8,0x21,0x00,0x00,0xf5,0x00,0x07,0x00,0x13,0x00,0x00,0x00,0x4a,0x7b,0x00,0x00,
0x80,0x03,0x00,0x00,0xdd,0x1f,0x00,0x00,0xc8,0x1f,0x00,0x00,0xf8,0x21,0x00,0x00,
0xf9,0x00,0x02,0x00,0xdf,0x1f,0x00,0x00,0xf8,0x00,0x02,0x00,0xdf,0x1f,0x00,0x00,
0x80,0x00,0x05,0x00,0x1a,0x00,0x00,0x00,0xe1,0x1f,0x00,0x00,0x60,0x78,0x00,0x00,
0x91,0x01,0x00,0x00,0xf9,0x00,0x02,0x00,0xa3,0x1f,0x00,0x00,0xf8,0x00,0x02,0x00,
0xe2,0x1f,0x00,0x00,0xf9,0x00,0x02,0x00,0xe3,0x1f,0x00,0x00,0xf8,0x00,0x02,0x00,
0xe3,0x1f,0x00,0x00,0xf5,0x00,0x07,0x00,0x13,0x00,0x00,0x00,0x62,0x78,0x00,0x00,
0x5e,0x03,0x00,0x00,0x20,0x1e,0x00,0x00,0x61,0x78,0x00,0x00,0xe2,0x1f,0x00,0x00,
0xb8,0x00,0x05,0x00,0x6e,0x00,0x00,0x00,0xe6,0x1f,0x00,0x00,0x62,0x78,0x00,0x00,
0x5e,0x03,0x00,0x00,0xa9,0x00,0x06,0x00,0x13,0x00,0x00,0x00,0xe7,0x1f,0x00,0x00,
0xe6,0x1f,0x00,0x00,0xdc,0x01,0x00,0x00,0xd8,0x01,0x00,0x00,0x85,0x00,0x05,0x00,
0x13,0x00,0x00,0x00,0xe8,0x1f,0x00,0x00,0x62,0x78,0x00,0x00,0xe7,0x1f,0x00,0x00,
0xf9,0x00,0x02,0x00,0x26,0x1e,0x00,0x00,0xf8,0x00,0x02,0x00,0x26,0x1e,0x00,0x00,
0xf5,0x00,0x07,0x00,0x13,0x00,0x00,0x00,0x63,0x78,0x00,0x00,0xd8,0x01,0x00,0x00,
0x0e,0x1f,0x00,0x00,0xe8,0x1f,0x00,0x00,0xe3,0x1f,0x00,0x00,0x52,0x00,0x06,0x00,
0x9f,0x00,0x00,0x00,0x1d,0x76,0x00,0x00,0x63,0x78,0x00,0x00,0x8e,0x04,0x00,0x00,
0x00,0x00,0x00,0x00,0xb7,0x00,0x05,0x00,0x6e,0x00,0x00,0x00,0xc3,0x1d,0x00,0x00,
0x63,0x78,0x00,0x00,0xd8,0x01,0x00,0x00,0xf7,0x00,0x03,0x00,0xc8,0x1d,0x00,0x00,
0x00,0x00,0x00,0x00,0xfa,0x00,0x04,0x00,0xc3,0x1d,0x00,0x00,0xc4,0x1d,0x00,0x00,
0xc7,0x1d,0x00,0x00,0xf8,0x00,0x02,0x00,0xc7,0x1d,0x00,0x00,0xf9,0x00,0x02,0x00,
0xc8,0x1d,0x00,0x00,0xf8,0x00,0x02,0x00,0xc4,0x1d,0x00,0x00,0x0c,0x00,0x06,0x00,
0x13,0x00,0x00,0x00,0xc6,0x1d,0x00,0x00,0x01,0x00,0x00,0x00,0x06,0x00,0x00,0x00,
0x63,0x78,0x00,0x00,0xf9,0x00,0x02,0x00,0xc8,0x1d,0x00,0x00,0xf8,0x00,0x02,0x00,
0xc8,0x1d,0x00,0x00,0xf5,0x00,0x07,0x00,0x13,0x00,0x00,0x00,0x6a,0x78,0x00,0x00,
0xd8,0x01,0x00,0x00,0xc7,0x1d,0x00,0x00,0xc6,0x1d,0x00,0x00,0xc4,0x1d,0x00,0x00,
0x52,0x00,0x06,0x00,0x9f,0x00,0x00,0x00,0x1f,0x76,0x00,0x00,0x6a,0x78,0x00,0x00,
0x1d,0x76,0x00,0x00,0x01,0x00,0x00,0x00,0x52,0x00,0x06,0x00,0x9f,0x00,0x00,0x00,
0x21,0x76,0x00,0x00,0xdc,0x01,0x00,0x00,0x1f,0x76,0x00,0x00,0x02,0x00,0x00,0x00,
0x7c,0x00,0x04,0x00,0x32,0x00,0x00,0x00,0x8d,0x1d,0x00,0x00,0x6e,0x1d,0x00,0x00,
0x6f,0x00,0x04,0x00,0x38,0x00,0x00,0x00,0x8e,0x1d,0x00,0x00,0x8d,0x1d,0x00,0x00,
0x6e,0x00,0x04,0x00,0x32,0x00,0x00,0x00,0x14,0x22,0x00,0x00,0x8e,0x1d,0x00,0x00,
0x51,0x00,0x05,0x00,0x1a,0x00,0x00,0x00,0x47,0x22,0x00,0x00,0x14,0x22,0x00,0x00,
0x00,0x00,0x00,0x00,0x0c,0x00,0x07,0x00,0x1a,0x00,0x00,0x00,0x58,0x22,0x00,0x00,
0x01,0x00,0x00,0x00,0x27,0x00,0x00,0x00,0x47,0x22,0x00,0x00,0xc1,0x0b,0x00,0x00,
0x0c,0x00,0x07,0x00,0x1a,0x00,0x00,0x00,0x5d,0x22,0x00,0x00,0x01,0x00,0x00,0x00,
0x2a,0x00,0x00,0x00,0x4c,0x01,0x00,0x00,0x58,0x22,0x00,0x00,0x51,0x00,0x05,0x00,
0x1a,0x00,0x00,0x00,0x4f,0x22,0x00,0x00,0x14,0x22,0x00,0x00,0x01,0x00,0x00,0x00,
0x0c,0x00,0x07,0x00,0x1a,0x00,0x00,0x00,0x62,0x22,0x00,0x00,0x01,0x00,0x00,0x00,
0x27,0x00,0x00,0x00,0x4f,0x22,0x00,0x00,0xc9,0x0b,0x00,0x00,0x0c,0x00,0x07,0x00,
0x1a,0x00,0x00,0x00,0x67,0x22,0x00,0x00,0x01,0x00,0x00,0x00,0x2a,0x00,0x00,0x00,
0x4c,0x01,0x00,0x00,0x62,0x22,0x00,0x00,0x50,0x00,0x05,0x00,0x32,0x00,0x00,0x00,
0xcc,0x77,0x00,0x00,0x5d,0x22,0x00,0x00,0x67,0x22,0x00,0x00,0x3d,0x00,0x04,0x00,
0xb9,0x01,0x00,0x00,0x6a,0x22,0x00,0x00,0xca,0x01,0x00,0x00,0x5f,0x00,0x07,0x00,
0x9f,0x00,0x00,0x00,0x6c,0x22,0x00,0x00,0x6a,0x22,0x00,0x00,0xcc,0x77,0x00,0x00,
0x02,0x00,0x00,0x00,0x4c,0x01,0x00,0x00,0x4f,0x00,0x07,0x00,0x38,0x00,0x00,0x00,
0x6d,0x22,0x00,0x00,0x6c,0x22,0x00,0x00,0x6c,0x22,0x00,0x00,0x00,0x00,0x00,0x00,
0x01,0x00,0x00,0x00,0x6f,0x00,0x04,0x00,0x38,0x00,0x00,0x00,0x1a,0x22,0x00,0x00,
0xcc,0x77,0x00,0x00,0x81,0x00,0x05,0x00,0x38,0x00,0x00,0x00,0x1c,0x22,0x00,0x00,
0x1a,0x22,0x00,0x00,0xc7,0x77,0x00,0x00,0x88,0x00,0x05,0x00,0x38,0x00,0x00,0x00,
0x1f,0x22,0x00,0x00,0x1c,0x22,0x00,0x00,0x9a,0x0b,0x00,0x00,0x3e,0x00,0x03,0x00,
0x92,0x22,0x00,0x00,0xdf,0x03,0x00,0x00,0x81,0x00,0x05,0x00,0x38,0x00,0x00,0x00,
0xa1,0x22,0x00,0x00,0x1f,0x22,0x00,0x00,0x1c,0x0c,0x00,0x00,0x85,0x00,0x05,0x00,
0x38,0x00,0x00,0x00,0xa5,0x22,0x00,0x00,0xa1,0x22,0x00,0x00,0x9a,0x0b,0x00,0x00,
0x0c,0x00,0x06,0x00,0x38,0x00,0x00,0x00,0xa6,0x22,0x00,0x00,0x01,0x00,0x00,0x00,
0x08,0x00,0x00,0x00,0xa5,0x22,0x00,0x00,0x6e,0x00,0x04,0x00,0x32,0x00,0x00,0x00,
0xa7,0x22,0x00,0x00,0xa6,0x22,0x00,0x00,0xf9,0x00,0x02,0x00,0xa8,0x22,0x00,0x00,
0xf8,0x00,0x02,0x00,0xa8,0x22,0x00,0x00,0xf5,0x00,0x07,0x00,0x1a,0x00,0x00,0x00,
0x6c,0x78,0x00,0x00,0x4c,0x01,0x00,0x00,0xc8,0x1d,0x00,0x00,0xc7,0x22,0x00,0x00,
0xc5,0x22,0x00,0x00,0xb1,0x00,0x05,0x00,0x6e,0x00,0x00,0x00,0xab,0x22,0x00,0x00,
0x6c,0x78,0x00,0x00,0x7d,0x03,0x00,0x00,0xf6,0x00,0x04,0x00,0xc8,0x22,0x00,0x00,
0xc5,0x22,0x00,0x00,0x00,0x00,0x00,0x00,0xfa,0x00,0x04,0x00,0xab,0x22,0x00,0x00,
0xac,0x22,0x00,0x00,0xc8,0x22,0x00,0x00,0xf8,0x00,0x02,0x00,0xac,0x22,0x00,0x00,
0x41,0x00,0x05,0x00,0x49,0x00,0x00,0x00,0xb0,0x22,0x00,0x00,0x92,0x22,0x00,0x00,
0x6c,0x78,0x00,0x00,0x3d,0x00,0x04,0x00,0x32,0x00,0x00,0x00,0xb1,0x22,0x00,0x00,
0xb0,0x22,0x00,0x00,0x80,0x00,0x05,0x00,0x32,0x00,0x00,0x00,0xe7,0x22,0x00,0x00,
0xa7,0x22,0x00,0x00,0xb1,0x22,0x00,0x00,0x51,0x00,0x05,0x00,0x1a,0x00,0x00,0x00,
0xec,0x22,0x00,0x00,0xe7,0x22,0x00,0x00,0x00,0x00,0x00,0x00,0x0c,0x00,0x07,0x00,
0x1a,0x00,0x00,0x00,0xfd,0x22,0x00,0x00,0x01,0x00,0x00,0x00,0x27,0x00,0x00,0x00,
0xec,0x22,0x00,0x00,0xc1,0x0b,0x00,0x00,0x0c,0x00,0x07,0x00,0x1a,0x00,0x00,0x00,
0x02,0x23,0x00,0x00,0x01,0x00,0x00,0x00,0x2a,0x00,0x00,0x00,0x4c,0x01,0x00,0x00,
0xfd,0x22,0x00,0x00,0x51,0x00,0x05,0x00,0x1a,0x00,0x00,0x00,0xf4,0x22,0x00,0x00,
0xe7,0x22,0x00,0x00,0x01,0x00,0x00,0x00,0x0c,0x00,0x07,0x00,0x1a,0x00,0x00,0x00,
0x07,0x23,0x00,0x00,0x01,0x00,0x00,0x00,0x27,0x00,0x00,0x00,0xf4,0x22,0x00,0x00,
0xc9,0x0b,0x00,0x00,0x0c,0x00,0x07,0x00,0x1a,0x00,0x00,0x00,0x0c,0x23,0x00,0x00,
0x01,0x00,0x00,0x00,0x2a,0x00,0x00,0x00,0x4c,0x01,0x00,0x00,0x07,0x23,0x00,0x00,
0x50,0x00,0x05,0x00,0x32,0x00,0x00,0x00,0xf3,0x77,0x00,0x00,0x02,0x23,0x00,0x00,
0x0c,0x23,0x00,0x00,0x3d,0x00,0x04,0x00,0xb9,0x01,0x00,0x00,0x0f,0x23,0x00,0x00,
0xbb,0x01,0x00,0x00,0x5f,0x00,0x07,0x00,0x9f,0x00,0x00,0x00,0x11,0x23,0x00,0x00,
0x0f,0x23,0x00,0x00,0xf3,0x77,0x00,0x00,0x02,0x00,0x00,0x00,0x4c,0x01,0x00,0x00,
0x51,0x00,0x05,0x00,0x13,0x00,0x00,0x00,0x12,0x23,0x00,0x00,0x11,0x23,0x00,0x00,
0x00,0x00,0x00,0x00,0x3d,0x00,0x04,0x00,0xb9,0x01,0x00,0x00,0x16,0x23,0x00,0x00,
0xd2,0x01,0x00,0x00,0x5f,0x00,0x07,0x00,0x9f,0x00,0x00,0x00,0x17,0x23,0x00,0x00,
0x16,0x23,0x00,0x00,0xd4,0x01,0x00,0x00,0x02,0x00,0x00,0x00,0x4c,0x01,0x00,0x00,
0x51,0x00,0x05,0x00,0x13,0x00,0x00,0x00,0x18,0x23,0x00,0x00,0x17,0x23,0x00,0x00,
0x00,0x00,0x00,0x00,0xb4,0x00,0x05,0x00,0x6e,0x00,0x00,0x00,0x1a,0x23,0x00,0x00,
0x18,0x23,0x00,0x00,0xd8,0x01,0x00,0x00,0xf9,0x00,0x02,0x00,0x1c,0x23,0x00,0x00,
0xf8,0x00,0x02,0x00,0x1c,0x23,0x00,0x00,0xa9,0x00,0x06,0x00,0x13,0x00,0x00,0x00,
0x28,0x7c,0x00,0x00,0x1a,0x23,0x00,0x00,0xdc,0x01,0x00,0x00,0x18,0x23,0x00,0x00,
0x85,0x00,0x05,0x00,0x13,0x00,0x00,0x00,0xb7,0x22,0x00,0x00,0x12,0x23,0x00,0x00,
0x28,0x7c,0x00,0x00,0x41,0x00,0x05,0x00,0x14,0x00,0x00,0x00,0xe9,0x6a,0x00,0x00,
0xe8,0x6a,0x00,0x00,0x6c,0x78,0x00,0x00,0x3e,0x00,0x03,0x00,0xe9,0x6a,0x00,0x00,
0xb7,0x22,0x00,0x00,0x3d,0x00,0x04,0x00,0x13,0x00,0x00,0x00,0xbc,0x22,0x00,0x00,
0xe9,0x6a,0x00,0x00,0x0c,0x00,0x07,0x00,0x13,0x00,0x00,0x00,0x22,0x23,0x00,0x00,
0x01,0x00,0x00,0x00,0x1a,0x00,0x00,0x00,0xbc,0x22,0x00,0x00,0xdc,0x01,0x00,0x00,
0x3e,0x00,0x03,0x00,0xe9,0x6a,0x00,0x00,0x22,0x23,0x00,0x00,0x3d,0x00,0x04,0x00,
0x13,0x00,0x00,0x00,0xc2,0x22,0x00,0x00,0xe9,0x6a,0x00,0x00,0x0c,0x00,0x07,0x00,
0x13,0x00,0x00,0x00,0x27,0x23,0x00,0x00,0x01,0x00,0x00,0x00,0x28,0x00,0x00,0x00,
0xc2,0x22,0x00,0x00,0x8d,0x03,0x00,0x00,0x3e,0x00,0x03,0x00,0xe9,0x6a,0x00,0x00,
0x27,0x23,0x00,0x00,0xf9,0x00,0x02,0x00,0xc5,0x22,0x00,0x00,0xf8,0x00,0x02,0x00,
0xc5,0x22,0x00,0x00,0x80,0x00,0x05,0x00,0x1a,0x00,0x00,0x00,0xc7,0x22,0x00,0x00,
0x6c,0x78,0x00,0x00,0x91,0x01,0x00,0x00,0xf9,0x00,0x02,0x00,0xa8,0x22,0x00,0x00,
0xf8,0x00,0x02,0x00,0xc8,0x22,0x00,0x00,0x3d,0x00,0x04,0x00,0x82,0x00,0x00,0x00,
0xee,0x6a,0x00,0x00,0xe8,0x6a,0x00,0x00,0x3e,0x00,0x03,0x00,0x31,0x23,0x00,0x00,
0xdf,0x03,0x00,0x00,0x81,0x00,0x05,0x00,0x38,0x00,0x00,0x00,0x3f,0x23,0x00,0x00,
0x1f,0x22,0x00,0x00,0xba,0x0c,0x00,0x00,0x81,0x00,0x05,0x00,0x38,0x00,0x00,0x00,
0x42,0x23,0x00,0x00,0x3f,0x23,0x00,0x00,0x6d,0x22,0x00,0x00,0x51,0x00,0x05,0x00,
0x13,0x00,0x00,0x00,0x7f,0x23,0x00,0x00,0x42,0x23,0x00,0x00,0x00,0x00,0x00,0x00,
0xbe,0x00,0x05,0x00,0x6e,0x00,0x00,0x00,0x80,0x23,0x00,0x00,0x7f,0x23,0x00,0x00,
0xd8,0x01,0x00,0x00,0xf7,0x00,0x03,0x00,0x85,0x23,0x00,0x00,0x00,0x00,0x00,0x00,
0xfa,0x00,0x04,0x00,0x80,0x23,0x00,0x00,0x81,0x23,0x00,0x00,0x85,0x23,0x00,0x00,
0xf8,0x00,0x02,0x00,0x81,0x23,0x00,0x00,0xbc,0x00,0x05,0x00,0x6e,0x00,0x00,0x00,
0x84,0x23,0x00,0x00,0x7f,0x23,0x00,0x00,0xdc,0x01,0x00,0x00,0xf9,0x00,0x02,0x00,
0x85,0x23,0x00,0x00,0xf8,0x00,0x02,0x00,0x85,0x23,0x00,0x00,0xf5,0x00,0x07,0x00,
0x6e,0x00,0x00,0x00,0x86,0x23,0x00,0x00,0x80,0x23,0x00,0x00,0xc8,0x22,0x00,0x00,
0x84,0x23,0x00,0x00,0x81,0x23,0x00,0x00,0xf7,0x00,0x03,0x00,0x91,0x23,0x00,0x00,
0x00,0x00,0x00,0x00,0xfa,0x00,0x04,0x00,0x86,0x23,0x00,0x00,0x87,0x23,0x00,0x00,
0x91,0x23,0x00,0x00,0xf8,0x00,0x02,0x00,0x87,0x23,0x00,0x00,0x51,0x00,0x05,0x00,
0x13,0x00,0x00,0x00,0x89,0x23,0x00,0x00,0x42,0x23,0x00,0x00,0x01,0x00,0x00,0x00,
0xbe,0x00,0x05,0x00,0x6e,0x00,0x00,0x00,0x8a,0x23,0x00,0x00,0x89,0x23,0x00,0x00,
0xd8,0x01,0x00,0x00,0xf7,0x00,0x03,0x00,0x8f,0x23,0x00,0x00,0x00,0x00,0x00,0x00,
0xfa,0x00,0x04,0x00,0x8a,0x23,0x00,0x00,0x8b,0x23,0x00,0x00,0x8f,0x23,0x00,0x00,
0xf8,0x00,0x02,0x00,0x8b,0x23,0x00,0x00,0xbc,0x00,0x05,0x00,0x6e,0x00,0x00,0x00,
0x8e,0x23,0x00,0x00,0x89,0x23,0x00,0x00,0xdc,0x01,0x00,0x00,0xf9,0x00,0x02,0x00,
0x8f,0x23,0x00,0x00,0xf8,0x00,0x02,0x00,0x8f,0x23,0x00,0x00,0xf5,0x00,0x07,0x00,
0x6e,0x00,0x00,0x00,0x90,0x23,0x00,0x00,0x8a,0x23,0x00,0x00,0x87,0x23,0x00,0x00,
0x8e,0x23,0x00,0x00,0x8b,0x23,0x00,0x00,0xf9,0x00,0x02,0x00,0x91,0x23,0x00,0x00,
0xf8,0x00,0x02,0x00,0x91,0x23,0x00,0x00,0xf5,0x00,0x07,0x00,0x6e,0x00,0x00,0x00,
0x92,0x23,0x00,0x00,0x86,0x23,0x00,0x00,0x85,0x23,0x00,0x00,0x90,0x23,0x00,0x00,
0x8f,0x23,0x00,0x00,0xf7,0x00,0x03,0x00,0x72,0x23,0x00,0x00,0x00,0x00,0x00,0x00,
0xfa,0x00,0x04,0x00,0x92,0x23,0x00,0x00,0x48,0x23,0x00,0x00,0x72,0x23,0x00,0x00,
0xf8,0x00,0x02,0x00,0x48,0x23,0x00,0x00,0x85,0x00,0x05,0x00,0x38,0x00,0x00,0x00,
0x4c,0x23,0x00,0x00,0x42,0x23,0x00,0x00,0xb9,0x0c,0x00,0x00,0x0c,0x00,0x06,0x00,
0x38,0x00,0x00,0x00,0x4d,0x23,0x00,0x00,0x01,0x00,0x00,0x00,0x08,0x00,0x00,0x00,
0x4c,0x23,0x00,0x00,0x6e,0x00,0x04,0x00,0x32,0x00,0x00,0x00,0x4e,0x23,0x00,0x00,
0x4d,0x23,0x00,0x00,0xf9,0x00,0x02,0x00,0x4f,0x23,0x00,0x00,0xf8,0x00,0x02,0x00,
0x4f,0x23,0x00,0x00,0xf5,0x00,0x07,0x00,0x1a,0x00,0x00,0x00,0x6d,0x78,0x00,0x00,
0x4c,0x01,0x00,0x00,0x48,0x23,0x00,0x00,0x70,0x23,0x00,0x00,0x6e,0x23,0x00,0x00,
0xb1,0x00,0x05,0x00,0x6e,0x00,0x00,0x00,0x52,0x23,0x00,0x00,0x6d,0x78,0x00,0x00,
0x7d,0x03,0x00,0x00,0xf6,0x00,0x04,0x00,0x71,0x23,0x00,0x00,0x6e,0x23,0x00,0x00,
0x00,0x00,0x00,0x00,0xfa,0x00,0x04,0x00,0x52,0x23,0x00,0x00,0x53,0x23,0x00,0x00,
0x71,0x23,0x00,0x00,0xf8,0x00,0x02,0x00,0x53,0x23,0x00,0x00,0x41,0x00,0x05,0x00,
0x49,0x00,0x00,0x00,0x57,0x23,0x00,0x00,0x31,0x23,0x00,0x00,0x6d,0x78,0x00,0x00,
0x3d,0x00,0x04,0x00,0x32,0x00,0x00,0x00,0x58,0x23,0x00,0x00,0x57,0x23,0x00,0x00,
0x80,0x00,0x05,0x00,0x32,0x00,0x00,0x00,0xa8,0x23,0x00,0x00,0x4e,0x23,0x00,0x00,
0x58,0x23,0x00,0x00,0x51,0x00,0x05,0x00,0x1a,0x00,0x00,0x00,0xaa,0x23,0x00,0x00,
0xf7,0x0c,0x00,0x00,0x00,0x00,0x00,0x00,0x82,0x00,0x05,0x00,0x1a,0x00,0x00,0x00,
0xab,0x23,0x00,0x00,0xaa,0x23,0x00,0x00,0x91,0x01,0x00,0x00,0x51,0x00,0x05,0x00,
0x1a,0x00,0x00,0x00,0xad,0x23,0x00,0x00,0xa8,0x23,0x00,0x00,0x00,0x00,0x00,0x00,
0x0c,0x00,0x07,0x00,0x1a,0x00,0x00,0x00,0xbe,0x23,0x00,0x00,0x01,0x00,0x00,0x00,
0x27,0x00,0x00,0x00,0xad,0x23,0x00,0x00,0xab,0x23,0x00,0x00,0x0c,0x00,0x07,0x00,
0x1a,0x00,0x00,0x00,0xc3,0x23,0x00,0x00,0x01,0x00,0x00,0x00,0x2a,0x00,0x00,0x00,
0x4c,0x01,0x00,0x00,0xbe,0x23,0x00,0x00,0x51,0x00,0x05,0x00,0x1a,0x00,0x00,0x00,
0xb2,0x23,0x00,0x00,0xf7,0x0c,0x00,0x00,0x01,0x00,0x00,0x00,0x82,0x00,0x05,0x00,
0x1a,0x00,0x00,0x00,0xb3,0x23,0x00,0x00,0xb2,0x23,0x00,0x00,0x91,0x01,0x00,0x00,
0x51,0x00,0x05,0x00,0x1a,0x00,0x00,0x00,0xb5,0x23,0x00,0x00,0xa8,0x23,0x00,0x00,
0x01,0x00,0x00,0x00,0x0c,0x00,0x07,0x00,0x1a,0x00,0x00,0x00,0xc8,0x23,0x00,0x00,
0x01,0x00,0x00,0x00,0x27,0x00,0x00,0x00,0xb5,0x23,0x00,0x00,0xb3,0x23,0x00,0x00,
0x0c,0x00,0x07,0x00,0x1a,0x00,0x00,0x00,0xcd,0x23,0x00,0x00,0x01,0x00,0x00,0x00,
0x2a,0x00,0x00,0x00,0x4c,0x01,0x00,0x00,0xc8,0x23,0x00,0x00,0x50,0x00,0x05,0x00,
0x32,0x00,0x00,0x00,0xf2,0x77,0x00,0x00,0xc3,0x23,0x00,0x00,0xcd,0x23,0x00,0x00,
0x3d,0x00,0x04,0x00,0xb9,0x01,0x00,0x00,0xd0,0x23,0x00,0x00,0xc3,0x01,0x00,0x00,
0x5f,0x00,0x07,0x00,0x9f,0x00,0x00,0x00,0xd2,0x23,0x00,0x00,0xd0,0x23,0x00,0x00,
0xf2,0x77,0x00,0x00,0x02,0x00,0x00,0x00,0x4c,0x01,0x00,0x00,0x51,0x00,0x05,0x00,
0x13,0x00,0x00,0x00,0xd3,0x23,0x00,0x00,0xd2,0x23,0x00,0x00,0x00,0x00,0x00,0x00,
0x41,0x00,0x05,0x00,0xa2,0x01,0x00,0x00,0xd6,0x23,0x00,0x00,0x8b,0x01,0x00,0x00,
0xa1,0x01,0x00,0x00,0x3d,0x00,0x04,0x00,0x13,0x00,0x00,0x00,0xd7,0x23,0x00,0x00,
0xd6,0x23,0x00,0x00,0x85,0x00,0x05,0x00,0x13,0x00,0x00,0x00,0x5e,0x23,0x00,0x00,
0xd3,0x23,0x00,0x00,0xd7,0x23,0x00,0x00,0x3d,0x00,0x04,0x00,0xb9,0x01,0x00,0x00,
0xdb,0x23,0x00,0x00,0xd2,0x01,0x00,0x00,0x5f,0x00,0x07,0x00,0x9f,0x00,0x00,0x00,
0xdc,0x23,0x00,0x00,0xdb,0x23,0x00,0x00,0xd4,0x01,0x00,0x00,0x02,0x00,0x00,0x00,
0x4c,0x01,0x00,0x00,0x51,0x00,0x05,0x00,0x13,0x00,0x00,0x00,0xdd,0x23,0x00,0x00,
0xdc,0x23,0x00,0x00,0x00,0x00,0x00,0x00,0xb4,0x00,0x05,0x00,0x6e,0x00,0x00,0x00,
0xdf,0x23,0x00,0x00,0xdd,0x23,0x00,0x00,0xd8,0x01,0x00,0x00,0xf9,0x00,0x02,0x00,
0xe1,0x23,0x00,0x00,0xf8,0x00,0x02,0x00,0xe1,0x23,0x00,0x00,0xa9,0x00,0x06,0x00,
0x13,0x00,0x00,0x00,0x29,0x7c,0x00,0x00,0xdf,0x23,0x00,0x00,0xdc,0x01,0x00,0x00,
0xdd,0x23,0x00,0x00,0x85,0x00,0x05,0x00,0x13,0x00,0x00,0x00,0x60,0x23,0x00,0x00,
0x5e,0x23,0x00,0x00,0x29,0x7c,0x00,0x00,0x41,0x00,0x05,0x00,0x14,0x00,0x00,0x00,
0xb6,0x71,0x00,0x00,0xb5,0x71,0x00,0x00,0x6d,0x78,0x00,0x00,0x3e,0x00,0x03,0x00,
0xb6,0x71,0x00,0x00,0x60,0x23,0x00,0x00,0x3d,0x00,0x04,0x00,0x13,0x00,0x00,0x00,
0x65,0x23,0x00,0x00,0xb6,0x71,0x00,0x00,0x0c,0x00,0x07,0x00,0x13,0x00,0x00,0x00,
0xe7,0x23,0x00,0x00,0x01,0x00,0x00,0x00,0x1a,0x00,0x00,0x00,0x65,0x23,0x00,0x00,
0xdc,0x01,0x00,0x00,0x3e,0x00,0x03,0x00,0xb6,0x71,0x00,0x00,0xe7,0x23,0x00,0x00,
0x3d,0x00,0x04,0x00,0x13,0x00,0x00,0x00,0x6b,0x23,0x00,0x00,0xb6,0x71,0x00,0x00,
0x0c,0x00,0x07,0x00,0x13,0x00,0x00,0x00,0xec,0x23,0x00,0x00,0x01,0x00,0x00,0x00,
0x28,0x00,0x00,0x00,0x6b,0x23,0x00,0x00,0x8d,0x03,0x00,0x00,0x3e,0x00,0x03,0x00,
0xb6,0x71,0x00,0x00,0xec,0x23,0x00,0x00,0xf9,0x00,0x02,0x00,0x6e,0x23,0x00,0x00,
0xf8,0x00,0x02,0x00,0x6e,0x23,0x00,0x00,0x80,0x00,0x05,0x00,0x1a,0x00,0x00,0x00,
0x70,0x23,0x00,0x00,0x6d,0x78,0x00,0x00,0x91,0x01,0x00,0x00,0xf9,0x00,0x02,0x00,
0x4f,0x23,0x00,0x00,0xf8,0x00,0x02,0x00,0x71,0x23,0x00,0x00,0xf9,0x00,0x02,0x00,
0x72,0x23,0x00,0x00,0xf8,0x00,0x02,0x00,0x72,0x23,0x00,0x00,0x3d,0x00,0x04,0x00,
0x82,0x00,0x00,0x00,0xbb,0x71,0x00,0x00,0xb5,0x71,0x00,0x00,0xf7,0x00,0x03,0x00,
0x8a,0x22,0x00,0x00,0x00,0x00,0x00,0x00,0xfa,0x00,0x04,0x00,0x92,0x23,0x00,0x00,
0x84,0x22,0x00,0x00,0x8a,0x22,0x00,0x00,0xf8,0x00,0x02,0x00,0x84,0x22,0x00,0x00,
0x51,0x00,0x05,0x00,0x13,0x00,0x00,0x00,0x9a,0x71,0x00,0x00,0xee,0x6a,0x00,0x00,
0x00,0x00,0x00,0x00,0x51,0x00,0x05,0x00,0x13,0x00,0x00,0x00,0x9b,0x71,0x00,0x00,
0xee,0x6a,0x00,0x00,0x01,0x00,0x00,0x00,0x51,0x00,0x05,0x00,0x13,0x00,0x00,0x00,
0x9c,0x71,0x00,0x00,0xee,0x6a,0x00,0x00,0x02,0x00,0x00,0x00,0x51,0x00,0x05,0x00,
0x13,0x00,0x00,0x00,0x9d,0x71,0x00,0x00,0xee,0x6a,0x00,0x00,0x03,0x00,0x00,0x00,
0x51,0x00,0x05,0x00,0x13,0x00,0x00,0x00,0x9e,0x71,0x00,0x00,0xee,0x6a,0x00,0x00,
0x04,0x00,0x00,0x00,0x0c,0x00,0x07,0x00,0x13,0x00,0x00,0x00,0xf4,0x24,0x00,0x00,
0x01,0x00,0x00,0x00,0x25,0x00,0x00,0x00,0x9a,0x71,0x00,0x00,0x9d,0x71,0x00,0x00,
0x0c,0x00,0x07,0x00,0x13,0x00,0x00,0x00,0xf9,0x24,0x00,0x00,0x01,0x00,0x00,0x00,
0x28,0x00,0x00,0x00,0x9a,0x71,0x00,0x00,0x9d,0x71,0x00,0x00,0x0c,0x00,0x07,0x00,
0x13,0x00,0x00,0x00,0xfe,0x24,0x00,0x00,0x01,0x00,0x00,0x00,0x25,0x00,0x00,0x00,
0x9b,0x71,0x00,0x00,0x9e,0x71,0x00,0x00,0x0c,0x00,0x07,0x00,0x13,0x00,0x00,0x00,
0x03,0x25,0x00,0x00,0x01,0x00,0x00,0x00,0x28,0x00,0x00,0x00,0x9b,0x71,0x00,0x00,
0x9e,0x71,0x00,0x00,0x0c,0x00,0x07,0x00,0x13,0x00,0x00,0x00,0x08,0x25,0x00,0x00,
0x01,0x00,0x00,0x00,0x25,0x00,0x00,0x00,0xf4,0x24,0x00,0x00,0x9c,0x71,0x00,0x00,
0x0c,0x00,0x07,0x00,0x13,0x00,0x00,0x00,0x0d,0x25,0x00,0x00,0x01,0x00,0x00,0x00,
0x28,0x00,0x00,0x00,0xf4,0x24,0x00,0x00,0x9c,0x71,0x00,0x00,0x0c,0x00,0x07,0x00,
0x13,0x00,0x00,0x00,0x12,0x25,0x00,0x00,0x01,0x00,0x00,0x00,0x25,0x00,0x00,0x00,
0xfe,0x24,0x00,0x00,0xf9,0x24,0x00,0x00,0x0c,0x00,0x07,0x00,0x13,0x00,0x00,0x00,
0x17,0x25,0x00,0x00,0x01,0x00,0x00,0x00,0x28,0x00,0x00,0x00,0xfe,0x24,0x00,0x00,
0xf9,0x24,0x00,0x00,0x0c,0x00,0x07,0x00,0x13,0x00,0x00,0x00,0x1c,0x25,0x00,0x00,
0x01,0x00,0x00,0x00,0x25,0x00,0x00,0x00,0x08,0x25,0x00,0x00,0x12,0x25,0x00,0x00,
0x0c,0x00,0x07,0x00,0x13,0x00,0x00,0x00,0x21,0x25,0x00,0x00,0x01,0x00,0x00,0x00,
0x28,0x00,0x00,0x00,0x08,0x25,0x00,0x00,0x12,0x25,0x00,0x00,0x0c,0x00,0x07,0x00,
0x13,0x00,0x00,0x00,0x26,0x25,0x00,0x00,0x01,0x00,0x00,0x00,0x25,0x00,0x00,0x00,
0x0d,0x25,0x00,0x00,0x03,0x25,0x00,0x00,0x0c,0x00,0x07,0x00,0x13,0x00,0x00,0x00,
0x2b,0x25,0x00,0x00,0x01,0x00,0x00,0x00,0x28,0x00,0x00,0x00,0x0d,0x25,0x00,0x00,
0x03,0x25,0x00,0x00,0x0c,0x00,0x07,0x00,0x13,0x00,0x00,0x00,0x30,0x25,0x00,0x00,
0x01,0x00,0x00,0x00,0x25,0x00,0x00,0x00,0x21,0x25,0x00,0x00,0x26,0x25,0x00,0x00,
0x0c,0x00,0x07,0x00,0x13,0x00,0x00,0x00,0x35,0x25,0x00,0x00,0x01,0x00,0x00,0x00,
0x28,0x00,0x00,0x00,0x21,0x25,0x00,0x00,0x26,0x25,0x00,0x00,0x0c,0x00,0x07,0x00,
0x13,0x00,0x00,0x00,0x3a,0x25,0x00,0x00,0x01,0x00,0x00,0x00,0x25,0x00,0x00,0x00,
0x17,0x25,0x00,0x00,0x2b,0x25,0x00,0x00,0x0c,0x00,0x07,0x00,0x13,0x00,0x00,0x00,
0x3f,0x25,0x00,0x00,0x01,0x00,0x00,0x00,0x28,0x00,0x00,0x00,0x17,0x25,0x00,0x00,
0x2b,0x25,0x00,0x00,0x0c,0x00,0x07,0x00,0x13,0x00,0x00,0x00,0x44,0x25,0x00,0x00,
0x01,0x00,0x00,0x00,0x25,0x00,0x00,0x00,0x35,0x25,0x00,0x00,0x3a,0x25,0x00,0x00,
0x0c,0x00,0x07,0x00,0x13,0x00,0x00,0x00,0x49,0x25,0x00,0x00,0x01,0x00,0x00,0x00,
0x28,0x00,0x00,0x00,0x35,0x25,0x00,0x00,0x3a,0x25,0x00,0x00,0x50,0x00,0x08,0x00,
0x82,0x00,0x00,0x00,0xa4,0x71,0x00,0x00,0x1c,0x25,0x00,0x00,0x30,0x25,0x00,0x00,
0x44,0x25,0x00,0x00,0x49,0x25,0x00,0x00,0x3f,0x25,0x00,0x00,0x3e,0x00,0x03,0x00,
0xfc,0x6a,0x00,0x00,0xa4,0x71,0x00,0x00,0x51,0x00,0x05,0x00,0x13,0x00,0x00,0x00,
0xaa,0x71,0x00,0x00,0xbb,0x71,0x00,0x00,0x00,0x00,0x00,0x00,0x51,0x00,0x05,0x00,
0x13,0x00,0x00,0x00,0xab,0x71,0x00,0x00,0xbb,0x71,0x00,0x00,0x01,0x00,0x00,0x00,
0x51,0x00,0x05,0x00,0x13,0x00,0x00,0x00,0xac,0x71,0x00,0x00,0xbb,0x71,0x00,0x00,
0x02,0x00,0x00,0x00,0x51,0x00,0x05,0x00,0x13,0x00,0x00,0x00,0xad,0x71,0x00,0x00,
0xbb,0x71,0x00,0x00,0x03,0x00,0x00,0x00,0x51,0x00,0x05,0x00,0x13,0x00,0x00,0x00,
0xae,0x71,0x00,0x00,0xbb,0x71,0x00,0x00,0x04,0x00,0x00,0x00,0x0c,0x00,0x07,0x00,
0x13,0x00,0x00,0x00,0xf1,0x25,0x00,0x00,0x01,0x00,0x00,0x00,0x25,0x00,0x00,0x00,
0xaa,0x71,0x00,0x00,0xad,0x71,0x00,0x00,0x0c,0x00,0x07,0x00,0x13,0x00,0x00,0x00,
0xf6,0x25,0x00,0x00,0x01,0x00,0x00,0x00,0x28,0x00,0x00,0x00,0xaa,0x71,0x00,0x00,
0xad,0x71,0x00,0x00,0x0c,0x00,0x07,0x00,0x13,0x00,0x00,0x00,0xfb,0x25,0x00,0x00,
0x01,0x00,0x00,0x00,0x25,0x00,0x00,0x00,0xab,0x71,0x00,0x00,0xae,0x71,0x00,0x00,
0x0c,0x00,0x07,0x00,0x13,0x00,0x00,0x00,0x00,0x26,0x00,0x00,0x01,0x00,0x00,0x00,
0x28,0x00,0x00,0x00,0xab,0x71,0x00,0x00,0xae,0x71,0x00,0x00,0x0c,0x00,0x07,0x00,
0x13,0x00,0x00,0x00,0x05,0x26,0x00,0x00,0x01,0x00,0x00,0x00,0x25,0x00,0x00,0x00,
0xf1,0x25,0x00,0x00,0xac,0x71,0x00,0x00,0x0c,0x00,0x07,0x00,0x13,0x00,0x00,0x00,
0x0a,0x26,0x00,0x00,0x01,0x00,0x00,0x00,0x28,0x00,0x00,0x00,0xf1,0x25,0x00,0x00,
0xac,0x71,0x00,0x00,0x0c,0x00,0x07,0x00,0x13,0x00,0x00,0x00,0x0f,0x26,0x00,0x00,
0x01,0x00,0x00,0x00,0x25,0x00,0x00,0x00,0xfb,0x25,0x00,0x00,0xf6,0x25,0x00,0x00,
0x0c,0x00,0x07,0x00,0x13,0x00,0x00,0x00,0x14,0x26,0x00,0x00,0x01,0x00,0x00,0x00,
0x28,0x00,0x00,0x00,0xfb,0x25,0x00,0x00,0xf6,0x25,0x00,0x00,0x0c,0x00,0x07,0x00,
0x13,0x00,0x00,0x00,0x19,0x26,0x00,0x00,0x01,0x00,0x00,0x00,0x25,0x00,0x00,0x00,
0x05,0x26,0x00,0x00,0x0f,0x26,0x00,0x00,0x0c,0x00,0x07,0x00,0x13,0x00,0x00,0x00,
0x1e,0x26,0x00,0x00,0x01,0x00,0x00,0x00,0x28,0x00,0x00,0x00,0x05,0x26,0x00,0x00,
0x0f,0x26,0x00,0x00,0x0c,0x00,0x07,0x00,0x13,0x00,0x00,0x00,0x23,0x26,0x00,0x00,
0x01,0x00,0x00,0x00,0x25,0x00,0x00,0x00,0x0a,0x26,0x00,0x00,0x00,0x26,0x00,0x00,
0x0c,0x00,0x07,0x00,0x13,0x00,0x00,0x00,0x28,0x26,0x00,0x00,0x01,0x00,0x00,0x00,
0x28,0x00,0x00,0x00,0x0a,0x26,0x00,0x00,0x00,0x26,0x00,0x00,0x0c,0x00,0x07,0x00,
0x13,0x00,0x00,0x00,0x2d,0x26,0x00,0x00,0x01,0x00,0x00,0x00,0x25,0x00,0x00,0x00,
0x1e,0x26,0x00,0x00,0x23,0x26,0x00,0x00,0x0c,0x00,0x07,0x00,0x13,0x00,0x00,0x00,
0x32,0x26,0x00,0x00,0x01,0x00,0x00,0x00,0x28,0x00,0x00,0x00,0x1e,0x26,0x00,0x00,
0x23,0x26,0x00,0x00,0x0c,0x00,0x07,0x00,0x13,0x00,0x00,0x00,0x37,0x26,0x00,0x00,
0x01,0x00,0x00,0x00,0x25,0x00,0x00,0x00,0x14,0x26,0x00,0x00,0x28,0x26,0x00,0x00,
0x0c,0x00,0x07,0x00,0x13,0x00,0x00,0x00,0x3c,0x26,0x00,0x00,0x01,0x00,0x00,0x00,
0x28,0x00,0x00,0x00,0x14,0x26,0x00,0x00,0x28,0x26,0x00,0x00,0x0c,0x00,0x07,0x00,
0x13,0x00,0x00,0x00,0x41,0x26,0x00,0x00,0x01,0x00,0x00,0x00,0x25,0x00,0x00,0x00,
0x32,0x26,0x00,0x00,0x37,0x26,0x00,0x00,0x0c,0x00,0x07,0x00,0x13,0x00,0x00,0x00,
0x46,0x26,0x00,0x00,0x01,0x00,0x00,0x00,0x28,0x00,0x00,0x00,0x32,0x26,0x00,0x00,
0x37,0x26,0x00,0x00,0x50,0x00,0x08,0x00,0x82,0x00,0x00,0x00,0xb4,0x71,0x00,0x00,
0x19,0x26,0x00,0x00,0x2d,0x26,0x00,0x00,0x41,0x26,0x00,0x00,0x46,0x26,0x00,0x00,
0x3c,0x26,0x00,0x00,0x3e,0x00,0x03,0x00,0x06,0x6b,0x00,0x00,0xb4,0x71,0x00,0x00,
0x41,0x00,0x05,0x00,0x14,0x00,0x00,0x00,0x01,0x6b,0x00,0x00,0xfc,0x6a,0x00,0x00,
0xcd,0x02,0x00,0x00,0x3d,0x00,0x04,0x00,0x13,0x00,0x00,0x00,0x00,0x24,0x00,0x00,
0x01,0x6b,0x00,0x00,0x41,0x00,0x05,0x00,0x14,0x00,0x00,0x00,0x0b,0x6b,0x00,0x00,
0x06,0x6b,0x00,0x00,0xcd,0x02,0x00,0x00,0x3d,0x00,0x04,0x00,0x13,0x00,0x00,0x00,
0x02,0x24,0x00,0x00,0x0b,0x6b,0x00,0x00,0x0c,0x00,0x07,0x00,0x13,0x00,0x00,0x00,
0x4b,0x26,0x00,0x00,0x01,0x00,0x00,0x00,0x25,0x00,0x00,0x00,0x00,0x24,0x00,0x00,
0x02,0x24,0x00,0x00,0xba,0x00,0x05,0x00,0x6e,0x00,0x00,0x00,0x05,0x24,0x00,0x00,
0x4b,0x26,0x00,0x00,0x72,0x03,0x00,0x00,0xf7,0x00,0x03,0x00,0x47,0x24,0x00,0x00,
0x00,0x00,0x00,0x00,0xfa,0x00,0x04,0x00,0x05,0x24,0x00,0x00,0x06,0x24,0x00,0x00,
0x47,0x24,0x00,0x00,0xf8,0x00,0x02,0x00,0x06,0x24,0x00,0x00,0xf9,0x00,0x02,0x00,
0x07,0x24,0x00,0x00,0xf8,0x00,0x02,0x00,0x07,0x24,0x00,0x00,0xf5,0x00,0x07,0x00,
0x1a,0x00,0x00,0x00,0xe7,0x7a,0x00,0x00,0x4c,0x01,0x00,0x00,0x06,0x24,0x00,0x00,
0x13,0x7c,0x00,0x00,0x43,0x24,0x00,0x00,0xf5,0x00,0x07,0x00,0x1a,0x00,0x00,0x00,
0xe6,0x7a,0x00,0x00,0x4c,0x01,0x00,0x00,0x06,0x24,0x00,0x00,0x12,0x7c,0x00,0x00,
0x43,0x24,0x00,0x00,0xf5,0x00,0x07,0x00,0x13,0x00,0x00,0x00,0x6f,0x78,0x00,0x00,
0x5e,0x03,0x00,0x00,0x06,0x24,0x00,0x00,0x4d,0x7b,0x00,0x00,0x43,0x24,0x00,0x00,
0xf5,0x00,0x07,0x00,0x1a,0x00,0x00,0x00,0x6e,0x78,0x00,0x00,0x4c,0x01,0x00,0x00,
0x06,0x24,0x00,0x00,0x45,0x24,0x00,0x00,0x43,0x24,0x00,0x00,0xb1,0x00,0x05,0x00,
0x6e,0x00,0x00,0x00,0x0a,0x24,0x00,0x00,0x6e,0x78,0x00,0x00,0x7d,0x03,0x00,0x00,
0xb8,0x00,0x05,0x00,0x6e,0x00,0x00,0x00,0x0c,0x24,0x00,0x00,0x6f,0x78,0x00,0x00,
0x80,0x03,0x00,0x00,0xa7,0x00,0x05,0x00,0x6e,0x00,0x00,0x00,0x0d,0x24,0x00,0x00,
0x0a,0x24,0x00,0x00,0x0c,0x24,0x00,0x00,0xf6,0x00,0x04,0x00,0x46,0x24,0x00,0x00,
0x43,0x24,0x00,0x00,0x00,0x00,0x00,0x00,0xfa,0x00,0x04,0x00,0x0d,0x24,0x00,0x00,
0x0e,0x24,0x00,0x00,0x46,0x24,0x00,0x00,0xf8,0x00,0x02,0x00,0x0e,0x24,0x00,0x00,
0x41,0x00,0x05,0x00,0x14,0x00,0x00,0x00,0x02,0x6b,0x00,0x00,0xfc,0x6a,0x00,0x00,
0xe6,0x7a,0x00,0x00,0x3d,0x00,0x04,0x00,0x13,0x00,0x00,0x00,0x11,0x24,0x00,0x00,
0x02,0x6b,0x00,0x00,0x41,0x00,0x05,0x00,0x14,0x00,0x00,0x00,0x0c,0x6b,0x00,0x00,
0x06,0x6b,0x00,0x00,0xe7,0x7a,0x00,0x00,0x3d,0x00,0x04,0x00,0x13,0x00,0x00,0x00,
0x14,0x24,0x00,0x00,0x0c,0x6b,0x00,0x00,0x83,0x00,0x05,0x00,0x13,0x00,0x00,0x00,
0x15,0x24,0x00,0x00,0x11,0x24,0x00,0x00,0x14,0x24,0x00,0x00,0x0c,0x00,0x06,0x00,
0x13,0x00,0x00,0x00,0x17,0x24,0x00,0x00,0x01,0x00,0x00,0x00,0x04,0x00,0x00,0x00,
0x15,0x24,0x00,0x00,0xba,0x00,0x05,0x00,0x6e,0x00,0x00,0x00,0x18,0x24,0x00,0x00,
0x17,0x24,0x00,0x00,0x8d,0x03,0x00,0x00,0xf7,0x00,0x03,0x00,0x42,0x24,0x00,0x00,
0x00,0x00,0x00,0x00,0xfa,0x00,0x04,0x00,0x18,0x24,0x00,0x00,0x19,0x24,0x00,0x00,
0x41,0x24,0x00,0x00,0xf8,0x00,0x02,0x00,0x41,0x24,0x00,0x00,0xf9,0x00,0x02,0x00,
0x42,0x24,0x00,0x00,0xf8,0x00,0x02,0x00,0x19,0x24,0x00,0x00,0x0c,0x00,0x06,0x00,
0x13,0x00,0x00,0x00,0x1b,0x24,0x00,0x00,0x01,0x00,0x00,0x00,0x06,0x00,0x00,0x00,
0x15,0x24,0x00,0x00,0x3d,0x00,0x04,0x00,0x13,0x00,0x00,0x00,0x1e,0x24,0x00,0x00,
0x02,0x6b,0x00,0x00,0x3d,0x00,0x04,0x00,0x13,0x00,0x00,0x00,0x21,0x24,0x00,0x00,
0x0c,0x6b,0x00,0x00,0x0c,0x00,0x07,0x00,0x13,0x00,0x00,0x00,0x62,0x26,0x00,0x00,
0x01,0x00,0x00,0x00,0x28,0x00,0x00,0x00,0x1e,0x24,0x00,0x00,0x21,0x24,0x00,0x00,
0xb7,0x00,0x05,0x00,0x6e,0x00,0x00,0x00,0x56,0x26,0x00,0x00,0x62,0x26,0x00,0x00,
0xd8,0x01,0x00,0x00,0xf7,0x00,0x03,0x00,0x5c,0x26,0x00,0x00,0x00,0x00,0x00,0x00,
0xfa,0x00,0x04,0x00,0x56,0x26,0x00,0x00,0x57,0x26,0x00,0x00,0x5b,0x26,0x00,0x00,
0xf8,0x00,0x02,0x00,0x5b,0x26,0x00,0x00,0xf9,0x00,0x02,0x00,0x5c,0x26,0x00,0x00,
0xf8,0x00,0x02,0x00,0x57,0x26,0x00,0x00,0x0c,0x00,0x07,0x00,0x13,0x00,0x00,0x00,
0x67,0x26,0x00,0x00,0x01,0x00,0x00,0x00,0x25,0x00,0x00,0x00,0x1e,0x24,0x00,0x00,
0x21,0x24,0x00,0x00,0x88,0x00,0x05,0x00,0x13,0x00,0x00,0x00,0x5a,0x26,0x00,0x00,
0x67,0x26,0x00,0x00,0x62,0x26,0x00,0x00,0xf9,0x00,0x02,0x00,0x5c,0x26,0x00,0x00,
0xf8,0x00,0x02,0x00,0x5c,0x26,0x00,0x00,0xf5,0x00,0x07,0x00,0x13,0x00,0x00,0x00,
0xe8,0x7a,0x00,0x00,0xd8,0x01,0x00,0x00,0x5b,0x26,0x00,0x00,0x5a,0x26,0x00,0x00,
0x57,0x26,0x00,0x00,0x83,0x00,0x05,0x00,0x13,0x00,0x00,0x00,0x23,0x24,0x00,0x00,
0xdc,0x01,0x00,0x00,0xe8,0x7a,0x00,0x00,0x85,0x00,0x05,0x00,0x13,0x00,0x00,0x00,
0x24,0x24,0x00,0x00,0x1b,0x24,0x00,0x00,0x23,0x24,0x00,0x00,0x0c,0x00,0x06,0x00,
0x13,0x00,0x00,0x00,0x26,0x24,0x00,0x00,0x01,0x00,0x00,0x00,0x04,0x00,0x00,0x00,
0x24,0x24,0x00,0x00,0x0c,0x00,0x06,0x00,0x13,0x00,0x00,0x00,0x28,0x24,0x00,0x00,
0x01,0x00,0x00,0x00,0x04,0x00,0x00,0x00,0x6f,0x78,0x00,0x00,0xb8,0x00,0x05,0x00,
0x6e,0x00,0x00,0x00,0x29,0x24,0x00,0x00,0x26,0x24,0x00,0x00,0x28,0x24,0x00,0x00,
0xa9,0x00,0x06,0x00,0x13,0x00,0x00,0x00,0x2c,0x24,0x00,0x00,0x29,0x24,0x00,0x00,
0x24,0x24,0x00,0x00,0x6f,0x78,0x00,0x00,0x3d,0x00,0x04,0x00,0x13,0x00,0x00,0x00,
0x2f,0x24,0x00,0x00,0x02,0x6b,0x00,0x00,0x3d,0x00,0x04,0x00,0x13,0x00,0x00,0x00,
0x32,0x24,0x00,0x00,0x0c,0x6b,0x00,0x00,0xb8,0x00,0x05,0x00,0x6e,0x00,0x00,0x00,
0x33,0x24,0x00,0x00,0x2f,0x24,0x00,0x00,0x32,0x24,0x00,0x00,0xa9,0x00,0x06,0x00,
0x1a,0x00,0x00,0x00,0x34,0x24,0x00,0x00,0x33,0x24,0x00,0x00,0x91,0x01,0x00,0x00,
0x4c,0x01,0x00,0x00,0x80,0x00,0x05,0x00,0x1a,0x00,0x00,0x00,0x36,0x24,0x00,0x00,
0xe6,0x7a,0x00,0x00,0x34,0x24,0x00,0x00,0x41,0x00,0x05,0x00,0x14,0x00,0x00,0x00,
0x05,0x6b,0x00,0x00,0xfc,0x6a,0x00,0x00,0x36,0x24,0x00,0x00,0x3d,0x00,0x04,0x00,
0x13,0x00,0x00,0x00,0x39,0x24,0x00,0x00,0x05,0x6b,0x00,0x00,0x3d,0x00,0x04,0x00,
0x13,0x00,0x00,0x00,0x3c,0x24,0x00,0x00,0x0c,0x6b,0x00,0x00,0xbe,0x00,0x05,0x00,
0x6e,0x00,0x00,0x00,0x3d,0x24,0x00,0x00,0x39,0x24,0x00,0x00,0x3c,0x24,0x00,0x00,
0xa9,0x00,0x06,0x00,0x1a,0x00,0x00,0x00,0x3e,0x24,0x00,0x00,0x3d,0x24,0x00,0x00,
0x91,0x01,0x00,0x00,0x4c,0x01,0x00,0x00,0x80,0x00,0x05,0x00,0x1a,0x00,0x00,0x00,
0x40,0x24,0x00,0x00,0xe7,0x7a,0x00,0x00,0x3e,0x24,0x00,0x00,0xf9,0x00,0x02,0x00,
0x42,0x24,0x00,0x00,0xf8,0x00,0x02,0x00,0x42,0x24,0x00,0x00,0xf5,0x00,0x07,0x00,
0x1a,0x00,0x00,0x00,0x13,0x7c,0x00,0x00,0xe7,0x7a,0x00,0x00,0x41,0x24,0x00,0x00,
0x40,0x24,0x00,0x00,0x5c,0x26,0x00,0x00,0xf5,0x00,0x07,0x00,0x1a,0x00,0x00,0x00,
0x12,0x7c,0x00,0x00,0xe6,0x7a,0x00,0x00,0x41,0x24,0x00,0x00,0x36,0x24,0x00,0x00,
0x5c,0x26,0x00,0x00,0xf5,0x00,0x07,0x00,0x13,0x00,0x00,0x00,0x4d,0x7b,0x00,0x00,
0x80,0x03,0x00,0x00,0x41,0x24,0x00,0x00,0x2c,0x24,0x00,0x00,0x5c,0x26,0x00,0x00,
0xf9,0x00,0x02,0x00,0x43,0x24,0x00,0x00,0xf8,0x00,0x02,0x00,0x43,0x24,0x00,0x00,
0x80,0x00,0x05,0x00,0x1a,0x00,0x00,0x00,0x45,0x24,0x00,0x00,0x6e,0x78,0x00,0x00,
0x91,0x01,0x00,0x00,0xf9,0x00,0x02,0x00,0x07,0x24,0x00,0x00,0xf8,0x00,0x02,0x00,
0x46,0x24,0x00,0x00,0xf9,0x00,0x02,0x00,0x47,0x24,0x00,0x00,0xf8,0x00,0x02,0x00,
0x47,0x24,0x00,0x00,0xf5,0x00,0x07,0x00,0x13,0x00,0x00,0x00,0x70,0x78,0x00,0x00,
0x5e,0x03,0x00,0x00,0x84,0x22,0x00,0x00,0x6f,0x78,0x00,0x00,0x46,0x24,0x00,0x00,
0xb8,0x00,0x05,0x00,0x6e,0x00,0x00,0x00,0x4a,0x24,0x00,0x00,0x70,0x78,0x00,0x00,
0x5e,0x03,0x00,0x00,0xa9,0x00,0x06,0x00,0x13,0x00,0x00,0x00,0x4b,0x24,0x00,0x00,
0x4a,0x24,0x00,0x00,0xdc,0x01,0x00,0x00,0xd8,0x01,0x00,0x00,0x85,0x00,0x05,0x00,
0x13,0x00,0x00,0x00,0x4c,0x24,0x00,0x00,0x70,0x78,0x00,0x00,0x4b,0x24,0x00,0x00,
0xf9,0x00,0x02,0x00,0x8a,0x22,0x00,0x00,0xf8,0x00,0x02,0x00,0x8a,0x22,0x00,0x00,
0xf5,0x00,0x07,0x00,0x13,0x00,0x00,0x00,0x71,0x78,0x00,0x00,0xd8,0x01,0x00,0x00,
0x72,0x23,0x00,0x00,0x4c,0x24,0x00,0x00,0x47,0x24,0x00,0x00,0x52,0x00,0x06,0x00,
0x9f,0x00,0x00,0x00,0x3f,0x76,0x00,0x00,0x71,0x78,0x00,0x00,0x8e,0x04,0x00,0x00,
0x00,0x00,0x00,0x00,0xb7,0x00,0x05,0x00,0x6e,0x00,0x00,0x00,0x27,0x22,0x00,0x00,
0x71,0x78,0x00,0x00,0xd8,0x01,0x00,0x00,0xf7,0x00,0x03,0x00,0x2c,0x22,0x00,0x00,
0x00,0x00,0x00,0x00,0xfa,0x00,0x04,0x00,0x27,0x22,0x00,0x00,0x28,0x22,0x00,0x00,
0x2b,0x22,0x00,0x00,0xf8,0x00,0x02,0x00,0x2b,0x22,0x00,0x00,0xf9,0x00,0x02,0x00,
0x2c,0x22,0x00,0x00,0xf8,0x00,0x02,0x00,0x28,0x22,0x00,0x00,0x0c,0x00,0x06,0x00,
0x13,0x00,0x00,0x00,0x2a,0x22,0x00,0x00,0x01,0x00,0x00,0x00,0x06,0x00,0x00,0x00,
0x71,0x78,0x00,0x00,0xf9,0x00,0x02,0x00,0x2c,0x22,0x00,0x00,0xf8,0x00,0x02,0x00,
0x2c,0x22,0x00,0x00,0xf5,0x00,0x07,0x00,0x13,0x00,0x00,0x00,0x78,0x78,0x00,0x00,
0xd8,0x01,0x00,0x00,0x2b,0x22,0x00,0x00,0x2a,0x22,0x00,0x00,0x28,0x22,0x00,0x00,
0x52,0x00,0x06,0x00,0x9f,0x00,0x00,0x00,0x41,0x76,0x00,0x00,0x78,0x78,0x00,0x00,
0x3f,0x76,0x00,0x00,0x01,0x00,0x00,0x00,0x52,0x00,0x06,0x00,0x9f,0x00,0x00,0x00,
0x43,0x76,0x00,0x00,0xdc,0x01,0x00,0x00,0x41,0x76,0x00,0x00,0x02,0x00,0x00,0x00,
0x7c,0x00,0x04,0x00,0x32,0x00,0x00,0x00,0x92,0x1d,0x00,0x00,0x70,0x1d,0x00,0x00,
0x6f,0x00,0x04,0x00,0x38,0x00,0x00,0x00,0x93,0x1d,0x00,0x00,0x92,0x1d,0x00,0x00,
0x6e,0x00,0x04,0x00,0x32,0x00,0x00,0x00,0x78,0x26,0x00,0x00,0x93,0x1d,0x00,0x00,
0x51,0x00,0x05,0x00,0x1a,0x00,0x00,0x00,0xab,0x26,0x00,0x00,0x78,0x26,0x00,0x00,
0x00,0x00,0x00,0x00,0x0c,0x00,0x07,0x00,0x1a,0x00,0x00,0x00,0xbc,0x26,0x00,0x00,
0x01,0x00,0x00,0x00,0x27,0x00,0x00,0x00,0xab,0x26,0x00,0x00,0xc1,0x0b,0x00,0x00,
0x0c,0x00,0x07,0x00,0x1a,0x00,0x00,0x00,0xc1,0x26,0x00,0x00,0x01,0x00,0x00,0x00,
0x2a,0x00,0x00,0x00,0x4c,0x01,0x00,0x00,0xbc,0x26,0x00,0x00,0x51,0x00,0x05,0x00,
0x1a,0x00,0x00,0x00,0xb3,0x26,0x00,0x00,0x78,0x26,0x00,0x00,0x01,0x00,0x00,0x00,
0x0c,0x00,0x07,0x00,0x1a,0x00,0x00,0x00,0xc6,0x26,0x00,0x00,0x01,0x00,0x00,0x00,
0x27,0x00,0x00,0x00,0xb3,0x26,0x00,0x00,0xc9,0x0b,0x00,0x00,0x0c,0x00,0x07,0x00,
0x1a,0x00,0x00,0x00,0xcb,0x26,0x00,0x00,0x01,0x00,0x00,0x00,0x2a,0x00,0x00,0x00,
0x4c,0x01,0x00,0x00,0xc6,0x26,0x00,0x00,0x50,0x00,0x05,0x00,0x32,0x00,0x00,0x00,
0xcd,0x77,0x00,0x00,0xc1,0x26,0x00,0x00,0xcb,0x26,0x00,0x00,0x3d,0x00,0x04,0x00,
0xb9,0x01,0x00,0x00,0xce,0x26,0x00,0x00,0xca,0x01,0x00,0x00,0x5f,0x00,0x07,0x00,
0x9f,0x00,0x00,0x00,0xd0,0x26,0x00,0x00,0xce,0x26,0x00,0x00,0xcd,0x77,0x00,0x00,
0x02,0x00,0x00,0x00,0x4c,0x01,0x00,0x00,0x4f,0x00,0x07,0x00,0x38,0x00,0x00,0x00,
0xd1,0x26,0x00,0x00,0xd0,0x26,0x00,0x00,0xd0,0x26,0x00,0x00,0x00,0x00,0x00,0x00,
0x01,0x00,0x00,0x00,0x6f,0x00,0x04,0x00,0x38,0x00,0x00,0x00,0x7e,0x26,0x00,0x00,
0xcd,0x77,0x00,0x00,0x81,0x00,0x05,0x00,0x38,0x00,0x00,0x00,0x80,0x26,0x00,0x00,
0x7e,0x26,0x00,0x00,0xc7,0x77,0x00,0x00,0x88,0x00,0x05,0x00,0x38,0x00,0x00,0x00,
0x83,0x26,0x00,0x00,0x80,0x26,0x00,0x00,0x9a,0x0b,0x00,0x00,0x3e,0x00,0x03,0x00,
0xf6,0x26,0x00,0x00,0xdf,0x03,0x00,0x00,0x81,0x00,0x05,0x00,0x38,0x00,0x00,0x00,
0x05,0x27,0x00,0x00,0x83,0x26,0x00,0x00,0x1c,0x0c,0x00,0x00,0x85,0x00,0x05,0x00,
0x38,0x00,0x00,0x00,0x09,0x27,0x00,0x00,0x05,0x27,0x00,0x00,0x9a,0x0b,0x00,0x00,
0x0c,0x00,0x06,0x00,0x38,0x00,0x00,0x00,0x0a,0x27,0x00,0x00,0x01,0x00,0x00,0x00,
0x08,0x00,0x00,0x00,0x09,0x27,0x00,0x00,0x6e,0x00,0x04,0x00,0x32,0x00,0x00,0x00,
0x0b,0x27,0x00,0x00,0x0a,0x27,0x00,0x00,0xf9,0x00,0x02,0x00,0x0c,0x27,0x00,0x00,
0xf8,0x00,0x02,0x00,0x0c,0x27,0x00,0x00,0xf5,0x00,0x07,0x00,0x1a,0x00,0x00,0x00,
0x7a,0x78,0x00,0x00,0x4c,0x01,0x00,0x00,0x2c,0x22,0x00,0x00,0x2b,0x27,0x00,0x00,
0x29,0x27,0x00,0x00,0xb1,0x00,0x05,0x00,0x6e,0x00,0x00,0x00,0x0f,0x27,0x00,0x00,
0x7a,0x78,0x00,0x00,0x7d,0x03,0x00,0x00,0xf6,0x00,0x04,0x00,0x2c,0x27,0x00,0x00,
0x29,0x27,0x00,0x00,0x00,0x00,0x00,0x00,0xfa,0x00,0x04,0x00,0x0f,0x27,0x00,0x00,
0x10,0x27,0x00,0x00,0x2c,0x27,0x00,0x00,0xf8,0x00,0x02,0x00,0x10,0x27,0x00,0x00,
0x41,0x00,0x05,0x00,0x49,0x00,0x00,0x00,0x14,0x27,0x00,0x00,0xf6,0x26,0x00,0x00,
0x7a,0x78,0x00,0x00,0x3d,0x00,0x04,0x00,0x32,0x00,0x00,0x00,0x15,0x27,0x00,0x00,
0x14,0x27,0x00,0x00,0x80,0x00,0x05,0x00,0x32,0x00,0x00,0x00,0x4b,0x27,0x00,0x00,
0x0b,0x27,0x00,0x00,0x15,0x27,0x00,0x00,0x51,0x00,0x05,0x00,0x1a,0x00,0x00,0x00,
0x50,0x27,0x00,0x00,0x4b,0x27,0x00,0x00,0x00,0x00,0x00,0x00,0x0c,0x00,0x07,0x00,
0x1a,0x00,0x00,0x00,0x61,0x27,0x00,0x00,0x01,0x00,0x00,0x00,0x27,0x00,0x00,0x00,
0x50,0x27,0x00,0x00,0xc1,0x0b,0x00,0x00,0x0c,0x00,0x07,0x00,0x1a,0x00,0x00,0x00,
0x66,0x27,0x00,0x00,0x01,0x00,0x00,0x00,0x2a,0x00,0x00,0x00,0x4c,0x01,0x00,0x00,
0x61,0x27,0x00,0x00,0x51,0x00,0x05,0x00,0x1a,0x00,0x00,0x00,0x58,0x27,0x00,0x00,
0x4b,0x27,0x00,0x00,0x01,0x00,0x00,0x00,0x0c,0x00,0x07,0x00,0x1a,0x00,0x00,0x00,
0x6b,0x27,0x00,0x00,0x01,0x00,0x00,0x00,0x27,0x00,0x00,0x00,0x58,0x27,0x00,0x00,
0xc9,0x0b,0x00,0x00,0x0c,0x00,0x07,0x00,0x1a,0x00,0x00,0x00,0x70,0x27,0x00,0x00,
0x01,0x00,0x00,0x00,0x2a,0x00,0x00,0x00,0x4c,0x01,0x00,0x00,0x6b,0x27,0x00,0x00,
0x50,0x00,0x05,0x00,0x32,0x00,0x00,0x00,0xf1,0x77,0x00,0x00,0x66,0x27,0x00,0x00,
0x70,0x27,0x00,0x00,0x3d,0x00,0x04,0x00,0xb9,0x01,0x00,0x00,0x73,0x27,0x00,0x00,
0xbb,0x01,0x00,0x00,0x5f,0x00,0x07,0x00,0x9f,0x00,0x00,0x00,0x75,0x27,0x00,0x00,
0x73,0x27,0x00,0x00,0xf1,0x77,0x00,0x00,0x02,0x00,0x00,0x00,0x4c,0x01,0x00,0x00,
0x51,0x00,0x05,0x00,0x13,0x00,0x00,0x00,0x76,0x27,0x00,0x00,0x75,0x27,0x00,0x00,
0x00,0x00,0x00,0x00,0x3d,0x00,0x04,0x00,0xb9,0x01,0x00,0x00,0x7a,0x27,0x00,0x00,
0xd2,0x01,0x00,0x00,0x5f,0x00,0x07,0x00,0x9f,0x00,0x00,0x00,0x7b,0x27,0x00,0x00,
0x7a,0x27,0x00,0x00,0xd4,0x01,0x00,0x00,0x02,0x00,0x00,0x00,0x4c,0x01,0x00,0x00,
0x51,0x00,0x05,0x00,0x13,0x00,0x00,0x00,0x7c,0x27,0x00,0x00,0x7b,0x27,0x00,0x00,
0x00,0x00,0x00,0x00,0xb4,0x00,0x05,0x00,0x6e,0x00,0x00,0x00,0x7e,0x27,0x00,0x00,
0x7c,0x27,0x00,0x00,0xd8,0x01,0x00,0x00,0xf9,0x00,0x02,0x00,0x80,0x27,0x00,0x00,
0xf8,0x00,0x02,0x00,0x80,0x27,0x00,0x00,0xa9,0x00,0x06,0x00,0x13,0x00,0x00,0x00,
0x2a,0x7c,0x00,0x00,0x7e,0x27,0x00,0x00,0xdc,0x01,0x00,0x00,0x7c,0x27,0x00,0x00,
0x85,0x00,0x05,0x00,0x13,0x00,0x00,0x00,0x1b,0x27,0x00,0x00,0x76,0x27,0x00,0x00,
0x2a,0x7c,0x00,0x00,0x41,0x00,0x05,0x00,0x14,0x00,0x00,0x00,0x3c,0x6a,0x00,0x00,
0x3b,0x6a,0x00,0x00,0x7a,0x78,0x00,0x00,0x3e,0x00,0x03,0x00,0x3c,0x6a,0x00,0x00,
0x1b,0x27,0x00,0x00,0x3d,0x00,0x04,0x00,0x13,0x00,0x00,0x00,0x20,0x27,0x00,0x00,
0x3c,0x6a,0x00,0x00,0x0c,0x00,0x07,0x00,0x13,0x00,0x00,0x00,0x86,0x27,0x00,0x00,
0x01,0x00,0x00,0x00,0x1a,0x00,0x00,0x00,0x20,0x27,0x00,0x00,0xdc,0x01,0x00,0x00,
0x3e,0x00,0x03,0x00,0x3c,0x6a,0x00,0x00,0x86,0x27,0x00,0x00,0x3d,0x00,0x04,0x00,
0x13,0x00,0x00,0x00,0x26,0x27,0x00,0x00,0x3c,0x6a,0x00,0x00,0x0c,0x00,0x07,0x00,
0x13,0x00,0x00,0x00,0x8b,0x27,0x00,0x00,0x01,0x00,0x00,0x00,0x28,0x00,0x00,0x00,
0x26,0x27,0x00,0x00,0x8d,0x03,0x00,0x00,0x3e,0x00,0x03,0x00,0x3c,0x6a,0x00,0x00,
0x8b,0x27,0x00,0x00,0xf9,0x00,0x02,0x00,0x29,0x27,0x00,0x00,0xf8,0x00,0x02,0x00,
0x29,0x27,0x00,0x00,0x80,0x00,0x05,0x00,0x1a,0x00,0x00,0x00,0x2b,0x27,0x00,0x00,
0x7a,0x78,0x00,0x00,0x91,0x01,0x00,0x00,0xf9,0x00,0x02,0x00,0x0c,0x27,0x00,0x00,
0xf8,0x00,0x02,0x00,0x2c,0x27,0x00,0x00,0x3d,0x00,0x04,0x00,0x82,0x00,0x00,0x00,
0x41,0x6a,0x00,0x00,0x3b,0x6a,0x00,0x00,0x3e,0x00,0x03,0x00,0x95,0x27,0x00,0x00,
0xdf,0x03,0x00,0x00,0x81,0x00,0x05,0x00,0x38,0x00,0x00,0x00,0xa3,0x27,0x00,0x00,
0x83,0x26,0x00,0x00,0xba,0x0c,0x00,0x00,0x81,0x00,0x05,0x00,0x38,0x00,0x00,0x00,
0xa6,0x27,0x00,0x00,0xa3,0x27,0x00,0x00,0xd1,0x26,0x00,0x00,0x51,0x00,0x05,0x00,
0x13,0x00,0x00,0x00,0xe3,0x27,0x00,0x00,0xa6,0x27,0x00,0x00,0x00,0x00,0x00,0x00,
0xbe,0x00,0x05,0x00,0x6e,0x00,0x00,0x00,0xe4,0x27,0x00,0x00,0xe3,0x27,0x00,0x00,
0xd8,0x01,0x00,0x00,0xf7,0x00,0x03,0x00,0xe9,0x27,0x00,0x00,0x00,0x00,0x00,0x00,
0xfa,0x00,0x04,0x00,0xe4,0x27,0x00,0x00,0xe5,0x27,0x00,0x00,0xe9,0x27,0x00,0x00,
0xf8,0x00,0x02,0x00,0xe5,0x27,0x00,0x00,0xbc,0x00,0x05,0x00,0x6e,0x00,0x00,0x00,
0xe8,0x27,0x00,0x00,0xe3,0x27,0x00,0x00,0xdc,0x01,0x00,0x00,0xf9,0x00,0x02,0x00,
0xe9,0x27,0x00,0x00,0xf8,0x00,0x02,0x00,0xe9,0x27,0x00,0x00,0xf5,0x00,0x07,0x00,
0x6e,0x00,0x00,0x00,0xea,0x27,0x00,0x00,0xe4,0x27,0x00,0x00,0x2c,0x27,0x00,0x00,
0xe8,0x27,0x00,0x00,0xe5,0x27,0x00,0x00,0xf7,0x00,0x03,0x00,0xf5,0x27,0x00,0x00,
0x00,0x00,0x00,0x00,0xfa,0x00,0x04,0x00,0xea,0x27,0x00,0x00,0xeb,0x27,0x00,0x00,
0xf5,0x27,0x00,0x00,0xf8,0x00,0x02,0x00,0xeb,0x27,0x00,0x00,0x51,0x00,0x05,0x00,
0x13,0x00,0x00,0x00,0xed,0x27,0x00,0x00,0xa6,0x27,0x00,0x00,0x01,0x00,0x00,0x00,
0xbe,0x00,0x05,0x00,0x6e,0x00,0x00,0x00,0xee,0x27,0x00,0x00,0xed,0x27,0x00,0x00,
0xd8,0x01,0x00,0x00,0xf7,0x00,0x03,0x00,0xf3,0x27,0x00,0x00,0x00,0x00,0x00,0x00,
0xfa,0x00,0x04,0x00,0xee,0x27,0x00,0x00,0xef,0x27,0x00,0x00,0xf3,0x27,0x00,0x00,
0xf8,0x00,0x02,0x00,0xef,0x27,0x00,0x00,0xbc,0x00,0x05,0x00,0x6e,0x00,0x00,0x00,
0xf2,0x27,0x00,0x00,0xed,0x27,0x00,0x00,0xdc,0x01,0x00,0x00,0xf9,0x00,0x02,0x00,
0xf3,0x27,0x00,0x00,0xf8,0x00,0x02,0x00,0xf3,0x27,0x00,0x00,0xf5,0x00,0x07,0x00,
0x6e,0x00,0x00,0x00,0xf4,0x27,0x00,0x00,0xee,0x27,0x00,0x00,0xeb,0x27,0x00,0x00,
0xf2,0x27,0x00,0x00,0xef,0x27,0x00,0x00,0xf9,0x00,0x02,0x00,0xf5,0x27,0x00,0x00,
0xf8,0x00,0x02,0x00,0xf5,0x27,0x00,0x00,0xf5,0x00,0x07,0x00,0x6e,0x00,0x00,0x00,
0xf6,0x27,0x00,0x00,0xea,0x27,0x00,0x00,0xe9,0x27,0x00,0x00,0xf4,0x27,0x00,0x00,
0xf3,0x27,0x00,0x00,0xf7,0x00,0x03,0x00,0xd6,0x27,0x00,0x00,0x00,0x00,0x00,0x00,
0xfa,0x00,0x04,0x00,0xf6,0x27,0x00,0x00,0xac,0x27,0x00,0x00,0xd6,0x27,0x00,0x00,
0xf8,0x00,0x02,0x00,0xac,0x27,0x00,0x00,0x85,0x00,0x05,0x00,0x38,0x00,0x00,0x00,
0xb0,0x27,0x00,0x00,0xa6,0x27,0x00,0x00,0xb9,0x0c,0x00,0x00,0x0c,0x00,0x06,0x00,
0x38,0x00,0x00,0x00,0xb1,0x27,0x00,0x00,0x01,0x00,0x00,0x00,0x08,0x00,0x00,0x00,
0xb0,0x27,0x00,0x00,0x6e,0x00,0x04,0x00,0x32,0x00,0x00,0x00,0xb2,0x27,0x00,0x00,
0xb1,0x27,0x00,0x00,0xf9,0x00,0x02,0x00,0xb3,0x27,0x00,0x00,0xf8,0x00,0x02,0x00,
0xb3,0x27,0x00,0x00,0xf5,0x00,0x07,0x00,0x1a,0x00,0x00,0x00,0x7b,0x78,0x00,0x00,
0x4c,0x01,0x00,0x00,0xac,0x27,0x00,0x00,0xd4,0x27,0x00,0x00,0xd2,0x27,0x00,0x00,
0xb1,0x00,0x05,0x00,0x6e,0x00,0x00,0x00,0xb6,0x27,0x00,0x00,0x7b,0x78,0x00,0x00,
0x7d,0x03,0x00,0x00,0xf6,0x00,0x04,0x00,0xd5,0x27,0x00,0x00,0xd2,0x27,0x00,0x00,
0x00,0x00,0x00,0x00,0xfa,0x00,0x04,0x00,0xb6,0x27,0x00,0x00,0xb7,0x27,0x00,0x00,
0xd5,0x27,0x00,0x00,0xf8,0x00,0x02,0x00,0xb7,0x27,0x00,0x00,0x41,0x00,0x05,0x00,
0x49,0x00,0x00,0x00,0xbb,0x27,0x00,0x00,0x95,0x27,0x00,0x00,0x7b,0x78,0x00,0x00,
0x3d,0x00,0x04,0x00,0x32,0x00,0x00,0x00,0xbc,0x27,0x00,0x00,0xbb,0x27,0x00,0x00,
0x80,0x00,0x05,0x00,0x32,0x00,0x00,0x00,0x0c,0x28,0x00,0x00,0xb2,0x27,0x00,0x00,
0xbc,0x27,0x00,0x00,0x51,0x00,0x05,0x00,0x1a,0x00,0x00,0x00,0x0e,0x28,0x00,0x00,
0xf7,0x0c,0x00,0x00,0x00,0x00,0x00,0x00,0x82,0x00,0x05,0x00,0x1a,0x00,0x00,0x00,
0x0f,0x28,0x00,0x00,0x0e,0x28,0x00,0x00,0x91,0x01,0x00,0x00,0x51,0x00,0x05,0x00,
0x1a,0x00,0x00,0x00,0x11,0x28,0x00,0x00,0x0c,0x28,0x00,0x00,0x00,0x00,0x00,0x00,
0x0c,0x00,0x07,0x00,0x1a,0x00,0x00,0x00,0x22,0x28,0x00,0x00,0x01,0x00,0x00,0x00,
0x27,0x00,0x00,0x00,0x11,0x28,0x00,0x00,0x0f,0x28,0x00,0x00,0x0c,0x00,0x07,0x00,
0x1a,0x00,0x00,0x00,0x27,0x28,0x00,0x00,0x01,0x00,0x00,0x00,0x2a,0x00,0x00,0x00,
0x4c,0x01,0x00,0x00,0x22,0x28,0x00,0x00,0x51,0x00,0x05,0x00,0x1a,0x00,0x00,0x00,
0x16,0x28,0x00,0x00,0xf7,0x0c,0x00,0x00,0x01,0x00,0x00,0x00,0x82,0x00,0x05,0x00,
0x1a,0x00,0x00,0x00,0x17,0x28,0x00,0x00,0x16,0x28,0x00,0x00,0x91,0x01,0x00,0x00,
0x51,0x00,0x05,0x00,0x1a,0x00,0x00,0x00,0x19,0x28,0x00,0x00,0x0c,0x28,0x00,0x00,
0x01,0x00,0x00,0x00,0x0c,0x00,0x07,0x00,0x1a,0x00,0x00,0x00,0x2c,0x28,0x00,0x00,
0x01,0x00,0x00,0x00,0x27,0x00,0x00,0x00,0x19,0x28,0x00,0x00,0x17,0x28,0x00,0x00,
0x0c,0x00,0x07,0x00,0x1a,0x00,0x00,0x00,0x31,0x28,0x00,0x00,0x01,0x00,0x00,0x00,
0x2a,0x00,0x00,0x00,0x4c,0x01,0x00,0x00,0x2c,0x28,0x00,0x00,0x50,0x00,0x05,0x00,
0x32,0x00,0x00,0x00,0xf0,0x77,0x00,0x00,0x27,0x28,0x00,0x00,0x31,0x28,0x00,0x00,
0x3d,0x00,0x04,0x00,0xb9,0x01,0x00,0x00,0x34,0x28,0x00,0x00,0xc3,0x01,0x00,0x00,
0x5f,0x00,0x07,0x00,0x9f,0x00,0x00,0x00,0x36,0x28,0x00,0x00,0x34,0x28,0x00,0x00,
0xf0,0x77,0x00,0x00,0x02,0x00,0x00,0x00,0x4c,0x01,0x00,0x00,0x51,0x00,0x05,0x00,
0x13,0x00,0x00,0x00,0x37,0x28,0x00,0x00,0x36,0x28,0x00,0x00,0x00,0x00,0x00,0x00,
0x41,0x00,0x05,0x00,0xa2,0x01,0x00,0x00,0x3a,0x28,0x00,0x00,0x8b,0x01,0x00,0x00,
0xa1,0x01,0x00,0x00,0x3d,0x00,0x04,0x00,0x13,0x00,0x00,0x00,0x3b,0x28,0x00,0x00,
0x3a,0x28,0x00,0x00,0x85,0x00,0x05,0x00,0x13,0x00,0x00,0x00,0xc2,0x27,0x00,0x00,
0x37,0x28,0x00,0x00,0x3b,0x28,0x00,0x00,0x3d,0x00,0x04,0x00,0xb9,0x01,0x00,0x00,
0x3f,0x28,0x00,0x00,0xd2,0x01,0x00,0x00,0x5f,0x00,0x07,0x00,0x9f,0x00,0x00,0x00,
0x40,0x28,0x00,0x00,0x3f,0x28,0x00,0x00,0xd4,0x01,0x00,0x00,0x02,0x00,0x00,0x00,
0x4c,0x01,0x00,0x00,0x51,0x00,0x05,0x00,0x13,0x00,0x00,0x00,0x41,0x28,0x00,0x00,
0x40,0x28,0x00,0x00,0x00,0x00,0x00,0x00,0xb4,0x00,0x05,0x00,0x6e,0x00,0x00,0x00,
0x43,0x28,0x00,0x00,0x41,0x28,0x00,0x00,0xd8,0x01,0x00,0x00,0xf9,0x00,0x02,0x00,
0x45,0x28,0x00,0x00,0xf8,0x00,0x02,0x00,0x45,0x28,0x00,0x00,0xa9,0x00,0x06,0x00,
0x13,0x00,0x00,0x00,0x2b,0x7c,0x00,0x00,0x43,0x28,0x00,0x00,0xdc,0x01,0x00,0x00,
0x41,0x28,0x00,0x00,0x85,0x00,0x05,0x00,0x13,0x00,0x00,0x00,0xc4,0x27,0x00,0x00,
0xc2,0x27,0x00,0x00,0x2b,0x7c,0x00,0x00,0x41,0x00,0x05,0x00,0x14,0x00,0x00,0x00,
0x66,0x71,0x00,0x00,0x65,0x71,0x00,0x00,0x7b,0x78,0x00,0x00,0x3e,0x00,0x03,0x00,
0x66,0x71,0x00,0x00,0xc4,0x27,0x00,0x00,0x3d,0x00,0x04,0x00,0x13,0x00,0x00,0x00,
0xc9,0x27,0x00,0x00,0x66,0x71,0x00,0x00,0x0c,0x00,0x07,0x00,0x13,0x00,0x00,0x00,
0x4b,0x28,0x00,0x00,0x01,0x00,0x00,0x00,0x1a,0x00,0x00,0x00,0xc9,0x27,0x00,0x00,
0xdc,0x01,0x00,0x00,0x3e,0x00,0x03,0x00,0x66,0x71,0x00,0x00,0x4b,0x28,0x00,0x00,
0x3d,0x00,0x04,0x00,0x13,0x00,0x00,0x00,0xcf,0x27,0x00,0x00,0x66,0x71,0x00,0x00,
0x0c,0x00,0x07,0x00,0x13,0x00,0x00,0x00,0x50,0x28,0x00,0x00,0x01,0x00,0x00,0x00,
0x28,0x00,0x00,0x00,0xcf,0x27,0x00,0x00,0x8d,0x03,0x00,0x00,0x3e,0x00,0x03,0x00,
0x66,0x71,0x00,0x00,0x50,0x28,0x00,0x00,0xf9,0x00,0x02,0x00,0xd2,0x27,0x00,0x00,
0xf8,0x00,0x02,0x00,0xd2,0x27,0x00,0x00,0x80,0x00,0x05,0x00,0x1a,0x00,0x00,0x00,
0xd4,0x27,0x00,0x00,0x7b,0x78,0x00,0x00,0x91,0x01,0x00,0x00,0xf9,0x00,0x02,0x00,
0xb3,0x27,0x00,0x00,0xf8,0x00,0x02,0x00,0xd5,0x27,0x00,0x00,0xf9,0x00,0x02,0x00,
0xd6,0x27,0x00,0x00,0xf8,0x00,0x02,0x00,0xd6,0x27,0x00,0x00,0x3d,0x00,0x04,0x00,
0x82,0x00,0x00,0x00,0x6b,0x71,0x00,0x00,0x65,0x71,0x00,0x00,0xf7,0x00,0x03,0x00,
0xee,0x26,0x00,0x00,0x00,0x00,0x00,0x00,0xfa,0x00,0x04,0x00,0xf6,0x27,0x00,0x00,
0xe8,0x26,0x00,0x00,0xee,0x26,0x00,0x00,0xf8,0x00,0x02,0x00,0xe8,0x26,0x00,0x00,
0x51,0x00,0x05,0x00,0x13,0x00,0x00,0x00,0x4a,0x71,0x00,0x00,0x41,0x6a,0x00,0x00,
0x00,0x00,0x00,0x00,0x51,0x00,0x05,0x00,0x13,0x00,0x00,0x00,0x4b,0x71,0x00,0x00,
0x41,0x6a,0x00,0x00,0x01,0x00,0x00,0x00,0x51,0x00,0x05,0x00,0x13,0x00,0x00,0x00,
0x4c,0x71,0x00,0x00,0x41,0x6a,0x00,0x00,0x02,0x00,0x00,0x00,0x51,0x00,0x05,0x00,
0x13,0x00,0x00,0x00,0x4d,0x71,0x00,0x00,0x41,0x6a,0x00,0x00,0x03,0x00,0x00,0x00,
0x51,0x00,0x05,0x00,0x13,0x00,0x00,0x00,0x4e,0x71,0x00,0x00,0x41,0x6a,0x00,0x00,
0x04,0x00,0x00,0x00,0x0c,0x00,0x07,0x00,0x13,0x00,0x00,0x00,0x58,0x29,0x00,0x00,
0x01,0x00,0x00,0x00,0x25,0x00,0x00,0x00,0x4a,0x71,0x00,0x00,0x4d,0x71,0x00,0x00,
0x0c,0x00,0x07,0x00,0x13,0x00,0x00,0x00,0x5d,0x29,0x00,0x00,0x01,0x00,0x00,0x00,
0x28,0x00,0x00,0x00,0x4a,0x71,0x00,0x00,0x4d,0x71,0x00,0x00,0x0c,0x00,0x07,0x00,
0x13,0x00,0x00,0x00,0x62,0x29,0x00,0x00,0x01,0x00,0x00,0x00,0x25,0x00,0x00,0x00,
0x4b,0x71,0x00,0x00,0x4e,0x71,0x00,0x00,0x0c,0x00,0x07,0x00,0x13,0x00,0x00,0x00,
0x67,0x29,0x00,0x00,0x01,0x00,0x00,0x00,0x28,0x00,0x00,0x00,0x4b,0x71,0x00,0x00,
0x4e,0x71,0x00,0x00,0x0c,0x00,0x07,0x00,0x13,0x00,0x00,0x00,0x6c,0x29,0x00,0x00,
0x01,0x00,0x00,0x00,0x25,0x00,0x00,0x00,0x58,0x29,0x00,0x00,0x4c,0x71,0x00,0x00,
0x0c,0x00,0x07,0x00,0x13,0x00,0x00,0x00,0x71,0x29,0x00,0x00,0x01,0x00,0x00,0x00,
0x28,0x00,0x00,0x00,0x58,0x29,0x00,0x00,0x4c,0x71,0x00,0x00,0x0c,0x00,0x07,0x00,
0x13,0x00,0x00,0x00,0x76,0x29,0x00,0x00,0x01,0x00,0x00,0x00,0x25,0x00,0x00,0x00,
0x62,0x29,0x00,0x00,0x5d,0x29,0x00,0x00,0x0c,0x00,0x07,0x00,0x13,0x00,0x00,0x00,
0x7b,0x29,0x00,0x00,0x01,0x00,0x00,0x00,0x28,0x00,0x00,0x00,0x62,0x29,0x00,0x00,
0x5d,0x29,0x00,0x00,0x0c,0x00,0x07,0x00,0x13,0x00,0x00,0x00,0x80,0x29,0x00,0x00,
0x01,0x00,0x00,0x00,0x25,0x00,0x00,0x00,0x6c,0x29,0x00,0x00,0x76,0x29,0x00,0x00,
0x0c,0x00,0x07,0x00,0x13,0x00,0x00,0x00,0x85,0x29,0x00,0x00,0x01,0x00,0x00,0x00,
0x28,0x00,0x00,0x00,0x6c,0x29,0x00,0x00,0x76,0x29,0x00,0x00,0x0c,0x00,0x07,0x00,
0x13,0x00,0x00,0x00,0x8a,0x29,0x00,0x00,0x01,0x00,0x00,0x00,0x25,0x00,0x00,0x00,
0x71,0x29,0x00,0x00,0x67,0x29,0x00,0x00,0x0c,0x00,0x07,0x00,0x13,0x00,0x00,0x00,
0x8f,0x29,0x00,0x00,0x01,0x00,0x00,0x00,0x28,0x00,0x00,0x00,0x71,0x29,0x00,0x00,
0x67,0x29,0x00,0x00,0x0c,0x00,0x07,0x00,0x13,0x00,0x00,0x00,0x94,0x29,0x00,0x00,
0x01,0x00,0x00,0x00,0x25,0x00,0x00,0x00,0x85,0x29,0x00,0x00,0x8a,0x29,0x00,0x00,
0x0c,0x00,0x07,0x00,0x13,0x00,0x00,0x00,0x99,0x29,0x00,0x00,0x01,0x00,0x00,0x00,
0x28,0x00,0x00,0x00,0x85,0x29,0x00,0x00,0x8a,0x29,0x00,0x00,0x0c,0x00,0x07,0x00,
0x13,0x00,0x00,0x00,0x9e,0x29,0x00,0x00,0x01,0x00,0x00,0x00,0x25,0x00,0x00,0x00,
0x7b,0x29,0x00,0x00,0x8f,0x29,0x00,0x00,0x0c,0x00,0x07,0x00,0x13,0x00,0x00,0x00,
0xa3,0x29,0x00,0x00,0x01,0x00,0x00,0x00,0x28,0x00,0x00,0x00,0x7b,0x29,0x00,0x00,
0x8f,0x29,0x00,0x00,0x0c,0x00,0x07,0x00,0x13,0x00,0x00,0x00,0xa8,0x29,0x00,0x00,
0x01,0x00,0x00,0x00,0x25,0x00,0x00,0x00,0x99,0x29,0x00,0x00,0x9e,0x29,0x00,0x00,
0x0c,0x00,0x07,0x00,0x13,0x00,0x00,0x00,0xad,0x29,0x00,0x00,0x01,0x00,0x00,0x00,
0x28,0x00,0x00,0x00,0x99,0x29,0x00,0x00,0x9e,0x29,0x00,0x00,0x50,0x00,0x08,0x00,
0x82,0x00,0x00,0x00,0x54,0x71,0x00,0x00,0x80,0x29,0x00,0x00,0x94,0x29,0x00,0x00,
0xa8,0x29,0x00,0x00,0xad,0x29,0x00,0x00,0xa3,0x29,0x00,0x00,0x3e,0x00,0x03,0x00,
0x4f,0x6a,0x00,0x00,0x54,0x71,0x00,0x00,0x51,0x00,0x05,0x00,0x13,0x00,0x00,0x00,
0x5a,0x71,0x00,0x00,0x6b,0x71,0x00,0x00,0x00,0x00,0x00,0x00,0x51,0x00,0x05,0x00,
0x13,0x00,0x00,0x00,0x5b,0x71,0x00,0x00,0x6b,0x71,0x00,0x00,0x01,0x00,0x00,0x00,
0x51,0x00,0x05,0x00,0x13,0x00,0x00,0x00,0x5c,0x71,0x00,0x00,0x6b,0x71,0x00,0x00,
0x02,0x00,0x00,0x00,0x51,0x00,0x05,0x00,0x13,0x00,0x00,0x00,0x5d,0x71,0x00,0x00,
0x6b,0x71,0x00,0x00,0x03,0x00,0x00,0x00,0x51,0x00,0x05,0x00,0x13,0x00,0x00,0x00,
0x5e,0x71,0x00,0x00,0x6b,0x71,0x00,0x00,0x04,0x00,0x00,0x00,0x0c,0x00,0x07,0x00,
0x13,0x00,0x00,0x00,0x55,0x2a,0x00,0x00,0x01,0x00,0x00,0x00,0x25,0x00,0x00,0x00,
0x5a,0x71,0x00,0x00,0x5d,0x71,0x00,0x00,0x0c,0x00,0x07,0x00,0x13,0x00,0x00,0x00,
0x5a,0x2a,0x00,0x00,0x01,0x00,0x00,0x00,0x28,0x00,0x00,0x00,0x5a,0x71,0x00,0x00,
0x5d,0x71,0x00,0x00,0x0c,0x00,0x07,0x00,0x13,0x00,0x00,0x00,0x5f,0x2a,0x00,0x00,
0x01,0x00,0x00,0x00,0x25,0x00,0x00,0x00,0x5b,0x71,0x00,0x00,0x5e,0x71,0x00,0x00,
0x0c,0x00,0x07,0x00,0x13,0x00,0x00,0x00,0x64,0x2a,0x00,0x00,0x01,0x00,0x00,0x00,
0x28,0x00,0x00,0x00,0x5b,0x71,0x00,0x00,0x5e,0x71,0x00,0x00,0x0c,0x00,0x07,0x00,
0x13,0x00,0x00,0x00,0x69,0x2a,0x00,0x00,0x01,0x00,0x00,0x00,0x25,0x00,0x00,0x00,
0x55,0x2a,0x00,0x00,0x5c,0x71,0x00,0x00,0x0c,0x00,0x07,0x00,0x13,0x00,0x00,0x00,
0x6e,0x2a,0x00,0x00,0x01,0x00,0x00,0x00,0x28,0x00,0x00,0x00,0x55,0x2a,0x00,0x00,
0x5c,0x71,0x00,0x00,0x0c,0x00,0x07,0x00,0x13,0x00,0x00,0x00,0x73,0x2a,0x00,0x00,
0x01,0x00,0x00,0x00,0x25,0x00,0x00,0x00,0x5f,0x2a,0x00,0x00,0x5a,0x2a,0x00,0x00,
0x0c,0x00,0x07,0x00,0x13,0x00,0x00,0x00,0x78,0x2a,0x00,0x00,0x01,0x00,0x00,0x00,
0x28,0x00,0x00,0x00,0x5f,0x2a,0x00,0x00,0x5a,0x2a,0x00,0x00,0x0c,0x00,0x07,0x00,
0x13,0x00,0x00,0x00,0x7d,0x2a,0x00,0x00,0x01,0x00,0x00,0x00,0x25,0x00,0x00,0x00,
0x69,0x2a,0x00,0x00,0x73,0x2a,0x00,0x00,0x0c,0x00,0x07,0x00,0x13,0x00,0x00,0x00,
0x82,0x2a,0x00,0x00,0x01,0x00,0x00,0x00,0x28,0x00,0x00,0x00,0x69,0x2a,0x00,0x00,
0x73,0x2a,0x00,0x00,0x0c,0x00,0x07,0x00,0x13,0x00,0x00,0x00,0x87,0x2a,0x00,0x00,
0x01,0x00,0x00,0x00,0x25,0x00,0x00,0x00,0x6e,0x2a,0x00,0x00,0x64,0x2a,0x00,0x00,
0x0c,0x00,0x07,0x00,0x13,0x00,0x00,0x00,0x8c,0x2a,0x00,0x00,0x01,0x00,0x00,0x00,
0x28,0x00,0x00,0x00,0x6e,0x2a,0x00,0x00,0x64,0x2a,0x00,0x00,0x0c,0x00,0x07,0x00,
0x13,0x00,0x00,0x00,0x91,0x2a,0x00,0x00,0x01,0x00,0x00,0x00,0x25,0x00,0x00,0x00,
0x82,0x2a,0x00,0x00,0x87,0x2a,0x00,0x00,0x0c,0x00,0x07,0x00,0x13,0x00,0x00,0x00,
0x96,0x2a,0x00,0x00,0x01,0x00,0x00,0x00,0x28,0x00,0x00,0x00,0x82,0x2a,0x00,0x00,
0x87,0x2a,0x00,0x00,0x0c,0x00,0x07,0x00,0x13,0x00,0x00,0x00,0x9b,0x2a,0x00,0x00,
0x01,0x00,0x00,0x00,0x25,0x00,0x00,0x00,0x78,0x2a,0x00,0x00,0x8c,0x2a,0x00,0x00,
0x0c,0x00,0x07,0x00,0x13,0x00,0x00,0x00,0xa0,0x2a,0x00,0x00,0x01,0x00,0x00,0x00,
0x28,0x00,0x00,0x00,0x78,0x2a,0x00,0x00,0x8c,0x2a,0x00,0x00,0x0c,0x00,0x07,0x00,
0x13,0x00,0x00,0x00,0xa5,0x2a,0x00,0x00,0x01,0x00,0x00,0x00,0x25,0x00,0x00,0x00,
0x96,0x2a,0x00,0x00,0x9b,0x2a,0x00,0x00,0x0c,0x00,0x07,0x00,0x13,0x00,0x00,0x00,
0xaa,0x2a,0x00,0x00,0x01,0x00,0x00,0x00,0x28,0x00,0x00,0x00,0x96,0x2a,0x00,0x00,
0x9b,0x2a,0x00,0x00,0x50,0x00,0x08,0x00,0x82,0x00,0x00,0x00,0x64,0x71,0x00,0x00,
0x7d,0x2a,0x00,0x00,0x91,0x2a,0x00,0x00,0xa5,0x2a,0x00,0x00,0xaa,0x2a,0x00,0x00,
0xa0,0x2a,0x00,0x00,0x3e,0x00,0x03,0x00,0x59,0x6a,0x00,0x00,0x64,0x71,0x00,0x00,
0x41,0x00,0x05,0x00,0x14,0x00,0x00,0x00,0x54,0x6a,0x00,0x00,0x4f,0x6a,0x00,0x00,
0xcd,0x02,0x00,0x00,0x3d,0x00,0x04,0x00,0x13,0x00,0x00,0x00,0x64,0x28,0x00,0x00,
0x54,0x6a,0x00,0x00,0x41,0x00,0x05,0x00,0x14,0x00,0x00,0x00,0x5e,0x6a,0x00,0x00,
0x59,0x6a,0x00,0x00,0xcd,0x02,0x00,0x00,0x3d,0x00,0x04,0x00,0x13,0x00,0x00,0x00,
0x66,0x28,0x00,0x00,0x5e,0x6a,0x00,0x00,0x0c,0x00,0x07,0x00,0x13,0x00,0x00,0x00,
0xaf,0x2a,0x00,0x00,0x01,0x00,0x00,0x00,0x25,0x00,0x00,0x00,0x64,0x28,0x00,0x00,
0x66,0x28,0x00,0x00,0xba,0x00,0x05,0x00,0x6e,0x00,0x00,0x00,0x69,0x28,0x00,0x00,
0xaf,0x2a,0x00,0x00,0x72,0x03,0x00,0x00,0xf7,0x00,0x03,0x00,0xab,0x28,0x00,0x00,
0x00,0x00,0x00,0x00,0xfa,0x00,0x04,0x00,0x69,0x28,0x00,0x00,0x6a,0x28,0x00,0x00,
0xab,0x28,0x00,0x00,0xf8,0x00,0x02,0x00,0x6a,0x28,0x00,0x00,0xf9,0x00,0x02,0x00,
0x6b,0x28,0x00,0x00,0xf8,0x00,0x02,0x00,0x6b,0x28,0x00,0x00,0xf5,0x00,0x07,0x00,
0x1a,0x00,0x00,0x00,0xdb,0x7a,0x00,0x00,0x4c,0x01,0x00,0x00,0x6a,0x28,0x00,0x00,
0x11,0x7c,0x00,0x00,0xa7,0x28,0x00,0x00,0xf5,0x00,0x07,0x00,0x1a,0x00,0x00,0x00,
0xda,0x7a,0x00,0x00,0x4c,0x01,0x00,0x00,0x6a,0x28,0x00,0x00,0x10,0x7c,0x00,0x00,
0xa7,0x28,0x00,0x00,0xf5,0x00,0x07,0x00,0x13,0x00,0x00,0x00,0x7d,0x78,0x00,0x00,
0x5e,0x03,0x00,0x00,0x6a,0x28,0x00,0x00,0x50,0x7b,0x00,0x00,0xa7,0x28,0x00,0x00,
0xf5,0x00,0x07,0x00,0x1a,0x00,0x00,0x00,0x7c,0x78,0x00,0x00,0x4c,0x01,0x00,0x00,
0x6a,0x28,0x00,0x00,0xa9,0x28,0x00,0x00,0xa7,0x28,0x00,0x00,0xb1,0x00,0x05,0x00,
0x6e,0x00,0x00,0x00,0x6e,0x28,0x00,0x00,0x7c,0x78,0x00,0x00,0x7d,0x03,0x00,0x00,
0xb8,0x00,0x05,0x00,0x6e,0x00,0x00,0x00,0x70,0x28,0x00,0x00,0x7d,0x78,0x00,0x00,
0x80,0x03,0x00,0x00,0xa7,0x00,0x05,0x00,0x6e,0x00,0x00,0x00,0x71,0x28,0x00,0x00,
0x6e,0x28,0x00,0x00,0x70,0x28,0x00,0x00,0xf6,0x00,0x04,0x00,0xaa,0x28,0x00,0x00,
0xa7,0x28,0x00,0x00,0x00,0x00,0x00,0x00,0xfa,0x00,0x04,0x00,0x71,0x28,0x00,0x00,
0x72,0x28,0x00,0x00,0xaa,0x28,0x00,0x00,0xf8,0x00,0x02,0x00,0x72,0x28,0x00,0x00,
0x41,0x00,0x05,0x00,0x14,0x00,0x00,0x00,0x55,0x6a,0x00,0x00,0x4f,0x6a,0x00,0x00,
0xda,0x7a,0x00,0x00,0x3d,0x00,0x04,0x00,0x13,0x00,0x00,0x00,0x75,0x28,0x00,0x00,
0x55,0x6a,0x00,0x00,0x41,0x00,0x05,0x00,0x14,0x00,0x00,0x00,0x5f,0x6a,0x00,0x00,
0x59,0x6a,0x00,0x00,0xdb,0x7a,0x00,0x00,0x3d,0x00,0x04,0x00,0x13,0x00,0x00,0x00,
0x78,0x28,0x00,0x00,0x5f,0x6a,0x00,0x00,0x83,0x00,0x05,0x00,0x13,0x00,0x00,0x00,
0x79,0x28,0x00,0x00,0x75,0x28,0x00,0x00,0x78,0x28,0x00,0x00,0x0c,0x00,0x06,0x00,
0x13,0x00,0x00,0x00,0x7b,0x28,0x00,0x00,0x01,0x00,0x00,0x00,0x04,0x00,0x00,0x00,
0x79,0x28,0x00,0x00,0xba,0x00,0x05,0x00,0x6e,0x00,0x00,0x00,0x7c,0x28,0x00,0x00,
0x7b,0x28,0x00,0x00,0x8d,0x03,0x00,0x00,0xf7,0x00,0x03,0x00,0xa6,0x28,0x00,0x00,
0x00,0x00,0x00,0x00,0xfa,0x00,0x04,0x00,0x7c,0x28,0x00,0x00,0x7d,0x28,0x00,0x00,
0xa5,0x28,0x00,0x00,0xf8,0x00,0x02,0x00,0xa5,0x28,0x00,0x00,0xf9,0x00,0x02,0x00,
0xa6,0x28,0x00,0x00,0xf8,0x00,0x02,0x00,0x7d,0x28,0x00,0x00,0x0c,0x00,0x06,0x00,
0x13,0x00,0x00,0x00,0x7f,0x28,0x00,0x00,0x01,0x00,0x00,0x00,0x06,0x00,0x00,0x00,
0x79,0x28,0x00,0x00,0x3d,0x00,0x04,0x00,0x13,0x00,0x00,0x00,0x82,0x28,0x00,0x00,
0x55,0x6a,0x00,0x00,0x3d,0x00,0x04,0x00,0x13,0x00,0x00,0x00,0x85,0x28,0x00,0x00,
0x5f,0x6a,0x00,0x00,0x0c,0x00,0x07,0x00,0x13,0x00,0x00,0x00,0xc6,0x2a,0x00,0x00,
0x01,0x00,0x00,0x00,0x28,0x00,0x00,0x00,0x82,0x28,0x00,0x00,0x85,0x28,0x00,0x00,
0xb7,0x00,0x05,0x00,0x6e,0x00,0x00,0x00,0xba,0x2a,0x00,0x00,0xc6,0x2a,0x00,0x00,
0xd8,0x01,0x00,0x00,0xf7,0x00,0x03,0x00,0xc0,0x2a,0x00,0x00,0x00,0x00,0x00,0x00,
0xfa,0x00,0x04,0x00,0xba,0x2a,0x00,0x00,0xbb,0x2a,0x00,0x00,0xbf,0x2a,0x00,0x00,
0xf8,0x00,0x02,0x00,0xbf,0x2a,0x00,0x00,0xf9,0x00,0x02,0x00,0xc0,0x2a,0x00,0x00,
0xf8,0x00,0x02,0x00,0xbb,0x2a,0x00,0x00,0x0c,0x00,0x07,0x00,0x13,0x00,0x00,0x00,
0xcb,0x2a,0x00,0x00,0x01,0x00,0x00,0x00,0x25,0x00,0x00,0x00,0x82,0x28,0x00,0x00,
0x85,0x28,0x00,0x00,0x88,0x00,0x05,0x00,0x13,0x00,0x00,0x00,0xbe,0x2a,0x00,0x00,
0xcb,0x2a,0x00,0x00,0xc6,0x2a,0x00,0x00,0xf9,0x00,0x02,0x00,0xc0,0x2a,0x00,0x00,
0xf8,0x00,0x02,0x00,0xc0,0x2a,0x00,0x00,0xf5,0x00,0x07,0x00,0x13,0x00,0x00,0x00,
0xdc,0x7a,0x00,0x00,0xd8,0x01,0x00,0x00,0xbf,0x2a,0x00,0x00,0xbe,0x2a,0x00,0x00,
0xbb,0x2a,0x00,0x00,0x83,0x00,0x05,0x00,0x13,0x00,0x00,0x00,0x87,0x28,0x00,0x00,
0xdc,0x01,0x00,0x00,0xdc,0x7a,0x00,0x00,0x85,0x00,0x05,0x00,0x13,0x00,0x00,0x00,
0x88,0x28,0x00,0x00,0x7f,0x28,0x00,0x00,0x87,0x28,0x00,0x00,0x0c,0x00,0x06,0x00,
0x13,0x00,0x00,0x00,0x8a,0x28,0x00,0x00,0x01,0x00,0x00,0x00,0x04,0x00,0x00,0x00,
0x88,0x28,0x00,0x00,0x0c,0x00,0x06,0x00,0x13,0x00,0x00,0x00,0x8c,0x28,0x00,0x00,
0x01,0x00,0x00,0x00,0x04,0x00,0x00,0x00,0x7d,0x78,0x00,0x00,0xb8,0x00,0x05,0x00,
0x6e,0x00,0x00,0x00,0x8d,0x28,0x00,0x00,0x8a,0x28,0x00,0x00,0x8c,0x28,0x00,0x00,
0xa9,0x00,0x06,0x00,0x13,0x00,0x00,0x00,0x90,0x28,0x00,0x00,0x8d,0x28,0x00,0x00,
0x88,0x28,0x00,0x00,0x7d,0x78,0x00,0x00,0x3d,0x00,0x04,0x00,0x13,0x00,0x00,0x00,
0x93,0x28,0x00,0x00,0x55,0x6a,0x00,0x00,0x3d,0x00,0x04,0x00,0x13,0x00,0x00,0x00,
0x96,0x28,0x00,0x00,0x5f,0x6a,0x00,0x00,0xb8,0x00,0x05,0x00,0x6e,0x00,0x00,0x00,
0x97,0x28,0x00,0x00,0x93,0x28,0x00,0x00,0x96,0x28,0x00,0x00,0xa9,0x00,0x06,0x00,
0x1a,0x00,0x00,0x00,0x98,0x28,0x00,0x00,0x97,0x28,0x00,0x00,0x91,0x01,0x00,0x00,
0x4c,0x01,0x00,0x00,0x80,0x00,0x05,0x00,0x1a,0x00,0x00,0x00,0x9a,0x28,0x00,0x00,
0xda,0x7a,0x00,0x00,0x98,0x28,0x00,0x00,0x41,0x00,0x05,0x00,0x14,0x00,0x00,0x00,
0x58,0x6a,0x00,0x00,0x4f,0x6a,0x00,0x00,0x9a,0x28,0x00,0x00,0x3d,0x00,0x04,0x00,
0x13,0x00,0x00,0x00,0x9d,0x28,0x00,0x00,0x58,0x6a,0x00,0x00,0x3d,0x00,0x04,0x00,
0x13,0x00,0x00,0x00,0xa0,0x28,0x00,0x00,0x5f,0x6a,0x00,0x00,0xbe,0x00,0x05,0x00,
0x6e,0x00,0x00,0x00,0xa1,0x28,0x00,0x00,0x9d,0x28,0x00,0x00,0xa0,0x28,0x00,0x00,
0xa9,0x00,0x06,0x00,0x1a,0x00,0x00,0x00,0xa2,0x28,0x00,0x00,0xa1,0x28,0x00,0x00,
0x91,0x01,0x00,0x00,0x4c,0x01,0x00,0x00,0x80,0x00,0x05,0x00,0x1a,0x00,0x00,0x00,
0xa4,0x28,0x00,0x00,0xdb,0x7a,0x00,0x00,0xa2,0x28,0x00,0x00,0xf9,0x00,0x02,0x00,
0xa6,0x28,0x00,0x00,0xf8,0x00,0x02,0x00,0xa6,0x28,0x00,0x00,0xf5,0x00,0x07,0x00,
0x1a,0x00,0x00,0x00,0x11,0x7c,0x00,0x00,0xdb,0x7a,0x00,0x00,0xa5,0x28,0x00,0x00,
0xa4,0x28,0x00,0x00,0xc0,0x2a,0x00,0x00,0xf5,0x00,0x07,0x00,0x1a,0x00,0x00,0x00,
0x10,0x7c,0x00,0x00,0xda,0x7a,0x00,0x00,0xa5,0x28,0x00,0x00,0x9a,0x28,0x00,0x00,
0xc0,0x2a,0x00,0x00,0xf5,0x00,0x07,0x00,0x13,0x00,0x00,0x00,0x50,0x7b,0x00,0x00,
0x80,0x03,0x00,0x00,0xa5,0x28,0x00,0x00,0x90,0x28,0x00,0x00,0xc0,0x2a,0x00,0x00,
0xf9,0x00,0x02,0x00,0xa7,0x28,0x00,0x00,0xf8,0x00,0x02,0x00,0xa7,0x28,0x00,0x00,
0x80,0x00,0x05,0x00,0x1a,0x00,0x00,0x00,0xa9,0x28,0x00,0x00,0x7c,0x78,0x00,0x00,
0x91,0x01,0x00,0x00,0xf9,0x00,0x02,0x00,0x6b,0x28,0x00,0x00,0xf8,0x00,0x02,0x00,
0xaa,0x28,0x00,0x00,0xf9,0x00,0x02,0x00,0xab,0x28,0x00,0x00,0xf8,0x00,0x02,0x00,
0xab,0x28,0x00,0x00,0xf5,0x00,0x07,0x00,0x13,0x00,0x00,0x00,0x7e,0x78,0x00,0x00,
0x5e,0x03,0x00,0x00,0xe8,0x26,0x00,0x00,0x7d,0x78,0x00,0x00,0xaa,0x28,0x00,0x00,
0xb8,0x00,0x05,0x00,0x6e,0x00,0x00,0x00,0xae,0x28,0x00,0x00,0x7e,0x78,0x00,0x00,
0x5e,0x03,0x00,0x00,0xa9,0x00,0x06,0x00,0x13,0x00,0x00,0x00,0xaf,0x28,0x00,0x00,
0xae,0x28,0x00,0x00,0xdc,0x01,0x00,0x00,0xd8,0x01,0x00,0x00,0x85,0x00,0x05,0x00,
0x13,0x00,0x00,0x00,0xb0,0x28,0x00,0x00,0x7e,0x78,0x00,0x00,0xaf,0x28,0x00,0x00,
0xf9,0x00,0x02,0x00,0xee,0x26,0x00,0x00,0xf8,0x00,0x02,0x00,0xee,0x26,0x00,0x00,
0xf5,0x00,0x07,0x00,0x13,0x00,0x00,0x00,0x7f,0x78,0x00,0x00,0xd8,0x01,0x00,0x00,
0xd6,0x27,0x00,0x00,0xb0,0x28,0x00,0x00,0xab,0x28,0x00,0x00,0x52,0x00,0x06,0x00,
0x9f,0x00,0x00,0x00,0x61,0x76,0x00,0x00,0x7f,0x78,0x00,0x00,0x8e,0x04,0x00,0x00,
0x00,0x00,0x00,0x00,0xb7,0x00,0x05,0x00,0x6e,0x00,0x00,0x00,0x8b,0x26,0x00,0x00,
0x7f,0x78,0x00,0x00,0xd8,0x01,0x00,0x00,0xf7,0x00,0x03,0x00,0x90,0x26,0x00,0x00,
0x00,0x00,0x00,0x00,0xfa,0x00,0x04,0x00,0x8b,0x26,0x00,0x00,0x8c,0x26,0x00,0x00,
0x8f,0x26,0x00,0x00,0xf8,0x00,0x02,0x00,0x8f,0x26,0x00,0x00,0xf9,0x00,0x02,0x00,
0x90,0x26,0x00,0x00,0xf8,0x00,0x02,0x00,0x8c,0x26,0x00,0x00,0x0c,0x00,0x06,0x00,
0x13,0x00,0x00,0x00,0x8e,0x26,0x00,0x00,0x01,0x00,0x00,0x00,0x06,0x00,0x00,0x00,
0x7f,0x78,0x00,0x00,0xf9,0x00,0x02,0x00,0x90,0x26,0x00,0x00,0xf8,0x00,0x02,0x00,
0x90,0x26,0x00,0x00,0xf5,0x00,0x07,0x00,0x13,0x00,0x00,0x00,0x86,0x78,0x00,0x00,
0xd8,0x01,0x00,0x00,0x8f,0x26,0x00,0x00,0x8e,0x26,0x00,0x00,0x8c,0x26,0x00,0x00,
0x52,0x00,0x06,0x00,0x9f,0x00,0x00,0x00,0x63,0x76,0x00,0x00,0x86,0x78,0x00,0x00,
0x61,0x76,0x00,0x00,0x01,0x00,0x00,0x00,0x52,0x00,0x06,0x00,0x9f,0x00,0x00,0x00,
0x65,0x76,0x00,0x00,0xdc,0x01,0x00,0x00,0x63,0x76,0x00,0x00,0x02,0x00,0x00,0x00,
0x7c,0x00,0x04,0x00,0x32,0x00,0x00,0x00,0x97,0x1d,0x00,0x00,0x72,0x1d,0x00,0x00,
0x6f,0x00,0x04,0x00,0x38,0x00,0x00,0x00,0x98,0x1d,0x00,0x00,0x97,0x1d,0x00,0x00,
0x6e,0x00,0x04,0x00,0x32,0x00,0x00,0x00,0xdc,0x2a,0x00,0x00,0x98,0x1d,0x00,0x00,
0x51,0x00,0x05,0x00,0x1a,0x00,0x00,0x00,0x0f,0x2b,0x00,0x00,0xdc,0x2a,0x00,0x00,
0x00,0x00,0x00,0x00,0x0c,0x00,0x07,0x00,0x1a,0x00,0x00,0x00,0x20,0x2b,0x00,0x00,
0x01,0x00,0x00,0x00,0x27,0x00,0x00,0x00,0x0f,0x2b,0x00,0x00,0xc1,0x0b,0x00,0x00,
0x0c,0x00,0x07,0x00,0x1a,0x00,0x00,0x00,0x25,0x2b,0x00,0x00,0x01,0x00,0x00,0x00,
0x2a,0x00,0x00,0x00,0x4c,0x01,0x00,0x00,0x20,0x2b,0x00,0x00,0x51,0x00,0x05,0x00,
0x1a,0x00,0x00,0x00,0x17,0x2b,0x00,0x00,0xdc,0x2a,0x00,0x00,0x01,0x00,0x00,0x00,
0x0c,0x00,0x07,0x00,0x1a,0x00,0x00,0x00,0x2a,0x2b,0x00,0x00,0x01,0x00,0x00,0x00,
0x27,0x00,0x00,0x00,0x17,0x2b,0x00,0x00,0xc9,0x0b,0x00,0x00,0x0c,0x00,0x07,0x00,
0x1a,0x00,0x00,0x00,0x2f,0x2b,0x00,0x00,0x01,0x00,0x00,0x00,0x2a,0x00,0x00,0x00,
0x4c,0x01,0x00,0x00,0x2a,0x2b,0x00,0x00,0x50,0x00,0x05,0x00,0x32,0x00,0x00,0x00,
0xce,0x77,0x00,0x00,0x25,0x2b,0x00,0x00,0x2f,0x2b,0x00,0x00,0x3d,0x00,0x04,0x00,
0xb9,0x01,0x00,0x00,0x32,0x2b,0x00,0x00,0xca,0x01,0x00,0x00,0x5f,0x00,0x07,0x00,
0x9f,0x00,0x00,0x00,0x34,0x2b,0x00,0x00,0x32,0x2b,0x00,0x00,0xce,0x77,0x00,0x00,
0x02,0x00,0x00,0x00,0x4c,0x01,0x00,0x00,0x4f,0x00,0x07,0x00,0x38,0x00,0x00,0x00,
0x35,0x2b,0x00,0x00,0x34,0x2b,0x00,0x00,0x34,0x2b,0x00,0x00,0x00,0x00,0x00,0x00,
0x01,0x00,0x00,0x00,0x6f,0x00,0x04,0x00,0x38,0x00,0x00,0x00,0xe2,0x2a,0x00,0x00,
0xce,0x77,0x00,0x00,0x81,0x00,0x05,0x00,0x38,0x00,0x00,0x00,0xe4,0x2a,0x00,0x00,
0xe2,0x2a,0x00,0x00,0xc7,0x77,0x00,0x00,0x88,0x00,0x05,0x00,0x38,0x00,0x00,0x00,
0xe7,0x2a,0x00,0x00,0xe4,0x2a,0x00,0x00,0x9a,0x0b,0x00,0x00,0x3e,0x00,0x03,0x00,
0x5a,0x2b,0x00,0x00,0xdf,0x03,0x00,0x00,0x81,0x00,0x05,0x00,0x38,0x00,0x00,0x00,
0x69,0x2b,0x00,0x00,0xe7,0x2a,0x00,0x00,0x1c,0x0c,0x00,0x00,0x85,0x00,0x05,0x00,
0x38,0x00,0x00,0x00,0x6d,0x2b,0x00,0x00,0x69,0x2b,0x00,0x00,0x9a,0x0b,0x00,0x00,
0x0c,0x00,0x06,0x00,0x38,0x00,0x00,0x00,0x6e,0x2b,0x00,0x00,0x01,0x00,0x00,0x00,
0x08,0x00,0x00,0x00,0x6d,0x2b,0x00,0x00,0x6e,0x00,0x04,0x00,0x32,0x00,0x00,0x00,
0x6f,0x2b,0x00,0x00,0x6e,0x2b,0x00,0x00,0xf9,0x00,0x02,0x00,0x70,0x2b,0x00,0x00,
0xf8,0x00,0x02,0x00,0x70,0x2b,0x00,0x00,0xf5,0x00,0x07,0x00,0x1a,0x00,0x00,0x00,
0x88,0x78,0x00,0x00,0x4c,0x01,0x00,0x00,0x90,0x26,0x00,0x00,0x8f,0x2b,0x00,0x00,
0x8d,0x2b,0x00,0x00,0xb1,0x00,0x05,0x00,0x6e,0x00,0x00,0x00,0x73,0x2b,0x00,0x00,
0x88,0x78,0x00,0x00,0x7d,0x03,0x00,0x00,0xf6,0x00,0x04,0x00,0x90,0x2b,0x00,0x00,
0x8d,0x2b,0x00,0x00,0x00,0x00,0x00,0x00,0xfa,0x00,0x04,0x00,0x73,0x2b,0x00,0x00,
0x74,0x2b,0x00,0x00,0x90,0x2b,0x00,0x00,0xf8,0x00,0x02,0x00,0x74,0x2b,0x00,0x00,
0x41,0x00,0x05,0x00,0x49,0x00,0x00,0x00,0x78,0x2b,0x00,0x00,0x5a,0x2b,0x00,0x00,
0x88,0x78,0x00,0x00,0x3d,0x00,0x04,0x00,0x32,0x00,0x00,0x00,0x79,0x2b,0x00,0x00,
0x78,0x2b,0x00,0x00,0x80,0x00,0x05,0x00,0x32,0x00,0x00,0x00,0xaf,0x2b,0x00,0x00,
0x6f,0x2b,0x00,0x00,0x79,0x2b,0x00,0x00,0x51,0x00,0x05,0x00,0x1a,0x00,0x00,0x00,
0xb4,0x2b,0x00,0x00,0xaf,0x2b,0x00,0x00,0x00,0x00,0x00,0x00,0x0c,0x00,0x07,0x00,
0x1a,0x00,0x00,0x00,0xc5,0x2b,0x00,0x00,0x01,0x00,0x00,0x00,0x27,0x00,0x00,0x00,
0xb4,0x2b,0x00,0x00,0xc1,0x0b,0x00,0x00,0x0c,0x00,0x07,0x00,0x1a,0x00,0x00,0x00,
0xca,0x2b,0x00,0x00,0x01,0x00,0x00,0x00,0x2a,0x00,0x00,0x00,0x4c,0x01,0x00,0x00,
0xc5,0x2b,0x00,0x00,0x51,0x00,0x05,0x00,0x1a,0x00,0x00,0x00,0xbc,0x2b,0x00,0x00,
0xaf,0x2b,0x00,0x00,0x01,0x00,0x00,0x00,0x0c,0x00,0x07,0x00,0x1a,0x00,0x00,0x00,
0xcf,0x2b,0x00,0x00,0x01,0x00,0x00,0x00,0x27,0x00,0x00,0x00,0xbc,0x2b,0x00,0x00,
0xc9,0x0b,0x00,0x00,0x0c,0x00,0x07,0x00,0x1a,0x00,0x00,0x00,0xd4,0x2b,0x00,0x00,
0x01,0x00,0x00,0x00,0x2a,0x00,0x00,0x00,0x4c,0x01,0x00,0x00,0xcf,0x2b,0x00,0x00,
0x50,0x00,0x05,0x00,0x32,0x00,0x00,0x00,0xef,0x77,0x00,0x00,0xca,0x2b,0x00,0x00,
0xd4,0x2b,0x00,0x00,0x3d,0x00,0x04,0x00,0xb9,0x01,0x00,0x00,0xd7,0x2b,0x00,0x00,
0xbb,0x01,0x00,0x00,0x5f,0x00,0x07,0x00,0x9f,0x00,0x00,0x00,0xd9,0x2b,0x00,0x00,
0xd7,0x2b,0x00,0x00,0xef,0x77,0x00,0x00,0x02,0x00,0x00,0x00,0x4c,0x01,0x00,0x00,
0x51,0x00,0x05,0x00,0x13,0x00,0x00,0x00,0xda,0x2b,0x00,0x00,0xd9,0x2b,0x00,0x00,
0x00,0x00,0x00,0x00,0x3d,0x00,0x04,0x00,0xb9,0x01,0x00,0x00,0xde,0x2b,0x00,0x00,
0xd2,0x01,0x00,0x00,0x5f,0x00,0x07,0x00,0x9f,0x00,0x00,0x00,0xdf,0x2b,0x00,0x00,
0xde,0x2b,0x00,0x00,0xd4,0x01,0x00,0x00,0x02,0x00,0x00,0x00,0x4c,0x01,0x00,0x00,
0x51,0x00,0x05,0x00,0x13,0x00,0x00,0x00,0xe0,0x2b,0x00,0x00,0xdf,0x2b,0x00,0x00,
0x00,0x00,0x00,0x00,0xb4,0x00,0x05,0x00,0x6e,0x00,0x00,0x00,0xe2,0x2b,0x00,0x00,
0xe0,0x2b,0x00,0x00,0xd8,0x01,0x00,0x00,0xf9,0x00,0x02,0x00,0xe4,0x2b,0x00,0x00,
0xf8,0x00,0x02,0x00,0xe4,0x2b,0x00,0x00,0xa9,0x00,0x06,0x00,0x13,0x00,0x00,0x00,
0x2c,0x7c,0x00,0x00,0xe2,0x2b,0x00,0x00,0xdc,0x01,0x00,0x00,0xe0,0x2b,0x00,0x00,
0x85,0x00,0x05,0x00,0x13,0x00,0x00,0x00,0x7f,0x2b,0x00,0x00,0xda,0x2b,0x00,0x00,
0x2c,0x7c,0x00,0x00,0x41,0x00,0x05,0x00,0x14,0x00,0x00,0x00,0x8f,0x69,0x00,0x00,
0x8e,0x69,0x00,0x00,0x88,0x78,0x00,0x00,0x3e,0x00,0x03,0x00,0x8f,0x69,0x00,0x00,
0x7f,0x2b,0x00,0x00,0x3d,0x00,0x04,0x00,0x13,0x00,0x00,0x00,0x84,0x2b,0x00,0x00,
0x8f,0x69,0x00,0x00,0x0c,0x00,0x07,0x00,0x13,0x00,0x00,0x00,0xea,0x2b,0x00,0x00,
0x01,0x00,0x00,0x00,0x1a,0x00,0x00,0x00,0x84,0x2b,0x00,0x00,0xdc,0x01,0x00,0x00,
0x3e,0x00,0x03,0x00,0x8f,0x69,0x00,0x00,0xea,0x2b,0x00,0x00,0x3d,0x00,0x04,0x00,
0x13,0x00,0x00,0x00,0x8a,0x2b,0x00,0x00,0x8f,0x69,0x00,0x00,0x0c,0x00,0x07,0x00,
0x13,0x00,0x00,0x00,0xef,0x2b,0x00,0x00,0x01,0x00,0x00,0x00,0x28,0x00,0x00,0x00,
0x8a,0x2b,0x00,0x00,0x8d,0x03,0x00,0x00,0x3e,0x00,0x03,0x00,0x8f,0x69,0x00,0x00,
0xef,0x2b,0x00,0x00,0xf9,0x00,0x02,0x00,0x8d,0x2b,0x00,0x00,0xf8,0x00,0x02,0x00,
0x8d,0x2b,0x00,0x00,0x80,0x00,0x05,0x00,0x1a,0x00,0x00,0x00,0x8f,0x2b,0x00,0x00,
0x88,0x78,0x00,0x00,0x91,0x01,0x00,0x00,0xf9,0x00,0x02,0x00,0x70,0x2b,0x00,0x00,
0xf8,0x00,0x02,0x00,0x90,0x2b,0x00,0x00,0x3d,0x00,0x04,0x00,0x82,0x00,0x00,0x00,
0x94,0x69,0x00,0x00,0x8e,0x69,0x00,0x00,0x3e,0x00,0x03,0x00,0xf9,0x2b,0x00,0x00,
0xdf,0x03,0x00,0x00,0x81,0x00,0x05,0x00,0x38,0x00,0x00,0x00,0x07,0x2c,0x00,0x00,
0xe7,0x2a,0x00,0x00,0xba,0x0c,0x00,0x00,0x81,0x00,0x05,0x00,0x38,0x00,0x00,0x00,
0x0a,0x2c,0x00,0x00,0x07,0x2c,0x00,0x00,0x35,0x2b,0x00,0x00,0x51,0x00,0x05,0x00,
0x13,0x00,0x00,0x00,0x47,0x2c,0x00,0x00,0x0a,0x2c,0x00,0x00,0x00,0x00,0x00,0x00,
0xbe,0x00,0x05,0x00,0x6e,0x00,0x00,0x00,0x48,0x2c,0x00,0x00,0x47,0x2c,0x00,0x00,
0xd8,0x01,0x00,0x00,0xf7,0x00,0x03,0x00,0x4d,0x2c,0x00,0x00,0x00,0x00,0x00,0x00,
0xfa,0x00,0x04,0x00,0x48,0x2c,0x00,0x00,0x49,0x2c,0x00,0x00,0x4d,0x2c,0x00,0x00,
0xf8,0x00,0x02,0x00,0x49,0x2c,0x00,0x00,0xbc,0x00,0x05,0x00,0x6e,0x00,0x00,0x00,
0x4c,0x2c,0x00,0x00,0x47,0x2c,0x00,0x00,0xdc,0x01,0x00,0x00,0xf9,0x00,0x02,0x00,
0x4d,0x2c,0x00,0x00,0xf8,0x00,0x02,0x00,0x4d,0x2c,0x00,0x00,0xf5,0x00,0x07,0x00,
0x6e,0x00,0x00,0x00,0x4e,0x2c,0x00,0x00,0x48,0x2c,0x00,0x00,0x90,0x2b,0x00,0x00,
0x4c,0x2c,0x00,0x00,0x49,0x2c,0x00,0x00,0xf7,0x00,0x03,0x00,0x59,0x2c,0x00,0x00,
0x00,0x00,0x00,0x00,0xfa,0x00,0x04,0x00,0x4e,0x2c,0x00,0x00,0x4f,0x2c,0x00,0x00,
0x59,0x2c,0x00,0x00,0xf8,0x00,0x02,0x00,0x4f,0x2c,0x00,0x00,0x51,0x00,0x05,0x00,
0x13,0x00,0x00,0x00,0x51,0x2c,0x00,0x00,0x0a,0x2c,0x00,0x00,0x01,0x00,0x00,0x00,
0xbe,0x00,0x05,0x00,0x6e,0x00,0x00,0x00,0x52,0x2c,0x00,0x00,0x51,0x2c,0x00,0x00,
0xd8,0x01,0x00,0x00,0xf7,0x00,0x03,0x00,0x57,0x2c,0x00,0x00,0x00,0x00,0x00,0x00,
0xfa,0x00,0x04,0x00,0x52,0x2c,0x00,0x00,0x53,0x2c,0x00,0x00,0x57,0x2c,0x00,0x00,
0xf8,0x00,0x02,0x00,0x53,0x2c,0x00,0x00,0xbc,0x00,0x05,0x00,0x6e,0x00,0x00,0x00,
0x56,0x2c,0x00,0x00,0x51,0x2c,0x00,0x00,0xdc,0x01,0x00,0x00,0xf9,0x00,0x02,0x00,
0x57,0x2c,0x00,0x00,0xf8,0x00,0x02,0x00,0x57,0x2c,0x00,0x00,0xf5,0x00,0x07,0x00,
0x6e,0x00,0x00,0x00,0x58,0x2c,0x00,0x00,0x52,0x2c,0x00,0x00,0x4f,0x2c,0x00,0x00,
0x56,0x2c,0x00,0x00,0x53,0x2c,0x00,0x00,0xf9,0x00,0x02,0x00,0x59,0x2c,0x00,0x00,
0xf8,0x00,0x02,0x00,0x59,0x2c,0x00,0x00,0xf5,0x00,0x07,0x00,0x6e,0x00,0x00,0x00,
0x5a,0x2c,0x00,0x00,0x4e,0x2c,0x00,0x00,0x4d,0x2c,0x00,0x00,0x58,0x2c,0x00,0x00,
0x57,0x2c,0x00,0x00,0xf7,0x00,0x03,0x00,0x3a,0x2c,0x00,0x00,0x00,0x00,0x00,0x00,
0xfa,0x00,0x04,0x00,0x5a,0x2c,0x00,0x00,0x10,0x2c,0x00,0x00,0x3a,0x2c,0x00,0x00,
0xf8,0x00,0x02,0x00,0x10,0x2c,0x00,0x00,0x85,0x00,0x05,0x00,0x38,0x00,0x00,0x00,
0x14,0x2c,0x00,0x00,0x0a,0x2c,0x00,0x00,0xb9,0x0c,0x00,0x00,0x0c,0x00,0x06,0x00,
0x38,0x00,0x00,0x00,0x15,0x2c,0x00,0x00,0x01,0x00,0x00,0x00,0x08,0x00,0x00,0x00,
0x14,0x2c,0x00,0x00,0x6e,0x00,0x04,0x00,0x32,0x00,0x00,0x00,0x16,0x2c,0x00,0x00,
0x15,0x2c,0x00,0x00,0xf9,0x00,0x02,0x00,0x17,0x2c,0x00,0x00,0xf8,0x00,0x02,0x00,
0x17,0x2c,0x00,0x00,0xf5,0x00,0x07,0x00,0x1a,0x00,0x00,0x00,0x89,0x78,0x00,0x00,
0x4c,0x01,0x00,0x00,0x10,0x2c,0x00,0x00,0x38,0x2c,0x00,0x00,0x36,0x2c,0x00,0x00,
0xb1,0x00,0x05,0x00,0x6e,0x00,0x00,0x00,0x1a,0x2c,0x00,0x00,0x89,0x78,0x00,0x00,
0x7d,0x03,0x00,0x00,0xf6,0x00,0x04,0x00,0x39,0x2c,0x00,0x00,0x36,0x2c,0x00,0x00,
0x00,0x00,0x00,0x00,0xfa,0x00,0x04,0x00,0x1a,0x2c,0x00,0x00,0x1b,0x2c,0x00,0x00,
0x39,0x2c,0x00,0x00,0xf8,0x00,0x02,0x00,0x1b,0x2c,0x00,0x00,0x41,0x00,0x05,0x00,
0x49,0x00,0x00,0x00,0x1f,0x2c,0x00,0x00,0xf9,0x2b,0x00,0x00,0x89,0x78,0x00,0x00,
0x3d,0x00,0x04,0x00,0x32,0x00,0x00,0x00,0x20,0x2c,0x00,0x00,0x1f,0x2c,0x00,0x00,
0x80,0x00,0x05,0x00,0x32,0x00,0x00,0x00,0x70,0x2c,0x00,0x00,0x16,0x2c,0x00,0x00,
0x20,0x2c,0x00,0x00,0x51,0x00,0x05,0x00,0x1a,0x00,0x00,0x00,0x72,0x2c,0x00,0x00,
0xf7,0x0c,0x00,0x00,0x00,0x00,0x00,0x00,0x82,0x00,0x05,0x00,0x1a,0x00,0x00,0x00,
0x73,0x2c,0x00,0x00,0x72,0x2c,0x00,0x00,0x91,0x01,0x00,0x00,0x51,0x00,0x05,0x00,
0x1a,0x00,0x00,0x00,0x75,0x2c,0x00,0x00,0x70,0x2c,0x00,0x00,0x00,0x00,0x00,0x00,
0x0c,0x00,0x07,0x00,0x1a,0x00,0x00,0x00,0x86,0x2c,0x00,0x00,0x01,0x00,0x00,0x00,
0x27,0x00,0x00,0x00,0x75,0x2c,0x00,0x00,0x73,0x2c,0x00,0x00,0x0c,0x00,0x07,0x00,
0x1a,0x00,0x00,0x00,0x8b,0x2c,0x00,0x00,0x01,0x00,0x00,0x00,0x2a,0x00,0x00,0x00,
0x4c,0x01,0x00,0x00,0x86,0x2c,0x00,0x00,0x51,0x00,0x05,0x00,0x1a,0x00,0x00,0x00,
0x7a,0x2c,0x00,0x00,0xf7,0x0c,0x00,0x00,0x01,0x00,0x00,0x00,0x82,0x00,0x05,0x00,
0x1a,0x00,0x00,0x00,0x7b,0x2c,0x00,0x00,0x7a,0x2c,0x00,0x00,0x91,0x01,0x00,0x00,
0x51,0x00,0x05,0x00,0x1a,0x00,0x00,0x00,0x7d,0x2c,0x00,0x00,0x70,0x2c,0x00,0x00,
0x01,0x00,0x00,0x00,0x0c,0x00,0x07,0x00,0x1a,0x00,0x00,0x00,0x90,0x2c,0x00,0x00,
0x01,0x00,0x00,0x00,0x27,0x00,0x00,0x00,0x7d,0x2c,0x00,0x00,0x7b,0x2c,0x00,0x00,
0x0c,0x00,0x07,0x00,0x1a,0x00,0x00,0x00,0x95,0x2c,0x00,0x00,0x01,0x00,0x00,0x00,
0x2a,0x00,0x00,0x00,0x4c,0x01,0x00,0x00,0x90,0x2c,0x00,0x00,0x50,0x00,0x05,0x00,
0x32,0x00,0x00,0x00,0xee,0x77,0x00,0x00,0x8b,0x2c,0x00,0x00,0x95,0x2c,0x00,0x00,
0x3d,0x00,0x04,0x00,0xb9,0x01,0x00,0x00,0x98,0x2c,0x00,0x00,0xc3,0x01,0x00,0x00,
0x5f,0x00,0x07,0x00,0x9f,0x00,0x00,0x00,0x9a,0x2c,0x00,0x00,0x98,0x2c,0x00,0x00,
0xee,0x77,0x00,0x00,0x02,0x00,0x00,0x00,0x4c,0x01,0x00,0x00,0x51,0x00,0x05,0x00,
0x13,0x00,0x00,0x00,0x9b,0x2c,0x00,0x00,0x9a,0x2c,0x00,0x00,0x00,0x00,0x00,0x00,
0x41,0x00,0x05,0x00,0xa2,0x01,0x00,0x00,0x9e,0x2c,0x00,0x00,0x8b,0x01,0x00,0x00,
0xa1,0x01,0x00,0x00,0x3d,0x00,0x04,0x00,0x13,0x00,0x00,0x00,0x9f,0x2c,0x00,0x00,
0x9e,0x2c,0x00,0x00,0x85,0x00,0x05,0x00,0x13,0x00,0x00,0x00,0x26,0x2c,0x00,0x00,
0x9b,0x2c,0x00,0x00,0x9f,0x2c,0x00,0x00,0x3d,0x00,0x04,0x00,0xb9,0x01,0x00,0x00,
0xa3,0x2c,0x00,0x00,0xd2,0x01,0x00,0x00,0x5f,0x00,0x07,0x00,0x9f,0x00,0x00,0x00,
0xa4,0x2c,0x00,0x00,0xa3,0x2c,0x00,0x00,0xd4,0x01,0x00,0x00,0x02,0x00,0x00,0x00,
0x4c,0x01,0x00,0x00,0x51,0x00,0x05,0x00,0x13,0x00,0x00,0x00,0xa5,0x2c,0x00,0x00,
0xa4,0x2c,0x00,0x00,0x00,0x00,0x00,0x00,0xb4,0x00,0x05,0x00,0x6e,0x00,0x00,0x00,
0xa7,0x2c,0x00,0x00,0xa5,0x2c,0x00,0x00,0xd8,0x01,0x00,0x00,0xf9,0x00,0x02,0x00,
0xa9,0x2c,0x00,0x00,0xf8,0x00,0x02,0x00,0xa9,0x2c,0x00,0x00,0xa9,0x00,0x06,0x00,
0x13,0x00,0x00,0x00,0x2d,0x7c,0x00,0x00,0xa7,0x2c,0x00,0x00,0xdc,0x01,0x00,0x00,
0xa5,0x2c,0x00,0x00,0x85,0x00,0x05,0x00,0x13,0x00,0x00,0x00,0x28,0x2c,0x00,0x00,
0x26,0x2c,0x00,0x00,0x2d,0x7c,0x00,0x00,0x41,0x00,0x05,0x00,0x14,0x00,0x00,0x00,
0x16,0x71,0x00,0x00,0x15,0x71,0x00,0x00,0x89,0x78,0x00,0x00,0x3e,0x00,0x03,0x00,
0x16,0x71,0x00,0x00,0x28,0x2c,0x00,0x00,0x3d,0x00,0x04,0x00,0x13,0x00,0x00,0x00,
0x2d,0x2c,0x00,0x00,0x16,0x71,0x00,0x00,0x0c,0x00,0x07,0x00,0x13,0x00,0x00,0x00,
0xaf,0x2c,0x00,0x00,0x01,0x00,0x00,0x00,0x1a,0x00,0x00,0x00,0x2d,0x2c,0x00,0x00,
0xdc,0x01,0x00,0x00,0x3e,0x00,0x03,0x00,0x16,0x71,0x00,0x00,0xaf,0x2c,0x00,0x00,
0x3d,0x00,0x04,0x00,0x13,0x00,0x00,0x00,0x33,0x2c,0x00,0x00,0x16,0x71,0x00,0x00,
0x0c,0x00,0x07,0x00,0x13,0x00,0x00,0x00,0xb4,0x2c,0x00,0x00,0x01,0x00,0x00,0x00,
0x28,0x00,0x00,0x00,0x33,0x2c,0x00,0x00,0x8d,0x03,0x00,0x00,0x3e,0x00,0x03,0x00,
0x16,0x71,0x00,0x00,0xb4,0x2c,0x00,0x00,0xf9,0x00,0x02,0x00,0x36,0x2c,0x00,0x00,
0xf8,0x00,0x02,0x00,0x36,0x2c,0x00,0x00,0x80,0x00,0x05,0x00,0x1a,0x00,0x00,0x00,
0x38,0x2c,0x00,0x00,0x89,0x78,0x00,0x00,0x91,0x01,0x00,0x00,0xf9,0x00,0x02,0x00,
0x17,0x2c,0x00,0x00,0xf8,0x00,0x02,0x00,0x39,0x2c,0x00,0x00,0xf9,0x00,0x02,0x00,
0x3a,0x2c,0x00,0x00,0xf8,0x00,0x02,0x00,0x3a,0x2c,0x00,0x00,0x3d,0x00,0x04,0x00,
0x82,0x00,0x00,0x00,0x1b,0x71,0x00,0x00,0x15,0x71,0x00,0x00,0xf7,0x00,0x03,0x00,
0x52,0x2b,0x00,0x00,0x00,0x00,0x00,0x00,0xfa,0x00,0x04,0x00,0x5a,0x2c,0x00,0x00,
0x4c,0x2b,0x00,0x00,0x52,0x2b,0x00,0x00,0xf8,0x00,0x02,0x00,0x4c,0x2b,0x00,0x00,
0x51,0x00,0x05,0x00,0x13,0x00,0x00,0x00,0xfa,0x70,0x00,0x00,0x94,0x69,0x00,0x00,
0x00,0x00,0x00,0x00,0x51,0x00,0x05,0x00,0x13,0x00,0x00,0x00,0xfb,0x70,0x00,0x00,
0x94,0x69,0x00,0x00,0x01,0x00,0x00,0x00,0x51,0x00,0x05,0x00,0x13,0x00,0x00,0x00,
0xfc,0x70,0x00,0x00,0x94,0x69,0x00,0x00,0x02,0x00,0x00,0x00,0x51,0x00,0x05,0x00,
0x13,0x00,0x00,0x00,0xfd,0x70,0x00,0x00,0x94,0x69,0x00,0x00,0x03,0x00,0x00,0x00,
0x51,0x00,0x05,0x00,0x13,0x00,0x00,0x00,0xfe,0x70,0x00,0x00,0x94,0x69,0x00,0x00,
0x04,0x00,0x00,0x00,0x0c,0x00,0x07,0x00,0x13,0x00,0x00,0x00,0xbc,0x2d,0x00,0x00,
0x01,0x00,0x00,0x00,0x25,0x00,0x00,0x00,0xfa,0x70,0x00,0x00,0xfd,0x70,0x00,0x00,
0x0c,0x00,0x07,0x00,0x13,0x00,0x00,0x00,0xc1,0x2d,0x00,0x00,0x01,0x00,0x00,0x00,
0x28,0x00,0x00,0x00,0xfa,0x70,0x00,0x00,0xfd,0x70,0x00,0x00,0x0c,0x00,0x07,0x00,
0x13,0x00,0x00,0x00,0xc6,0x2d,0x00,0x00,0x01,0x00,0x00,0x00,0x25,0x00,0x00,0x00,
0xfb,0x70,0x00,0x00,0xfe,0x70,0x00,0x00,0x0c,0x00,0x07,0x00,0x13,0x00,0x00,0x00,
0xcb,0x2d,0x00,0x00,0x01,0x00,0x00,0x00,0x28,0x00,0x00,0x00,0xfb,0x70,0x00,0x00,
0xfe,0x70,0x00,0x00,0x0c,0x00,0x07,0x00,0x13,0x00,0x00,0x00,0xd0,0x2d,0x00,0x00,
0x01,0x00,0x00,0x00,0x25,0x00,0x00,0x00,0xbc,0x2d,0x00,0x00,0xfc,0x70,0x00,0x00,
0x0c,0x00,0x07,0x00,0x13,0x00,0x00,0x00,0xd5,0x2d,0x00,0x00,0x01,0x00,0x00,0x00,
0x28,0x00,0x00,0x00,0xbc,0x2d,0x00,0x00,0xfc,0x70,0x00,0x00,0x0c,0x00,0x07,0x00,
0x13,0x00,0x00,0x00,0xda,0x2d,0x00,0x00,0x01,0x00,0x00,0x00,0x25,0x00,0x00,0x00,
0xc6,0x2d,0x00,0x00,0xc1,0x2d,0x00,0x00,0x0c,0x00,0x07,0x00,0x13,0x00,0x00,0x00,
0xdf,0x2d,0x00,0x00,0x01,0x00,0x00,0x00,0x28,0x00,0x00,0x00,0xc6,0x2d,0x00,0x00,
0xc1,0x2d,0x00,0x00,0x0c,0x00,0x07,0x00,0x13,0x00,0x00,0x00,0xe4,0x2d,0x00,0x00,
0x01,0x00,0x00,0x00,0x25,0x00,0x00,0x00,0xd0,0x2d,0x00,0x00,0xda,0x2d,0x00,0x00,
0x0c,0x00,0x07,0x00,0x13,0x00,0x00,0x00,0xe9,0x2d,0x00,0x00,0x01,0x00,0x00,0x00,
0x28,0x00,0x00,0x00,0xd0,0x2d,0x00,0x00,0xda,0x2d,0x00,0x00,0x0c,0x00,0x07,0x00,
0x13,0x00,0x00,0x00,0xee,0x2d,0x00,0x00,0x01,0x00,0x00,0x00,0x25,0x00,0x00,0x00,
0xd5,0x2d,0x00,0x00,0xcb,0x2d,0x00,0x00,0x0c,0x00,0x07,0x00,0x13,0x00,0x00,0x00,
0xf3,0x2d,0x00,0x00,0x01,0x00,0x00,0x00,0x28,0x00,0x00,0x00,0xd5,0x2d,0x00,0x00,
0xcb,0x2d,0x00,0x00,0x0c,0x00,0x07,0x00,0x13,0x00,0x00,0x00,0xf8,0x2d,0x00,0x00,
0x01,0x00,0x00,0x00,0x25,0x00,0x00,0x00,0xe9,0x2d,0x00,0x00,0xee,0x2d,0x00,0x00,
0x0c,0x00,0x07,0x00,0x13,0x00,0x00,0x00,0xfd,0x2d,0x00,0x00,0x01,0x00,0x00,0x00,
0x28,0x00,0x00,0x00,0xe9,0x2d,0x00,0x00,0xee,0x2d,0x00,0x00,0x0c,0x00,0x07,0x00,
0x13,0x00,0x00,0x00,0x02,0x2e,0x00,0x00,0x01,0x00,0x00,0x00,0x25,0x00,0x00,0x00,
0xdf,0x2d,0x00,0x00,0xf3,0x2d,0x00,0x00,0x0c,0x00,0x07,0x00,0x13,0x00,0x00,0x00,
0x07,0x2e,0x00,0x00,0x01,0x00,0x00,0x00,0x28,0x00,0x00,0x00,0xdf,0x2d,0x00,0x00,
0xf3,0x2d,0x00,0x00,0x0c,0x00,0x07,0x00,0x13,0x00,0x00,0x00,0x0c,0x2e,0x00,0x00,
0x01,0x00,0x00,0x00,0x25,0x00,0x00,0x00,0xfd,0x2d,0x00,0x00,0x02,0x2e,0x00,0x00,
0x0c,0x00,0x07,0x00,0x13,0x00,0x00,0x00,0x11,0x2e,0x00,0x00,0x01,0x00,0x00,0x00,
0x28,0x00,0x00,0x00,0xfd,0x2d,0x00,0x00,0x02,0x2e,0x00,0x00,0x50,0x00,0x08,0x00,
0x82,0x00,0x00,0x00,0x04,0x71,0x00,0x00,0xe4,0x2d,0x00,0x00,0xf8,0x2d,0x00,0x00,
0x0c,0x2e,0x00,0x00,0x11,0x2e,0x00,0x00,0x07,0x2e,0x00,0x00,0x3e,0x00,0x03,0x00,
0xa2,0x69,0x00,0x00,0x04,0x71,0x00,0x00,0x51,0x00,0x05,0x00,0x13,0x00,0x00,0x00,
0x0a,0x71,0x00,0x00,0x1b,0x71,0x00,0x00,0x00,0x00,0x00,0x00,0x51,0x00,0x05,0x00,
0x13,0x00,0x00,0x00,0x0b,0x71,0x00,0x00,0x1b,0x71,0x00,0x00,0x01,0x00,0x00,0x00,
0x51,0x00,0x05,0x00,0x13,0x00,0x00,0x00,0x0c,0x71,0x00,0x00,0x1b,0x71,0x00,0x00,
0x02,0x00,0x00,0x00,0x51,0x00,0x05,0x00,0x13,0x00,0x00,0x00,0x0d,0x71,0x00,0x00,
0x1b,0x71,0x00,0x00,0x03,0x00,0x00,0x00,0x51,0x00,0x05,0x00,0x13,0x00,0x00,0x00,
0x0e,0x71,0x00,0x00,0x1b,0x71,0x00,0x00,0x04,0x00,0x00,0x00,0x0c,0x00,0x07,0x00,
0x13,0x00,0x00,0x00,0xb9,0x2e,0x00,0x00,0x01,0x00,0x00,0x00,0x25,0x00,0x00,0x00,
0x0a,0x71,0x00,0x00,0x0d,0x71,0x00,0x00,0x0c,0x00,0x07,0x00,0x13,0x00,0x00,0x00,
0xbe,0x2e,0x00,0x00,0x01,0x00,0x00,0x00,0x28,0x00,0x00,0x00,0x0a,0x71,0x00,0x00,
0x0d,0x71,0x00,0x00,0x0c,0x00,0x07,0x00,0x13,0x00,0x00,0x00,0xc3,0x2e,0x00,0x00,
0x01,0x00,0x00,0x00,0x25,0x00,0x00,0x00,0x0b,0x71,0x00,0x00,0x0e,0x71,0x00,0x00,
0x0c,0x00,0x07,0x00,0x13,0x00,0x00,0x00,0xc8,0x2e,0x00,0x00,0x01,0x00,0x00,0x00,
0x28,0x00,0x00,0x00,0x0b,0x71,0x00,0x00,0x0e,0x71,0x00,0x00,0x0c,0x00,0x07,0x00,
0x13,0x00,0x00,0x00,0xcd,0x2e,0x00,0x00,0x01,0x00,0x00,0x00,0x25,0x00,0x00,0x00,
0xb9,0x2e,0x00,0x00,0x0c,0x71,0x00,0x00,0x0c,0x00,0x07,0x00,0x13,0x00,0x00,0x00,
0xd2,0x2e,0x00,0x00,0x01,0x00,0x00,0x00,0x28,0x00,0x00,0x00,0xb9,0x2e,0x00,0x00,
0x0c,0x71,0x00,0x00,0x0c,0x00,0x07,0x00,0x13,0x00,0x00,0x00,0xd7,0x2e,0x00,0x00,
0x01,0x00,0x00,0x00,0x25,0x00,0x00,0x00,0xc3,0x2e,0x00,0x00,0xbe,0x2e,0x00,0x00,
0x0c,0x00,0x07,0x00,0x13,0x00,0x00,0x00,0xdc,0x2e,0x00,0x00,0x01,0x00,0x00,0x00,
0x28,0x00,0x00,0x00,0xc3,0x2e,0x00,0x00,0xbe,0x2e,0x00,0x00,0x0c,0x00,0x07,0x00,
0x13,0x00,0x00,0x00,0xe1,0x2e,0x00,0x00,0x01,0x00,0x00,0x00,0x25,0x00,0x00,0x00,
0xcd,0x2e,0x00,0x00,0xd7,0x2e,0x00,0x00,0x0c,0x00,0x07,0x00,0x13,0x00,0x00,0x00,
0xe6,0x2e,0x00,0x00,0x01,0x00,0x00,0x00,0x28,0x00,0x00,0x00,0xcd,0x2e,0x00,0x00,
0xd7,0x2e,0x00,0x00,0x0c,0x00,0x07,0x00,0x13,0x00,0x00,0x00,0xeb,0x2e,0x00,0x00,
0x01,0x00,0x00,0x00,0x25,0x00,0x00,0x00,0xd2,0x2e,0x00,0x00,0xc8,0x2e,0x00,0x00,
0x0c,0x00,0x07,0x00,0x13,0x00,0x00,0x00,0xf0,0x2e,0x00,0x00,0x01,0x00,0x00,0x00,
0x28,0x00,0x00,0x00,0xd2,0x2e,0x00,0x00,0xc8,0x2e,0x00,0x00,0x0c,0x00,0x07,0x00,
0x13,0x00,0x00,0x00,0xf5,0x2e,0x00,0x00,0x01,0x00,0x00,0x00,0x25,0x00,0x00,0x00,
0xe6,0x2e,0x00,0x00,0xeb,0x2e,0x00,0x00,0x0c,0x00,0x07,0x00,0x13,0x00,0x00,0x00,
0xfa,0x2e,0x00,0x00,0x01,0x00,0x00,0x00,0x28,0x00,0x00,0x00,0xe6,0x2e,0x00,0x00,
0xeb,0x2e,0x00,0x00,0x0c,0x00,0x07,0x00,0x13,0x00,0x00,0x00,0xff,0x2e,0x00,0x00,
0x01,0x00,0x00,0x00,0x25,0x00,0x00,0x00,0xdc,0x2e,0x00,0x00,0xf0,0x2e,0x00,0x00,
0x0c,0x00,0x07,0x00,0x13,0x00,0x00,0x00,0x04,0x2f,0x00,0x00,0x01,0x00,0x00,0x00,
0x28,0x00,0x00,0x00,0xdc,0x2e,0x00,0x00,0xf0,0x2e,0x00,0x00,0x0c,0x00,0x07,0x00,
0x13,0x00,0x00,0x00,0x09,0x2f,0x00,0x00,0x01,0x00,0x00,0x00,0x25,0x00,0x00,0x00,
0xfa,0x2e,0x00,0x00,0xff,0x2e,0x00,0x00,0x0c,0x00,0x07,0x00,0x13,0x00,0x00,0x00,
0x0e,0x2f,0x00,0x00,0x01,0x00,0x00,0x00,0x28,0x00,0x00,0x00,0xfa,0x2e,0x00,0x00,
0xff,0x2e,0x00,0x00,0x50,0x00,0x08,0x00,0x82,0x00,0x00,0x00,0x14,0x71,0x00,0x00,
0xe1,0x2e,0x00,0x00,0xf5,0x2e,0x00,0x00,0x09,0x2f,0x00,0x00,0x0e,0x2f,0x00,0x00,
0x04,0x2f,0x00,0x00,0x3e,0x00,0x03,0x00,0xac,0x69,0x00,0x00,0x14,0x71,0x00,0x00,
0x41,0x00,0x05,0x00,0x14,0x00,0x00,0x00,0xa7,0x69,0x00,0x00,0xa2,0x69,0x00,0x00,
0xcd,0x02,0x00,0x00,0x3d,0x00,0x04,0x00,0x13,0x00,0x00,0x00,0xc8,0x2c,0x00,0x00,
0xa7,0x69,0x00,0x00,0x41,0x00,0x05,0x00,0x14,0x00,0x00,0x00,0xb1,0x69,0x00,0x00,
0xac,0x69,0x00,0x00,0xcd,0x02,0x00,0x00,0x3d,0x00,0x04,0x00,0x13,0x00,0x00,0x00,
0xca,0x2c,0x00,0x00,0xb1,0x69,0x00,0x00,0x0c,0x00,0x07,0x00,0x13,0x00,0x00,0x00,
0x13,0x2f,0x00,0x00,0x01,0x00,0x00,0x00,0x25,0x00,0x00,0x00,0xc8,0x2c,0x00,0x00,
0xca,0x2c,0x00,0x00,0xba,0x00,0x05,0x00,0x6e,0x00,0x00,0x00,0xcd,0x2c,0x00,0x00,
0x13,0x2f,0x00,0x00,0x72,0x03,0x00,0x00,0xf7,0x00,0x03,0x00,0x0f,0x2d,0x00,0x00,
0x00,0x00,0x00,0x00,0xfa,0x00,0x04,0x00,0xcd,0x2c,0x00,0x00,0xce,0x2c,0x00,0x00,
0x0f,0x2d,0x00,0x00,0xf8,0x00,0x02,0x00,0xce,0x2c,0x00,0x00,0xf9,0x00,0x02,0x00,
0xcf,0x2c,0x00,0x00,0xf8,0x00,0x02,0x00,0xcf,0x2c,0x00,0x00,0xf5,0x00,0x07,0x00,
0x1a,0x00,0x00,0x00,0xcf,0x7a,0x00,0x00,0x4c,0x01,0x00,0x00,0xce,0x2c,0x00,0x00,
0x0f,0x7c,0x00,0x00,0x0b,0x2d,0x00,0x00,0xf5,0x00,0x07,0x00,0x1a,0x00,0x00,0x00,
0xce,0x7a,0x00,0x00,0x4c,0x01,0x00,0x00,0xce,0x2c,0x00,0x00,0x0e,0x7c,0x00,0x00,
0x0b,0x2d,0x00,0x00,0xf5,0x00,0x07,0x00,0x13,0x00,0x00,0x00,0x8b,0x78,0x00,0x00,
0x5e,0x03,0x00,0x00,0xce,0x2c,0x00,0x00,0x53,0x7b,0x00,0x00,0x0b,0x2d,0x00,0x00,
0xf5,0x00,0x07,0x00,0x1a,0x00,0x00,0x00,0x8a,0x78,0x00,0x00,0x4c,0x01,0x00,0x00,
0xce,0x2c,0x00,0x00,0x0d,0x2d,0x00,0x00,0x0b,0x2d,0x00,0x00,0xb1,0x00,0x05,0x00,
0x6e,0x00,0x00,0x00,0xd2,0x2c,0x00,0x00,0x8a,0x78,0x00,0x00,0x7d,0x03,0x00,0x00,
0xb8,0x00,0x05,0x00,0x6e,0x00,0x00,0x00,0xd4,0x2c,0x00,0x00,0x8b,0x78,0x00,0x00,
0x80,0x03,0x00,0x00,0xa7,0x00,0x05,0x00,0x6e,0x00,0x00,0x00,0xd5,0x2c,0x00,0x00,
0xd2,0x2c,0x00,0x00,0xd4,0x2c,0x00,0x00,0xf6,0x00,0x04,0x00,0x0e,0x2d,0x00,0x00,
0x0b,0x2d,0x00,0x00,0x00,0x00,0x00,0x00,0xfa,0x00,0x04,0x00,0xd5,0x2c,0x00,0x00,
0xd6,0x2c,0x00,0x00,0x0e,0x2d,0x00,0x00,0xf8,0x00,0x02,0x00,0xd6,0x2c,0x00,0x00,
0x41,0x00,0x05,0x00,0x14,0x00,0x00,0x00,0xa8,0x69,0x00,0x00,0xa2,0x69,0x00,0x00,
0xce,0x7a,0x00,0x00,0x3d,0x00,0x04,0x00,0x13,0x00,0x00,0x00,0xd9,0x2c,0x00,0x00,
0xa8,0x69,0x00,0x00,0x41,0x00,0x05,0x00,0x14,0x00,0x00,0x00,0xb2,0x69,0x00,0x00,
0xac,0x69,0x00,0x00,0xcf,0x7a,0x00,0x00,0x3d,0x00,0x04,0x00,0x13,0x00,0x00,0x00,
0xdc,0x2c,0x00,0x00,0xb2,0x69,0x00,0x00,0x83,0x00,0x05,0x00,0x13,0x00,0x00,0x00,
0xdd,0x2c,0x00,0x00,0xd9,0x2c,0x00,0x00,0xdc,0x2c,0x00,0x00,0x0c,0x00,0x06,0x00,
0x13,0x00,0x00,0x00,0xdf,0x2c,0x00,0x00,0x01,0x00,0x00,0x00,0x04,0x00,0x00,0x00,
0xdd,0x2c,0x00,0x00,0xba,0x00,0x05,0x00,0x6e,0x00,0x00,0x00,0xe0,0x2c,0x00,0x00,
0xdf,0x2c,0x00,0x00,0x8d,0x03,0x00,0x00,0xf7,0x00,0x03,0x00,0x0a,0x2d,0x00,0x00,
0x00,0x00,0x00,0x00,0xfa,0x00,0x04,0x00,0xe0,0x2c,0x00,0x00,0xe1,0x2c,0x00,0x00,
0x09,0x2d,0x00,0x00,0xf8,0x00,0x02,0x00,0x09,0x2d,0x00,0x00,0xf9,0x00,0x02,0x00,
0x0a,0x2d,0x00,0x00,0xf8,0x00,0x02,0x00,0xe1,0x2c,0x00,0x00,0x0c,0x00,0x06,0x00,
0x13,0x00,0x00,0x00,0xe3,0x2c,0x00,0x00,0x01,0x00,0x00,0x00,0x06,0x00,0x00,0x00,
0xdd,0x2c,0x00,0x00,0x3d,0x00,0x04,0x00,0x13,0x00,0x00,0x00,0xe6,0x2c,0x00,0x00,
0xa8,0x69,0x00,0x00,0x3d,0x00,0x04,0x00,0x13,0x00,0x00,0x00,0xe9,0x2c,0x00,0x00,
0xb2,0x69,0x00,0x00,0x0c,0x00,0x07,0x00,0x13,0x00,0x00,0x00,0x2a,0x2f,0x00,0x00,
0x01,0x00,0x00,0x00,0x28,0x00,0x00,0x00,0xe6,0x2c,0x00,0x00,0xe9,0x2c,0x00,0x00,
0xb7,0x00,0x05,0x00,0x6e,0x00,0x00,0x00,0x1e,0x2f,0x00,0x00,0x2a,0x2f,0x00,0x00,
0xd8,0x01,0x00,0x00,0xf7,0x00,0x03,0x00,0x24,0x2f,0x00,0x00,0x00,0x00,0x00,0x00,
0xfa,0x00,0x04,0x00,0x1e,0x2f,0x00,0x00,0x1f,0x2f,0x00,0x00,0x23,0x2f,0x00,0x00,
0xf8,0x00,0x02,0x00,0x23,0x2f,0x00,0x00,0xf9,0x00,0x02,0x00,0x24,0x2f,0x00,0x00,
0xf8,0x00,0x02,0x00,0x1f,0x2f,0x00,0x00,0x0c,0x00,0x07,0x00,0x13,0x00,0x00,0x00,
0x2f,0x2f,0x00,0x00,0x01,0x00,0x00,0x00,0x25,0x00,0x00,0x00,0xe6,0x2c,0x00,0x00,
0xe9,0x2c,0x00,0x00,0x88,0x00,0x05,0x00,0x13,0x00,0x00,0x00,0x22,0x2f,0x00,0x00,
0x2f,0x2f,0x00,0x00,0x2a,0x2f,0x00,0x00,0xf9,0x00,0x02,0x00,0x24,0x2f,0x00,0x00,
0xf8,0x00,0x02,0x00,0x24,0x2f,0x00,0x00,0xf5,0x00,0x07,0x00,0x13,0x00,0x00,0x00,
0xd0,0x7a,0x00,0x00,0xd8,0x01,0x00,0x00,0x23,0x2f,0x00,0x00,0x22,0x2f,0x00,0x00,
0x1f,0x2f,0x00,0x00,0x83,0x00,0x05,0x00,0x13,0x00,0x00,0x00,0xeb,0x2c,0x00,0x00,
0xdc,0x01,0x00,0x00,0xd0,0x7a,0x00,0x00,0x85,0x00,0x05,0x00,0x13,0x00,0x00,0x00,
0xec,0x2c,0x00,0x00,0xe3,0x2c,0x00,0x00,0xeb,0x2c,0x00,0x00,0x0c,0x00,0x06,0x00,
0x13,0x00,0x00,0x00,0xee,0x2c,0x00,0x00,0x01,0x00,0x00,0x00,0x04,0x00,0x00,0x00,
0xec,0x2c,0x00,0x00,0x0c,0x00,0x06,0x00,0x13,0x00,0x00,0x00,0xf0,0x2c,0x00,0x00,
0x01,0x00,0x00,0x00,0x04,0x00,0x00,0x00,0x8b,0x78,0x00,0x00,0xb8,0x00,0x05,0x00,
0x6e,0x00,0x00,0x00,0xf1,0x2c,0x00,0x00,0xee,0x2c,0x00,0x00,0xf0,0x2c,0x00,0x00,
0xa9,0x00,0x06,0x00,0x13,0x00,0x00,0x00,0xf4,0x2c,0x00,0x00,0xf1,0x2c,0x00,0x00,
0xec,0x2c,0x00,0x00,0x8b,0x78,0x00,0x00,0x3d,0x00,0x04,0x00,0x13,0x00,0x00,0x00,
0xf7,0x2c,0x00,0x00,0xa8,0x69,0x00,0x00,0x3d,0x00,0x04,0x00,0x13,0x00,0x00,0x00,
0xfa,0x2c,0x00,0x00,0xb2,0x69,0x00,0x00,0xb8,0x00,0x05,0x00,0x6e,0x00,0x00,0x00,
0xfb,0x2c,0x00,0x00,0xf7,0x2c,0x00,0x00,0xfa,0x2c,0x00,0x00,0xa9,0x00,0x06,0x00,
0x1a,0x00,0x00,0x00,0xfc,0x2c,0x00,0x00,0xfb,0x2c,0x00,0x00,0x91,0x01,0x00,0x00,
0x4c,0x01,0x00,0x00,0x80,0x00,0x05,0x00,0x1a,0x00,0x00,0x00,0xfe,0x2c,0x00,0x00,
0xce,0x7a,0x00,0x00,0xfc,0x2c,0x00,0x00,0x41,0x00,0x05,0x00,0x14,0x00,0x00,0x00,
0xab,0x69,0x00,0x00,0xa2,0x69,0x00,0x00,0xfe,0x2c,0x00,0x00,0x3d,0x00,0x04,0x00,
0x13,0x00,0x00,0x00,0x01,0x2d,0x00,0x00,0xab,0x69,0x00,0x00,0x3d,0x00,0x04,0x00,
0x13,0x00,0x00,0x00,0x04,0x2d,0x00,0x00,0xb2,0x69,0x00,0x00,0xbe,0x00,0x05,0x00,
0x6e,0x00,0x00,0x00,0x05,0x2d,0x00,0x00,0x01,0x2d,0x00,0x00,0x04,0x2d,0x00,0x00,
0xa9,0x00,0x06,0x00,0x1a,0x00,0x00,0x00,0x06,0x2d,0x00,0x00,0x05,0x2d,0x00,0x00,
0x91,0x01,0x00,0x00,0x4c,0x01,0x00,0x00,0x80,0x00,0x05,0x00,0x1a,0x00,0x00,0x00,
0x08,0x2d,0x00,0x00,0xcf,0x7a,0x00,0x00,0x06,0x2d,0x00,0x00,0xf9,0x00,0x02,0x00,
0x0a,0x2d,0x00,0x00,0xf8,0x00,0x02,0x00,0x0a,0x2d,0x00,0x00,0xf5,0x00,0x07,0x00,
0x1a,0x00,0x00,0x00,0x0f,0x7c,0x00,0x00,0xcf,0x7a,0x00,0x00,0x09,0x2d,0x00,0x00,
0x08,0x2d,0x00,0x00,0x24,0x2f,0x00,0x00,0xf5,0x00,0x07,0x00,0x1a,0x00,0x00,0x00,
0x0e,0x7c,0x00,0x00,0xce,0x7a,0x00,0x00,0x09,0x2d,0x00,0x00,0xfe,0x2c,0x00,0x00,
0x24,0x2f,0x00,0x00,0xf5,0x00,0x07,0x00,0x13,0x00,0x00,0x00,0x53,0x7b,0x00,0x00,
0x80,0x03,0x00,0x00,0x09,0x2d,0x00,0x00,0xf4,0x2c,0x00,0x00,0x24,0x2f,0x00,0x00,
0xf9,0x00,0x02,0x00,0x0b,0x2d,0x00,0x00,0xf8,0x00,0x02,0x00,0x0b,0x2d,0x00,0x00,
0x80,0x00,0x05,0x00,0x1a,0x00,0x00,0x00,0x0d,0x2d,0x00,0x00,0x8a,0x78,0x00,0x00,
0x91,0x01,0x00,0x00,0xf9,0x00,0x02,0x00,0xcf,0x2c,0x00,0x00,0xf8,0x00,0x02,0x00,
0x0e,0x2d,0x00,0x00,0xf9,0x00,0x02,0x00,0x0f,0x2d,0x00,0x00,0xf8,0x00,0x02,0x00,
0x0f,0x2d,0x00,0x00,0xf5,0x00,0x07,0x00,0x13,0x00,0x00,0x00,0x8c,0x78,0x00,0x00,
0x5e,0x03,0x00,0x00,0x4c,0x2b,0x00,0x00,0x8b,0x78,0x00,0x00,0x0e,0x2d,0x00,0x00,
0xb8,0x00,0x05,0x00,0x6e,0x00,0x00,0x00,0x12,0x2d,0x00,0x00,0x8c,0x78,0x00,0x00,
0x5e,0x03,0x00,0x00,0xa9,0x00,0x06,0x00,0x13,0x00,0x00,0x00,0x13,0x2d,0x00,0x00,
0x12,0x2d,0x00,0x00,0xdc,0x01,0x00,0x00,0xd8,0x01,0x00,0x00,0x85,0x00,0x05,0x00,
0x13,0x00,0x00,0x00,0x14,0x2d,0x00,0x00,0x8c,0x78,0x00,0x00,0x13,0x2d,0x00,0x00,
0xf9,0x00,0x02,0x00,0x52,0x2b,0x00,0x00,0xf8,0x00,0x02,0x00,0x52,0x2b,0x00,0x00,
0xf5,0x00,0x07,0x00,0x13,0x00,0x00,0x00,0x8d,0x78,0x00,0x00,0xd8,0x01,0x00,0x00,
0x3a,0x2c,0x00,0x00,0x14,0x2d,0x00,0x00,0x0f,0x2d,0x00,0x00,0x52,0x00,0x06,0x00,
0x9f,0x00,0x00,0x00,0x83,0x76,0x00,0x00,0x8d,0x78,0x00,0x00,0x8e,0x04,0x00,0x00,
0x00,0x00,0x00,0x00,0xb7,0x00,0x05,0x00,0x6e,0x00,0x00,0x00,0xef,0x2a,0x00,0x00,
0x8d,0x78,0x00,0x00,0xd8,0x01,0x00,0x00,0xf7,0x00,0x03,0x00,0xf4,0x2a,0x00,0x00,
0x00,0x00,0x00,0x00,0xfa,0x00,0x04,0x00,0xef,0x2a,0x00,0x00,0xf0,0x2a,0x00,0x00,
0xf3,0x2a,0x00,0x00,0xf8,0x00,0x02,0x00,0xf3,0x2a,0x00,0x00,0xf9,0x00,0x02,0x00,
0xf4,0x2a,0x00,0x00,0xf8,0x00,0x02,0x00,0xf0,0x2a,0x00,0x00,0x0c,0x00,0x06,0x00,
0x13,0x00,0x00,0x00,0xf2,0x2a,0x00,0x00,0x01,0x00,0x00,0x00,0x06,0x00,0x00,0x00,
0x8d,0x78,0x00,0x00,0xf9,0x00,0x02,0x00,0xf4,0x2a,0x00,0x00,0xf8,0x00,0x02,0x00,
0xf4,0x2a,0x00,0x00,0xf5,0x00,0x07,0x00,0x13,0x00,0x00,0x00,0x94,0x78,0x00,0x00,
0xd8,0x01,0x00,0x00,0xf3,0x2a,0x00,0x00,0xf2,0x2a,0x00,0x00,0xf0,0x2a,0x00,0x00,
0x52,0x00,0x06,0x00,0x9f,0x00,0x00,0x00,0x85,0x76,0x00,0x00,0x94,0x78,0x00,0x00,
0x83,0x76,0x00,0x00,0x01,0x00,0x00,0x00,0x52,0x00,0x06,0x00,0x9f,0x00,0x00,0x00,
0x87,0x76,0x00,0x00,0xdc,0x01,0x00,0x00,0x85,0x76,0x00,0x00,0x02,0x00,0x00,0x00,
0x81,0x00,0x05,0x00,0x9f,0x00,0x00,0x00,0x34,0x2f,0x00,0x00,0x21,0x76,0x00,0x00,
0x43,0x76,0x00,0x00,0x81,0x00,0x05,0x00,0x9f,0x00,0x00,0x00,0x36,0x2f,0x00,0x00,
0x34,0x2f,0x00,0x00,0x65,0x76,0x00,0x00,0x81,0x00,0x05,0x00,0x9f,0x00,0x00,0x00,
0x38,0x2f,0x00,0x00,0x36,0x2f,0x00,0x00,0x87,0x76,0x00,0x00,0x8e,0x00,0x05,0x00,
0x9f,0x00,0x00,0x00,0x39,0x2f,0x00,0x00,0x38,0x2f,0x00,0x00,0xaf,0x04,0x00,0x00,
0x3d,0x00,0x04,0x00,0xe4,0x01,0x00,0x00,0x4b,0x2f,0x00,0x00,0xe6,0x01,0x00,0x00,
0x51,0x00,0x05,0x00,0x13,0x00,0x00,0x00,0x4e,0x2f,0x00,0x00,0x39,0x2f,0x00,0x00,
0x00,0x00,0x00,0x00,0x51,0x00,0x05,0x00,0x13,0x00,0x00,0x00,0x4f,0x2f,0x00,0x00,
0x39,0x2f,0x00,0x00,0x01,0x00,0x00,0x00,0x50,0x00,0x07,0x00,0x9f,0x00,0x00,0x00,
0x50,0x2f,0x00,0x00,0x4e,0x2f,0x00,0x00,0x4f,0x2f,0x00,0x00,0xd8,0x01,0x00,0x00,
0xd8,0x01,0x00,0x00,0x63,0x00,0x04,0x00,0x4b,0x2f,0x00,0x00,0x75,0x0a,0x00,0x00,
0x50,0x2f,0x00,0x00,0x80,0x00,0x05,0x00,0x06,0x00,0x00,0x00,0x89,0x0a,0x00,0x00,
0x46,0x0a,0x00,0x00,0x9f,0x05,0x00,0x00,0x7c,0x00,0x04,0x00,0x1a,0x00,0x00,0x00,
0x8a,0x0a,0x00,0x00,0x89,0x0a,0x00,0x00,0x50,0x00,0x05,0x00,0x32,0x00,0x00,0x00,
0x8b,0x0a,0x00,0x00,0x44,0x0a,0x00,0x00,0x8a,0x0a,0x00,0x00,0x80,0x00,0x05,0x00,
0x32,0x00,0x00,0x00,0x8c,0x0a,0x00,0x00,0x41,0x0a,0x00,0x00,0x8b,0x0a,0x00,0x00,
0x80,0x00,0x05,0x00,0x06,0x00,0x00,0x00,0x94,0x0a,0x00,0x00,0x8a,0x09,0x00,0x00,
0xbf,0x04,0x00,0x00,0x7c,0x00,0x04,0x00,0x1a,0x00,0x00,0x00,0x95,0x0a,0x00,0x00,
0x94,0x0a,0x00,0x00,0x50,0x00,0x05,0x00,0x32,0x00,0x00,0x00,0x96,0x0a,0x00,0x00,
0x4f,0x0a,0x00,0x00,0x95,0x0a,0x00,0x00,0x80,0x00,0x05,0x00,0x32,0x00,0x00,0x00,
0x97,0x0a,0x00,0x00,0x4d,0x0a,0x00,0x00,0x96,0x0a,0x00,0x00,0x7c,0x00,0x04,0x00,
0x2d,0x00,0x00,0x00,0x99,0x0a,0x00,0x00,0x8c,0x0a,0x00,0x00,0x80,0x00,0x05,0x00,
0x2d,0x00,0x00,0x00,0x8e,0x2f,0x00,0x00,0x99,0x0a,0x00,0x00,0x42,0x05,0x00,0x00,
0x80,0x00,0x05,0x00,0x2d,0x00,0x00,0x00,0x90,0x2f,0x00,0x00,0x99,0x0a,0x00,0x00,
0x45,0x05,0x00,0x00,0x80,0x00,0x05,0x00,0x2d,0x00,0x00,0x00,0x92,0x2f,0x00,0x00,
0x99,0x0a,0x00,0x00,0x48,0x05,0x00,0x00,0x7c,0x00,0x04,0x00,0x32,0x00,0x00,0x00,
0xa8,0x2f,0x00,0x00,0x99,0x0a,0x00,0x00,0x6f,0x00,0x04,0x00,0x38,0x00,0x00,0x00,
0xa9,0x2f,0x00,0x00,0xa8,0x2f,0x00,0x00,0x6e,0x00,0x04,0x00,0x32,0x00,0x00,0x00,
0xd0,0x2f,0x00,0x00,0xa9,0x2f,0x00,0x00,0x51,0x00,0x05,0x00,0x1a,0x00,0x00,0x00,
0x03,0x30,0x00,0x00,0xd0,0x2f,0x00,0x00,0x00,0x00,0x00,0x00,0x0c,0x00,0x07,0x00,
0x1a,0x00,0x00,0x00,0x14,0x30,0x00,0x00,0x01,0x00,0x00,0x00,0x27,0x00,0x00,0x00,
0x03,0x30,0x00,0x00,0xc1,0x0b,0x00,0x00,0x0c,0x00,0x07,0x00,0x1a,0x00,0x00,0x00,
0x19,0x30,0x00,0x00,0x01,0x00,0x00,0x00,0x2a,0x00,0x00,0x00,0x4c,0x01,0x00,0x00,
0x14,0x30,0x00,0x00,0x51,0x00,0x05,0x00,0x1a,0x00,0x00,0x00,0x0b,0x30,0x00,0x00,
0xd0,0x2f,0x00,0x00,0x01,0x00,0x00,0x00,0x0c,0x00,0x07,0x00,0x1a,0x00,0x00,0x00,
0x1e,0x30,0x00,0x00,0x01,0x00,0x00,0x00,0x27,0x00,0x00,0x00,0x0b,0x30,0x00,0x00,
0xc9,0x0b,0x00,0x00,0x0c,0x00,0x07,0x00,0x1a,0x00,0x00,0x00,0x23,0x30,0x00,0x00,
0x01,0x00,0x00,0x00,0x2a,0x00,0x00,0x00,0x4c,0x01,0x00,0x00,0x1e,0x30,0x00,0x00,
0x50,0x00,0x05,0x00,0x32,0x00,0x00,0x00,0xcf,0x77,0x00,0x00,0x19,0x30,0x00,0x00,
0x23,0x30,0x00,0x00,0x3d,0x00,0x04,0x00,0xb9,0x01,0x00,0x00,0x26,0x30,0x00,0x00,
0xca,0x01,0x00,0x00,0x5f,0x00,0x07,0x00,0x9f,0x00,0x00,0x00,0x28,0x30,0x00,0x00,
0x26,0x30,0x00,0x00,0xcf,0x77,0x00,0x00,0x02,0x00,0x00,0x00,0x4c,0x01,0x00,0x00,
0x4f,0x00,0x07,0x00,0x38,0x00,0x00,0x00,0x29,0x30,0x00,0x00,0x28,0x30,0x00,0x00,
0x28,0x30,0x00,0x00,0x00,0x00,0x00,0x00,0x01,0x00,0x00,0x00,0x6f,0x00,0x04,0x00,
0x38,0x00,0x00,0x00,0xd6,0x2f,0x00,0x00,0xcf,0x77,0x00,0x00,0x81,0x00,0x05,0x00,
0x38,0x00,0x00,0x00,0xd8,0x2f,0x00,0x00,0xd6,0x2f,0x00,0x00,0xc7,0x77,0x00,0x00,
0x88,0x00,0x05,0x00,0x38,0x00,0x00,0x00,0xdb,0x2f,0x00,0x00,0xd8,0x2f,0x00,0x00,
0x9a,0x0b,0x00,0x00,0x3e,0x00,0x03,0x00,0x4e,0x30,0x00,0x00,0xdf,0x03,0x00,0x00,
0x81,0x00,0x05,0x00,0x38,0x00,0x00,0x00,0x5d,0x30,0x00,0x00,0xdb,0x2f,0x00,0x00,
0x1c,0x0c,0x00,0x00,0x85,0x00,0x05,0x00,0x38,0x00,0x00,0x00,0x61,0x30,0x00,0x00,
0x5d,0x30,0x00,0x00,0x9a,0x0b,0x00,0x00,0x0c,0x00,0x06,0x00,0x38,0x00,0x00,0x00,
0x62,0x30,0x00,0x00,0x01,0x00,0x00,0x00,0x08,0x00,0x00,0x00,0x61,0x30,0x00,0x00,
0x6e,0x00,0x04,0x00,0x32,0x00,0x00,0x00,0x63,0x30,0x00,0x00,0x62,0x30,0x00,0x00,
0xf9,0x00,0x02,0x00,0x64,0x30,0x00,0x00,0xf8,0x00,0x02,0x00,0x64,0x30,0x00,0x00,
0xf5,0x00,0x07,0x00,0x1a,0x00,0x00,0x00,0xbe,0x78,0x00,0x00,0x4c,0x01,0x00,0x00,
0xf4,0x2a,0x00,0x00,0x83,0x30,0x00,0x00,0x81,0x30,0x00,0x00,0xb1,0x00,0x05,0x00,
0x6e,0x00,0x00,0x00,0x67,0x30,0x00,0x00,0xbe,0x78,0x00,0x00,0x7d,0x03,0x00,0x00,
0xf6,0x00,0x04,0x00,0x84,0x30,0x00,0x00,0x81,0x30,0x00,0x00,0x00,0x00,0x00,0x00,
0xfa,0x00,0x04,0x00,0x67,0x30,0x00,0x00,0x68,0x30,0x00,0x00,0x84,0x30,0x00,0x00,
0xf8,0x00,0x02,0x00,0x68,0x30,0x00,0x00,0x41,0x00,0x05,0x00,0x49,0x00,0x00,0x00,
0x6c,0x30,0x00,0x00,0x4e,0x30,0x00,0x00,0xbe,0x78,0x00,0x00,0x3d,0x00,0x04,0x00,
0x32,0x00,0x00,0x00,0x6d,0x30,0x00,0x00,0x6c,0x30,0x00,0x00,0x80,0x00,0x05,0x00,
0x32,0x00,0x00,0x00,0xa3,0x30,0x00,0x00,0x63,0x30,0x00,0x00,0x6d,0x30,0x00,0x00,
0x51,0x00,0x05,0x00,0x1a,0x00,0x00,0x00,0xa8,0x30,0x00,0x00,0xa3,0x30,0x00,0x00,
0x00,0x00,0x00,0x00,0x0c,0x00,0x07,0x00,0x1a,0x00,0x00,0x00,0xb9,0x30,0x00,0x00,
0x01,0x00,0x00,0x00,0x27,0x00,0x00,0x00,0xa8,0x30,0x00,0x00,0xc1,0x0b,0x00,0x00,
0x0c,0x00,0x07,0x00,0x1a,0x00,0x00,0x00,0xbe,0x30,0x00,0x00,0x01,0x00,0x00,0x00,
0x2a,0x00,0x00,0x00,0x4c,0x01,0x00,0x00,0xb9,0x30,0x00,0x00,0x51,0x00,0x05,0x00,
0x1a,0x00,0x00,0x00,0xb0,0x30,0x00,0x00,0xa3,0x30,0x00,0x00,0x01,0x00,0x00,0x00,
0x0c,0x00,0x07,0x00,0x1a,0x00,0x00,0x00,0xc3,0x30,0x00,0x00,0x01,0x00,0x00,0x00,
0x27,0x00,0x00,0x00,0xb0,0x30,0x00,0x00,0xc9,0x0b,0x00,0x00,0x0c,0x00,0x07,0x00,
0x1a,0x00,0x00,0x00,0xc8,0x30,0x00,0x00,0x01,0x00,0x00,0x00,0x2a,0x00,0x00,0x00,
0x4c,0x01,0x00,0x00,0xc3,0x30,0x00,0x00,0x50,0x00,0x05,0x00,0x32,0x00,0x00,0x00,
0xed,0x77,0x00,0x00,0xbe,0x30,0x00,0x00,0xc8,0x30,0x00,0x00,0x3d,0x00,0x04,0x00,
0xb9,0x01,0x00,0x00,0xcb,0x30,0x00,0x00,0xbb,0x01,0x00,0x00,0x5f,0x00,0x07,0x00,
0x9f,0x00,0x00,0x00,0xcd,0x30,0x00,0x00,0xcb,0x30,0x00,0x00,0xed,0x77,0x00,0x00,
0x02,0x00,0x00,0x00,0x4c,0x01,0x00,0x00,0x51,0x00,0x05,0x00,0x13,0x00,0x00,0x00,
0xce,0x30,0x00,0x00,0xcd,0x30,0x00,0x00,0x00,0x00,0x00,0x00,0x3d,0x00,0x04,0x00,
0xb9,0x01,0x00,0x00,0xd2,0x30,0x00,0x00,0xd2,0x01,0x00,0x00,0x5f,0x00,0x07,0x00,
0x9f,0x00,0x00,0x00,0xd3,0x30,0x00,0x00,0xd2,0x30,0x00,0x00,0xd4,0x01,0x00,0x00,
0x02,0x00,0x00,0x00,0x4c,0x01,0x00,0x00,0x51,0x00,0x05,0x00,0x13,0x00,0x00,0x00,
0xd4,0x30,0x00,0x00,0xd3,0x30,0x00,0x00,0x00,0x00,0x00,0x00,0xb4,0x00,0x05,0x00,
0x6e,0x00,0x00,0x00,0xd6,0x30,0x00,0x00,0xd4,0x30,0x00,0x00,0xd8,0x01,0x00,0x00,
0xf9,0x00,0x02,0x00,0xd8,0x30,0x00,0x00,0xf8,0x00,0x02,0x00,0xd8,0x30,0x00,0x00,
0xa9,0x00,0x06,0x00,0x13,0x00,0x00,0x00,0x2e,0x7c,0x00,0x00,0xd6,0x30,0x00,0x00,
0xdc,0x01,0x00,0x00,0xd4,0x30,0x00,0x00,0x85,0x00,0x05,0x00,0x13,0x00,0x00,0x00,
0x73,0x30,0x00,0x00,0xce,0x30,0x00,0x00,0x2e,0x7c,0x00,0x00,0x41,0x00,0x05,0x00,
0x14,0x00,0x00,0x00,0xe2,0x68,0x00,0x00,0xe1,0x68,0x00,0x00,0xbe,0x78,0x00,0x00,
0x3e,0x00,0x03,0x00,0xe2,0x68,0x00,0x00,0x73,0x30,0x00,0x00,0x3d,0x00,0x04,0x00,
0x13,0x00,0x00,0x00,0x78,0x30,0x00,0x00,0xe2,0x68,0x00,0x00,0x0c,0x00,0x07,0x00,
0x13,0x00,0x00,0x00,0xde,0x30,0x00,0x00,0x01,0x00,0x00,0x00,0x1a,0x00,0x00,0x00,
0x78,0x30,0x00,0x00,0xdc,0x01,0x00,0x00,0x3e,0x00,0x03,0x00,0xe2,0x68,0x00,0x00,
0xde,0x30,0x00,0x00,0x3d,0x00,0x04,0x00,0x13,0x00,0x00,0x00,0x7e,0x30,0x00,0x00,
0xe2,0x68,0x00,0x00,0x0c,0x00,0x07,0x00,0x13,0x00,0x00,0x00,0xe3,0x30,0x00,0x00,
0x01,0x00,0x00,0x00,0x28,0x00,0x00,0x00,0x7e,0x30,0x00,0x00,0x8d,0x03,0x00,0x00,
0x3e,0x00,0x03,0x00,0xe2,0x68,0x00,0x00,0xe3,0x30,0x00,0x00,0xf9,0x00,0x02,0x00,
0x81,0x30,0x00,0x00,0xf8,0x00,0x02,0x00,0x81,0x30,0x00,0x00,0x80,0x00,0x05,0x00,
0x1a,0x00,0x00,0x00,0x83,0x30,0x00,0x00,0xbe,0x78,0x00,0x00,0x91,0x01,0x00,0x00,
0xf9,0x00,0x02,0x00,0x64,0x30,0x00,0x00,0xf8,0x00,0x02,0x00,0x84,0x30,0x00,0x00,
0x3d,0x00,0x04,0x00,0x82,0x00,0x00,0x00,0xe7,0x68,0x00,0x00,0xe1,0x68,0x00,0x00,
0x3e,0x00,0x03,0x00,0xed,0x30,0x00,0x00,0xdf,0x03,0x00,0x00,0x81,0x00,0x05,0x00,
0x38,0x00,0x00,0x00,0xfb,0x30,0x00,0x00,0xdb,0x2f,0x00,0x00,0xba,0x0c,0x00,0x00,
0x81,0x00,0x05,0x00,0x38,0x00,0x00,0x00,0xfe,0x30,0x00,0x00,0xfb,0x30,0x00,0x00,
0x29,0x30,0x00,0x00,0x51,0x00,0x05,0x00,0x13,0x00,0x00,0x00,0x3b,0x31,0x00,0x00,
0xfe,0x30,0x00,0x00,0x00,0x00,0x00,0x00,0xbe,0x00,0x05,0x00,0x6e,0x00,0x00,0x00,
0x3c,0x31,0x00,0x00,0x3b,0x31,0x00,0x00,0xd8,0x01,0x00,0x00,0xf7,0x00,0x03,0x00,
0x41,0x31,0x00,0x00,0x00,0x00,0x00,0x00,0xfa,0x00,0x04,0x00,0x3c,0x31,0x00,0x00,
0x3d,0x31,0x00,0x00,0x41,0x31,0x00,0x00,0xf8,0x00,0x02,0x00,0x3d,0x31,0x00,0x00,
0xbc,0x00,0x05,0x00,0x6e,0x00,0x00,0x00,0x40,0x31,0x00,0x00,0x3b,0x31,0x00,0x00,
0xdc,0x01,0x00,0x00,0xf9,0x00,0x02,0x00,0x41,0x31,0x00,0x00,0xf8,0x00,0x02,0x00,
0x41,0x31,0x00,0x00,0xf5,0x00,0x07,0x00,0x6e,0x00,0x00,0x00,0x42,0x31,0x00,0x00,
0x3c,0x31,0x00,0x00,0x84,0x30,0x00,0x00,0x40,0x31,0x00,0x00,0x3d,0x31,0x00,0x00,
0xf7,0x00,0x03,0x00,0x4d,0x31,0x00,0x00,0x00,0x00,0x00,0x00,0xfa,0x00,0x04,0x00,
0x42,0x31,0x00,0x00,0x43,0x31,0x00,0x00,0x4d,0x31,0x00,0x00,0xf8,0x00,0x02,0x00,
0x43,0x31,0x00,0x00,0x51,0x00,0x05,0x00,0x13,0x00,0x00,0x00,0x45,0x31,0x00,0x00,
0xfe,0x30,0x00,0x00,0x01,0x00,0x00,0x00,0xbe,0x00,0x05,0x00,0x6e,0x00,0x00,0x00,
0x46,0x31,0x00,0x00,0x45,0x31,0x00,0x00,0xd8,0x01,0x00,0x00,0xf7,0x00,0x03,0x00,
0x4b,0x31,0x00,0x00,0x00,0x00,0x00,0x00,0xfa,0x00,0x04,0x00,0x46,0x31,0x00,0x00,
0x47,0x31,0x00,0x00,0x4b,0x31,0x00,0x00,0xf8,0x00,0x02,0x00,0x47,0x31,0x00,0x00,
0xbc,0x00,0x05,0x00,0x6e,0x00,0x00,0x00,0x4a,0x31,0x00,0x00,0x45,0x31,0x00,0x00,
0xdc,0x01,0x00,0x00,0xf9,0x00,0x02,0x00,0x4b,0x31,0x00,0x00,0xf8,0x00,0x02,0x00,
0x4b,0x31,0x00,0x00,0xf5,0x00,0x07,0x00,0x6e,0x00,0x00,0x00,0x4c,0x31,0x00,0x00,
0x46,0x31,0x00,0x00,0x43,0x31,0x00,0x00,0x4a,0x31,0x00,0x00,0x47,0x31,0x00,0x00,
0xf9,0x00,0x02,0x00,0x4d,0x31,0x00,0x00,0xf8,0x00,0x02,0x00,0x4d,0x31,0x00,0x00,
0xf5,0x00,0x07,0x00,0x6e,0x00,0x00,0x00,0x4e,0x31,0x00,0x00,0x42,0x31,0x00,0x00,
0x41,0x31,0x00,0x00,0x4c,0x31,0x00,0x00,0x4b,0x31,0x00,0x00,0xf7,0x00,0x03,0x00,
0x2e,0x31,0x00,0x00,0x00,0x00,0x00,0x00,0xfa,0x00,0x04,0x00,0x4e,0x31,0x00,0x00,
0x04,0x31,0x00,0x00,0x2e,0x31,0x00,0x00,0xf8,0x00,0x02,0x00,0x04,0x31,0x00,0x00,
0x85,0x00,0x05,0x00,0x38,0x00,0x00,0x00,0x08,0x31,0x00,0x00,0xfe,0x30,0x00,0x00,
0xb9,0x0c,0x00,0x00,0x0c,0x00,0x06,0x00,0x38,0x00,0x00,0x00,0x09,0x31,0x00,0x00,
0x01,0x00,0x00,0x00,0x08,0x00,0x00,0x00,0x08,0x31,0x00,0x00,0x6e,0x00,0x04,0x00,
0x32,0x00,0x00,0x00,0x0a,0x31,0x00,0x00,0x09,0x31,0x00,0x00,0xf9,0x00,0x02,0x00,
0x0b,0x31,0x00,0x00,0xf8,0x00,0x02,0x00,0x0b,0x31,0x00,0x00,0xf5,0x00,0x07,0x00,
0x1a,0x00,0x00,0x00,0xbf,0x78,0x00,0x00,0x4c,0x01,0x00,0x00,0x04,0x31,0x00,0x00,
0x2c,0x31,0x00,0x00,0x2a,0x31,0x00,0x00,0xb1,0x00,0x05,0x00,0x6e,0x00,0x00,0x00,
0x0e,0x31,0x00,0x00,0xbf,0x78,0x00,0x00,0x7d,0x03,0x00,0x00,0xf6,0x00,0x04,0x00,
0x2d,0x31,0x00,0x00,0x2a,0x31,0x00,0x00,0x00,0x00,0x00,0x00,0xfa,0x00,0x04,0x00,
0x0e,0x31,0x00,0x00,0x0f,0x31,0x00,0x00,0x2d,0x31,0x00,0x00,0xf8,0x00,0x02,0x00,
0x0f,0x31,0x00,0x00,0x41,0x00,0x05,0x00,0x49,0x00,0x00,0x00,0x13,0x31,0x00,0x00,
0xed,0x30,0x00,0x00,0xbf,0x78,0x00,0x00,0x3d,0x00,0x04,0x00,0x32,0x00,0x00,0x00,
0x14,0x31,0x00,0x00,0x13,0x31,0x00,0x00,0x80,0x00,0x05,0x00,0x32,0x00,0x00,0x00,
0x64,0x31,0x00,0x00,0x0a,0x31,0x00,0x00,0x14,0x31,0x00,0x00,0x51,0x00,0x05,0x00,
0x1a,0x00,0x00,0x00,0x66,0x31,0x00,0x00,0xf7,0x0c,0x00,0x00,0x00,0x00,0x00,0x00,
0x82,0x00,0x05,0x00,0x1a,0x00,0x00,0x00,0x67,0x31,0x00,0x00,0x66,0x31,0x00,0x00,
0x91,0x01,0x00,0x00,0x51,0x00,0x05,0x00,0x1a,0x00,0x00,0x00,0x69,0x31,0x00,0x00,
0x64,0x31,0x00,0x00,0x00,0x00,0x00,0x00,0x0c,0x00,0x07,0x00,0x1a,0x00,0x00,0x00,
0x7a,0x31,0x00,0x00,0x01,0x00,0x00,0x00,0x27,0x00,0x00,0x00,0x69,0x31,0x00,0x00,
0x67,0x31,0x00,0x00,0x0c,0x00,0x07,0x00,0x1a,0x00,0x00,0x00,0x7f,0x31,0x00,0x00,
0x01,0x00,0x00,0x00,0x2a,0x00,0x00,0x00,0x4c,0x01,0x00,0x00,0x7a,0x31,0x00,0x00,
0x51,0x00,0x05,0x00,0x1a,0x00,0x00,0x00,0x6e,0x31,0x00,0x00,0xf7,0x0c,0x00,0x00,
0x01,0x00,0x00,0x00,0x82,0x00,0x05,0x00,0x1a,0x00,0x00,0x00,0x6f,0x31,0x00,0x00,
0x6e,0x31,0x00,0x00,0x91,0x01,0x00,0x00,0x51,0x00,0x05,0x00,0x1a,0x00,0x00,0x00,
0x71,0x31,0x00,0x00,0x64,0x31,0x00,0x00,0x01,0x00,0x00,0x00,0x0c,0x00,0x07,0x00,
0x1a,0x00,0x00,0x00,0x84,0x31,0x00,0x00,0x01,0x00,0x00,0x00,0x27,0x00,0x00,0x00,
0x71,0x31,0x00,0x00,0x6f,0x31,0x00,0x00,0x0c,0x00,0x07,0x00,0x1a,0x00,0x00,0x00,
0x89,0x31,0x00,0x00,0x01,0x00,0x00,0x00,0x2a,0x00,0x00,0x00,0x4c,0x01,0x00,0x00,
0x84,0x31,0x00,0x00,0x50,0x00,0x05,0x00,0x32,0x00,0x00,0x00,0xec,0x77,0x00,0x00,
0x7f,0x31,0x00,0x00,0x89,0x31,0x00,0x00,0x3d,0x00,0x04,0x00,0xb9,0x01,0x00,0x00,
0x8c,0x31,0x00,0x00,0xc3,0x01,0x00,0x00,0x5f,0x00,0x07,0x00,0x9f,0x00,0x00,0x00,
0x8e,0x31,0x00,0x00,0x8c,0x31,0x00,0x00,0xec,0x77,0x00,0x00,0x02,0x00,0x00,0x00,
0x4c,0x01,0x00,0x00,0x51,0x00,0x05,0x00,0x13,0x00,0x00,0x00,0x8f,0x31,0x00,0x00,
0x8e,0x31,0x00,0x00,0x00,0x00,0x00,0x00,0x41,0x00,0x05,0x00,0xa2,0x01,0x00,0x00,
0x92,0x31,0x00,0x00,0x8b,0x01,0x00,0x00,0xa1,0x01,0x00,0x00,0x3d,0x00,0x04,0x00,
0x13,0x00,0x00,0x00,0x93,0x31,0x00,0x00,0x92,0x31,0x00,0x00,0x85,0x00,0x05,0x00,
0x13,0x00,0x00,0x00,0x1a,0x31,0x00,0x00,0x8f,0x31,0x00,0x00,0x93,0x31,0x00,0x00,
0x3d,0x00,0x04,0x00,0xb9,0x01,0x00,0x00,0x97,0x31,0x00,0x00,0xd2,0x01,0x00,0x00,
0x5f,0x00,0x07,0x00,0x9f,0x00,0x00,0x00,0x98,0x31,0x00,0x00,0x97,0x31,0x00,0x00,
0xd4,0x01,0x00,0x00,0x02,0x00,0x00,0x00,0x4c,0x01,0x00,0x00,0x51,0x00,0x05,0x00,
0x13,0x00,0x00,0x00,0x99,0x31,0x00,0x00,0x98,0x31,0x00,0x00,0x00,0x00,0x00,0x00,
0xb4,0x00,0x05,0x00,0x6e,0x00,0x00,0x00,0x9b,0x31,0x00,0x00,0x99,0x31,0x00,0x00,
0xd8,0x01,0x00,0x00,0xf9,0x00,0x02,0x00,0x9d,0x31,0x00,0x00,0xf8,0x00,0x02,0x00,
0x9d,0x31,0x00,0x00,0xa9,0x00,0x06,0x00,0x13,0x00,0x00,0x00,0x2f,0x7c,0x00,0x00,
0x9b,0x31,0x00,0x00,0xdc,0x01,0x00,0x00,0x99,0x31,0x00,0x00,0x85,0x00,0x05,0x00,
0x13,0x00,0x00,0x00,0x1c,0x31,0x00,0x00,0x1a,0x31,0x00,0x00,0x2f,0x7c,0x00,0x00,
0x41,0x00,0x05,0x00,0x14,0x00,0x00,0x00,0xc6,0x70,0x00,0x00,0xc5,0x70,0x00,0x00,
0xbf,0x78,0x00,0x00,0x3e,0x00,0x03,0x00,0xc6,0x70,0x00,0x00,0x1c,0x31,0x00,0x00,
0x3d,0x00,0x04,0x00,0x13,0x00,0x00,0x00,0x21,0x31,0x00,0x00,0xc6,0x70,0x00,0x00,
0x0c,0x00,0x07,0x00,0x13,0x00,0x00,0x00,0xa3,0x31,0x00,0x00,0x01,0x00,0x00,0x00,
0x1a,0x00,0x00,0x00,0x21,0x31,0x00,0x00,0xdc,0x01,0x00,0x00,0x3e,0x00,0x03,0x00,
0xc6,0x70,0x00,0x00,0xa3,0x31,0x00,0x00,0x3d,0x00,0x04,0x00,0x13,0x00,0x00,0x00,
0x27,0x31,0x00,0x00,0xc6,0x70,0x00,0x00,0x0c,0x00,0x07,0x00,0x13,0x00,0x00,0x00,
0xa8,0x31,0x00,0x00,0x01,0x00,0x00,0x00,0x28,0x00,0x00,0x00,0x27,0x31,0x00,0x00,
0x8d,0x03,0x00,0x00,0x3e,0x00,0x03,0x00,0xc6,0x70,0x00,0x00,0xa8,0x31,0x00,0x00,
0xf9,0x00,0x02,0x00,0x2a,0x31,0x00,0x00,0xf8,0x00,0x02,0x00,0x2a,0x31,0x00,0x00,
0x80,0x00,0x05,0x00,0x1a,0x00,0x00,0x00,0x2c,0x31,0x00,0x00,0xbf,0x78,0x00,0x00,
0x91,0x01,0x00,0x00,0xf9,0x00,0x02,0x00,0x0b,0x31,0x00,0x00,0xf8,0x00,0x02,0x00,
0x2d,0x31,0x00,0x00,0xf9,0x00,0x02,0x00,0x2e,0x31,0x00,0x00,0xf8,0x00,0x02,0x00,
0x2e,0x31,0x00,0x00,0x3d,0x00,0x04,0x00,0x82,0x00,0x00,0x00,0xcb,0x70,0x00,0x00,
0xc5,0x70,0x00,0x00,0xf7,0x00,0x03,0x00,0x46,0x30,0x00,0x00,0x00,0x00,0x00,0x00,
0xfa,0x00,0x04,0x00,0x4e,0x31,0x00,0x00,0x40,0x30,0x00,0x00,0x46,0x30,0x00,0x00,
0xf8,0x00,0x02,0x00,0x40,0x30,0x00,0x00,0x51,0x00,0x05,0x00,0x13,0x00,0x00,0x00,
0xaa,0x70,0x00,0x00,0xe7,0x68,0x00,0x00,0x00,0x00,0x00,0x00,0x51,0x00,0x05,0x00,
0x13,0x00,0x00,0x00,0xab,0x70,0x00,0x00,0xe7,0x68,0x00,0x00,0x01,0x00,0x00,0x00,
0x51,0x00,0x05,0x00,0x13,0x00,0x00,0x00,0xac,0x70,0x00,0x00,0xe7,0x68,0x00,0x00,
0x02,0x00,0x00,0x00,0x51,0x00,0x05,0x00,0x13,0x00,0x00,0x00,0xad,0x70,0x00,0x00,
0xe7,0x68,0x00,0x00,0x03,0x00,0x00,0x00,0x51,0x00,0x05,0x00,0x13,0x00,0x00,0x00,
0xae,0x70,0x00,0x00,0xe7,0x68,0x00,0x00,0x04,0x00,0x00,0x00,0x0c,0x00,0x07,0x00,
0x13,0x00,0x00,0x00,0xb0,0x32,0x00,0x00,0x01,0x00,0x00,0x00,0x25,0x00,0x00,0x00,
0xaa,0x70,0x00,0x00,0xad,0x70,0x00,0x00,0x0c,0x00,0x07,0x00,0x13,0x00,0x00,0x00,
0xb5,0x32,0x00,0x00,0x01,0x00,0x00,0x00,0x28,0x00,0x00,0x00,0xaa,0x70,0x00,0x00,
0xad,0x70,0x00,0x00,0x0c,0x00,0x07,0x00,0x13,0x00,0x00,0x00,0xba,0x32,0x00,0x00,
0x01,0x00,0x00,0x00,0x25,0x00,0x00,0x00,0xab,0x70,0x00,0x00,0xae,0x70,0x00,0x00,
0x0c,0x00,0x07,0x00,0x13,0x00,0x00,0x00,0xbf,0x32,0x00,0x00,0x01,0x00,0x00,0x00,
0x28,0x00,0x00,0x00,0xab,0x70,0x00,0x00,0xae,0x70,0x00,0x00,0x0c,0x00,0x07,0x00,
0x13,0x00,0x00,0x00,0xc4,0x32,0x00,0x00,0x01,0x00,0x00,0x00,0x25,0x00,0x00,0x00,
0xb0,0x32,0x00,0x00,0xac,0x70,0x00,0x00,0x0c,0x00,0x07,0x00,0x13,0x00,0x00,0x00,
0xc9,0x32,0x00,0x00,0x01,0x00,0x00,0x00,0x28,0x00,0x00,0x00,0xb0,0x32,0x00,0x00,
0xac,0x70,0x00,0x00,0x0c,0x00,0x07,0x00,0x13,0x00,0x00,0x00,0xce,0x32,0x00,0x00,
0x01,0x00,0x00,0x00,0x25,0x00,0x00,0x00,0xba,0x32,0x00,0x00,0xb5,0x32,0x00,0x00,
0x0c,0x00,0x07,0x00,0x13,0x00,0x00,0x00,0xd3,0x32,0x00,0x00,0x01,0x00,0x00,0x00,
0x28,0x00,0x00,0x00,0xba,0x32,0x00,0x00,0xb5,0x32,0x00,0x00,0x0c,0x00,0x07,0x00,
0x13,0x00,0x00,0x00,0xd8,0x32,0x00,0x00,0x01,0x00,0x00,0x00,0x25,0x00,0x00,0x00,
0xc4,0x32,0x00,0x00,0xce,0x32,0x00,0x00,0x0c,0x00,0x07,0x00,0x13,0x00,0x00,0x00,
0xdd,0x32,0x00,0x00,0x01,0x00,0x00,0x00,0x28,0x00,0x00,0x00,0xc4,0x32,0x00,0x00,
0xce,0x32,0x00,0x00,0x0c,0x00,0x07,0x00,0x13,0x00,0x00,0x00,0xe2,0x32,0x00,0x00,
0x01,0x00,0x00,0x00,0x25,0x00,0x00,0x00,0xc9,0x32,0x00,0x00,0xbf,0x32,0x00,0x00,
0x0c,0x00,0x07,0x00,0x13,0x00,0x00,0x00,0xe7,0x32,0x00,0x00,0x01,0x00,0x00,0x00,
0x28,0x00,0x00,0x00,0xc9,0x32,0x00,0x00,0xbf,0x32,0x00,0x00,0x0c,0x00,0x07,0x00,
0x13,0x00,0x00,0x00,0xec,0x32,0x00,0x00,0x01,0x00,0x00,0x00,0x25,0x00,0x00,0x00,
0xdd,0x32,0x00,0x00,0xe2,0x32,0x00,0x00,0x0c,0x00,0x07,0x00,0x13,0x00,0x00,0x00,
0xf1,0x32,0x00,0x00,0x01,0x00,0x00,0x00,0x28,0x00,0x00,0x00,0xdd,0x32,0x00,0x00,
0xe2,0x32,0x00,0x00,0x0c,0x00,0x07,0x00,0x13,0x00,0x00,0x00,0xf6,0x32,0x00,0x00,
0x01,0x00,0x00,0x00,0x25,0x00,0x00,0x00,0xd3,0x32,0x00,0x00,0xe7,0x32,0x00,0x00,
0x0c,0x00,0x07,0x00,0x13,0x00,0x00,0x00,0xfb,0x32,0x00,0x00,0x01,0x00,0x00,0x00,
0x28,0x00,0x00,0x00,0xd3,0x32,0x00,0x00,0xe7,0x32,0x00,0x00,0x0c,0x00,0x07,0x00,
0x13,0x00,0x00,0x00,0x00,0x33,0x00,0x00,0x01,0x00,0x00,0x00,0x25,0x00,0x00,0x00,
0xf1,0x32,0x00,0x00,0xf6,0x32,0x00,0x00,0x0c,0x00,0x07,0x00,0x13,0x00,0x00,0x00,
0x05,0x33,0x00,0x00,0x01,0x00,0x00,0x00,0x28,0x00,0x00,0x00,0xf1,0x32,0x00,0x00,
0xf6,0x32,0x00,0x00,0x50,0x00,0x08,0x00,0x82,0x00,0x00,0x00,0xb4,0x70,0x00,0x00,
0xd8,0x32,0x00,0x00,0xec,0x32,0x00,0x00,0x00,0x33,0x00,0x00,0x05,0x33,0x00,0x00,
0xfb,0x32,0x00,0x00,0x3e,0x00,0x03,0x00,0xf5,0x68,0x00,0x00,0xb4,0x70,0x00,0x00,
0x51,0x00,0x05,0x00,0x13,0x00,0x00,0x00,0xba,0x70,0x00,0x00,0xcb,0x70,0x00,0x00,
0x00,0x00,0x00,0x00,0x51,0x00,0x05,0x00,0x13,0x00,0x00,0x00,0xbb,0x70,0x00,0x00,
0xcb,0x70,0x00,0x00,0x01,0x00,0x00,0x00,0x51,0x00,0x05,0x00,0x13,0x00,0x00,0x00,
0xbc,0x70,0x00,0x00,0xcb,0x70,0x00,0x00,0x02,0x00,0x00,0x00,0x51,0x00,0x05,0x00,
0x13,0x00,0x00,0x00,0xbd,0x70,0x00,0x00,0xcb,0x70,0x00,0x00,0x03,0x00,0x00,0x00,
0x51,0x00,0x05,0x00,0x13,0x00,0x00,0x00,0xbe,0x70,0x00,0x00,0xcb,0x70,0x00,0x00,
0x04,0x00,0x00,0x00,0x0c,0x00,0x07,0x00,0x13,0x00,0x00,0x00,0xad,0x33,0x00,0x00,
0x01,0x00,0x00,0x00,0x25,0x00,0x00,0x00,0xba,0x70,0x00,0x00,0xbd,0x70,0x00,0x00,
0x0c,0x00,0x07,0x00,0x13,0x00,0x00,0x00,0xb2,0x33,0x00,0x00,0x01,0x00,0x00,0x00,
0x28,0x00,0x00,0x00,0xba,0x70,0x00,0x00,0xbd,0x70,0x00,0x00,0x0c,0x00,0x07,0x00,
0x13,0x00,0x00,0x00,0xb7,0x33,0x00,0x00,0x01,0x00,0x00,0x00,0x25,0x00,0x00,0x00,
0xbb,0x70,0x00,0x00,0xbe,0x70,0x00,0x00,0x0c,0x00,0x07,0x00,0x13,0x00,0x00,0x00,
0xbc,0x33,0x00,0x00,0x01,0x00,0x00,0x00,0x28,0x00,0x00,0x00,0xbb,0x70,0x00,0x00,
0xbe,0x70,0x00,0x00,0x0c,0x00,0x07,0x00,0x13,0x00,0x00,0x00,0xc1,0x33,0x00,0x00,
0x01,0x00,0x00,0x00,0x25,0x00,0x00,0x00,0xad,0x33,0x00,0x00,0xbc,0x70,0x00,0x00,
0x0c,0x00,0x07,0x00,0x13,0x00,0x00,0x00,0xc6,0x33,0x00,0x00,0x01,0x00,0x00,0x00,
0x28,0x00,0x00,0x00,0xad,0x33,0x00,0x00,0xbc,0x70,0x00,0x00,0x0c,0x00,0x07,0x00,
0x13,0x00,0x00,0x00,0xcb,0x33,0x00,0x00,0x01,0x00,0x00,0x00,0x25,0x00,0x00,0x00,
0xb7,0x33,0x00,0x00,0xb2,0x33,0x00,0x00,0x0c,0x00,0x07,0x00,0x13,0x00,0x00,0x00,
0xd0,0x33,0x00,0x00,0x01,0x00,0x00,0x00,0x28,0x00,0x00,0x00,0xb7,0x33,0x00,0x00,
0xb2,0x33,0x00,0x00,0x0c,0x00,0x07,0x00,0x13,0x00,0x00,0x00,0xd5,0x33,0x00,0x00,
0x01,0x00,0x00,0x00,0x25,0x00,0x00,0x00,0xc1,0x33,0x00,0x00,0xcb,0x33,0x00,0x00,
0x0c,0x00,0x07,0x00,0x13,0x00,0x00,0x00,0xda,0x33,0x00,0x00,0x01,0x00,0x00,0x00,
0x28,0x00,0x00,0x00,0xc1,0x33,0x00,0x00,0xcb,0x33,0x00,0x00,0x0c,0x00,0x07,0x00,
0x13,0x00,0x00,0x00,0xdf,0x33,0x00,0x00,0x01,0x00,0x00,0x00,0x25,0x00,0x00,0x00,
0xc6,0x33,0x00,0x00,0xbc,0x33,0x00,0x00,0x0c,0x00,0x07,0x00,0x13,0x00,0x00,0x00,
0xe4,0x33,0x00,0x00,0x01,0x00,0x00,0x00,0x28,0x00,0x00,0x00,0xc6,0x33,0x00,0x00,
0xbc,0x33,0x00,0x00,0x0c,0x00,0x07,0x00,0x13,0x00,0x00,0x00,0xe9,0x33,0x00,0x00,
0x01,0x00,0x00,0x00,0x25,0x00,0x00,0x00,0xda,0x33,0x00,0x00,0xdf,0x33,0x00,0x00,
0x0c,0x00,0x07,0x00,0x13,0x00,0x00,0x00,0xee,0x33,0x00,0x00,0x01,0x00,0x00,0x00,
0x28,0x00,0x00,0x00,0xda,0x33,0x00,0x00,0xdf,0x33,0x00,0x00,0x0c,0x00,0x07,0x00,
0x13,0x00,0x00,0x00,0xf3,0x33,0x00,0x00,0x01,0x00,0x00,0x00,0x25,0x00,0x00,0x00,
0xd0,0x33,0x00,0x00,0xe4,0x33,0x00,0x00,0x0c,0x00,0x07,0x00,0x13,0x00,0x00,0x00,
0xf8,0x33,0x00,0x00,0x01,0x00,0x00,0x00,0x28,0x00,0x00,0x00,0xd0,0x33,0x00,0x00,
0xe4,0x33,0x00,0x00,0x0c,0x00,0x07,0x00,0x13,0x00,0x00,0x00,0xfd,0x33,0x00,0x00,
0x01,0x00,0x00,0x00,0x25,0x00,0x00,0x00,0xee,0x33,0x00,0x00,0xf3,0x33,0x00,0x00,
0x0c,0x00,0x07,0x00,0x13,0x00,0x00,0x00,0x02,0x34,0x00,0x00,0x01,0x00,0x00,0x00,
0x28,0x00,0x00,0x00,0xee,0x33,0x00,0x00,0xf3,0x33,0x00,0x00,0x50,0x00,0x08,0x00,
0x82,0x00,0x00,0x00,0xc4,0x70,0x00,0x00,0xd5,0x33,0x00,0x00,0xe9,0x33,0x00,0x00,
0xfd,0x33,0x00,0x00,0x02,0x34,0x00,0x00,0xf8,0x33,0x00,0x00,0x3e,0x00,0x03,0x00,
0xff,0x68,0x00,0x00,0xc4,0x70,0x00,0x00,0x41,0x00,0x05,0x00,0x14,0x00,0x00,0x00,
0xfa,0x68,0x00,0x00,0xf5,0x68,0x00,0x00,0xcd,0x02,0x00,0x00,0x3d,0x00,0x04,0x00,
0x13,0x00,0x00,0x00,0xbc,0x31,0x00,0x00,0xfa,0x68,0x00,0x00,0x41,0x00,0x05,0x00,
0x14,0x00,0x00,0x00,0x04,0x69,0x00,0x00,0xff,0x68,0x00,0x00,0xcd,0x02,0x00,0x00,
0x3d,0x00,0x04,0x00,0x13,0x00,0x00,0x00,0xbe,0x31,0x00,0x00,0x04,0x69,0x00,0x00,
0x0c,0x00,0x07,0x00,0x13,0x00,0x00,0x00,0x07,0x34,0x00,0x00,0x01,0x00,0x00,0x00,
0x25,0x00,0x00,0x00,0xbc,0x31,0x00,0x00,0xbe,0x31,0x00,0x00,0xba,0x00,0x05,0x00,
0x6e,0x00,0x00,0x00,0xc1,0x31,0x00,0x00,0x07,0x34,0x00,0x00,0x72,0x03,0x00,0x00,
0xf7,0x00,0x03,0x00,0x03,0x32,0x00,0x00,0x00,0x00,0x00,0x00,0xfa,0x00,0x04,0x00,
0xc1,0x31,0x00,0x00,0xc2,0x31,0x00,0x00,0x03,0x32,0x00,0x00,0xf8,0x00,0x02,0x00,
0xc2,0x31,0x00,0x00,0xf9,0x00,0x02,0x00,0xc3,0x31,0x00,0x00,0xf8,0x00,0x02,0x00,
0xc3,0x31,0x00,0x00,0xf5,0x00,0x07,0x00,0x1a,0x00,0x00,0x00,0xc3,0x7a,0x00,0x00,
0x4c,0x01,0x00,0x00,0xc2,0x31,0x00,0x00,0x0d,0x7c,0x00,0x00,0xff,0x31,0x00,0x00,
0xf5,0x00,0x07,0x00,0x1a,0x00,0x00,0x00,0xc2,0x7a,0x00,0x00,0x4c,0x01,0x00,0x00,
0xc2,0x31,0x00,0x00,0x0c,0x7c,0x00,0x00,0xff,0x31,0x00,0x00,0xf5,0x00,0x07,0x00,
0x13,0x00,0x00,0x00,0xc1,0x78,0x00,0x00,0x5e,0x03,0x00,0x00,0xc2,0x31,0x00,0x00,
0x66,0x7b,0x00,0x00,0xff,0x31,0x00,0x00,0xf5,0x00,0x07,0x00,0x1a,0x00,0x00,0x00,
0xc0,0x78,0x00,0x00,0x4c,0x01,0x00,0x00,0xc2,0x31,0x00,0x00,0x01,0x32,0x00,0x00,
0xff,0x31,0x00,0x00,0xb1,0x00,0x05,0x00,0x6e,0x00,0x00,0x00,0xc6,0x31,0x00,0x00,
0xc0,0x78,0x00,0x00,0x7d,0x03,0x00,0x00,0xb8,0x00,0x05,0x00,0x6e,0x00,0x00,0x00,
0xc8,0x31,0x00,0x00,0xc1,0x78,0x00,0x00,0x80,0x03,0x00,0x00,0xa7,0x00,0x05,0x00,
0x6e,0x00,0x00,0x00,0xc9,0x31,0x00,0x00,0xc6,0x31,0x00,0x00,0xc8,0x31,0x00,0x00,
0xf6,0x00,0x04,0x00,0x02,0x32,0x00,0x00,0xff,0x31,0x00,0x00,0x00,0x00,0x00,0x00,
0xfa,0x00,0x04,0x00,0xc9,0x31,0x00,0x00,0xca,0x31,0x00,0x00,0x02,0x32,0x00,0x00,
0xf8,0x00,0x02,0x00,0xca,0x31,0x00,0x00,0x41,0x00,0x05,0x00,0x14,0x00,0x00,0x00,
0xfb,0x68,0x00,0x00,0xf5,0x68,0x00,0x00,0xc2,0x7a,0x00,0x00,0x3d,0x00,0x04,0x00,
0x13,0x00,0x00,0x00,0xcd,0x31,0x00,0x00,0xfb,0x68,0x00,0x00,0x41,0x00,0x05,0x00,
0x14,0x00,0x00,0x00,0x05,0x69,0x00,0x00,0xff,0x68,0x00,0x00,0xc3,0x7a,0x00,0x00,
0x3d,0x00,0x04,0x00,0x13,0x00,0x00,0x00,0xd0,0x31,0x00,0x00,0x05,0x69,0x00,0x00,
0x83,0x00,0x05,0x00,0x13,0x00,0x00,0x00,0xd1,0x31,0x00,0x00,0xcd,0x31,0x00,0x00,
0xd0,0x31,0x00,0x00,0x0c,0x00,0x06,0x00,0x13,0x00,0x00,0x00,0xd3,0x31,0x00,0x00,
0x01,0x00,0x00,0x00,0x04,0x00,0x00,0x00,0xd1,0x31,0x00,0x00,0xba,0x00,0x05,0x00,
0x6e,0x00,0x00,0x00,0xd4,0x31,0x00,0x00,0xd3,0x31,0x00,0x00,0x8d,0x03,0x00,0x00,
0xf7,0x00,0x03,0x00,0xfe,0x31,0x00,0x00,0x00,0x00,0x00,0x00,0xfa,0x00,0x04,0x00,
0xd4,0x31,0x00,0x00,0xd5,0x31,0x00,0x00,0xfd,0x31,0x00,0x00,0xf8,0x00,0x02,0x00,
0xfd,0x31,0x00,0x00,0xf9,0x00,0x02,0x00,0xfe,0x31,0x00,0x00,0xf8,0x00,0x02,0x00,
0xd5,0x31,0x00,0x00,0x0c,0x00,0x06,0x00,0x13,0x00,0x00,0x00,0xd7,0x31,0x00,0x00,
0x01,0x00,0x00,0x00,0x06,0x00,0x00,0x00,0xd1,0x31,0x00,0x00,0x3d,0x00,0x04,0x00,
0x13,0x00,0x00,0x00,0xda,0x31,0x00,0x00,0xfb,0x68,0x00,0x00,0x3d,0x00,0x04,0x00,
0x13,0x00,0x00,0x00,0xdd,0x31,0x00,0x00,0x05,0x69,0x00,0x00,0x0c,0x00,0x07,0x00,
0x13,0x00,0x00,0x00,0x1e,0x34,0x00,0x00,0x01,0x00,0x00,0x00,0x28,0x00,0x00,0x00,
0xda,0x31,0x00,0x00,0xdd,0x31,0x00,0x00,0xb7,0x00,0x05,0x00,0x6e,0x00,0x00,0x00,
0x12,0x34,0x00,0x00,0x1e,0x34,0x00,0x00,0xd8,0x01,0x00,0x00,0xf7,0x00,0x03,0x00,
0x18,0x34,0x00,0x00,0x00,0x00,0x00,0x00,0xfa,0x00,0x04,0x00,0x12,0x34,0x00,0x00,
0x13,0x34,0x00,0x00,0x17,0x34,0x00,0x00,0xf8,0x00,0x02,0x00,0x17,0x34,0x00,0x00,
0xf9,0x00,0x02,0x00,0x18,0x34,0x00,0x00,0xf8,0x00,0x02,0x00,0x13,0x34,0x00,0x00,
0x0c,0x00,0x07,0x00,0x13,0x00,0x00,0x00,0x23,0x34,0x00,0x00,0x01,0x00,0x00,0x00,
0x25,0x00,0x00,0x00,0xda,0x31,0x00,0x00,0xdd,0x31,0x00,0x00,0x88,0x00,0x05,0x00,
0x13,0x00,0x00,0x00,0x16,0x34,0x00,0x00,0x23,0x34,0x00,0x00,0x1e,0x34,0x00,0x00,
0xf9,0x00,0x02,0x00,0x18,0x34,0x00,0x00,0xf8,0x00,0x02,0x00,0x18,0x34,0x00,0x00,
0xf5,0x00,0x07,0x00,0x13,0x00,0x00,0x00,0xc4,0x7a,0x00,0x00,0xd8,0x01,0x00,0x00,
0x17,0x34,0x00,0x00,0x16,0x34,0x00,0x00,0x13,0x34,0x00,0x00,0x83,0x00,0x05,0x00,
0x13,0x00,0x00,0x00,0xdf,0x31,0x00,0x00,0xdc,0x01,0x00,0x00,0xc4,0x7a,0x00,0x00,
0x85,0x00,0x05,0x00,0x13,0x00,0x00,0x00,0xe0,0x31,0x00,0x00,0xd7,0x31,0x00,0x00,
0xdf,0x31,0x00,0x00,0x0c,0x00,0x06,0x00,0x13,0x00,0x00,0x00,0xe2,0x31,0x00,0x00,
0x01,0x00,0x00,0x00,0x04,0x00,0x00,0x00,0xe0,0x31,0x00,0x00,0x0c,0x00,0x06,0x00,
0x13,0x00,0x00,0x00,0xe4,0x31,0x00,0x00,0x01,0x00,0x00,0x00,0x04,0x00,0x00,0x00,
0xc1,0x78,0x00,0x00,0xb8,0x00,0x05,0x00,0x6e,0x00,0x00,0x00,0xe5,0x31,0x00,0x00,
0xe2,0x31,0x00,0x00,0xe4,0x31,0x00,0x00,0xa9,0x00,0x06,0x00,0x13,0x00,0x00,0x00,
0xe8,0x31,0x00,0x00,0xe5,0x31,0x00,0x00,0xe0,0x31,0x00,0x00,0xc1,0x78,0x00,0x00,
0x3d,0x00,0x04,0x00,0x13,0x00,0x00,0x00,0xeb,0x31,0x00,0x00,0xfb,0x68,0x00,0x00,
0x3d,0x00,0x04,0x00,0x13,0x00,0x00,0x00,0xee,0x31,0x00,0x00,0x05,0x69,0x00,0x00,
0xb8,0x00,0x05,0x00,0x6e,0x00,0x00,0x00,0xef,0x31,0x00,0x00,0xeb,0x31,0x00,0x00,
0xee,0x31,0x00,0x00,0xa9,0x00,0x06,0x00,0x1a,0x00,0x00,0x00,0xf0,0x31,0x00,0x00,
0xef,0x31,0x00,0x00,0x91,0x01,0x00,0x00,0x4c,0x01,0x00,0x00,0x80,0x00,0x05,0x00,
0x1a,0x00,0x00,0x00,0xf2,0x31,0x00,0x00,0xc2,0x7a,0x00,0x00,0xf0,0x31,0x00,0x00,
0x41,0x00,0x05,0x00,0x14,0x00,0x00,0x00,0xfe,0x68,0x00,0x00,0xf5,0x68,0x00,0x00,
0xf2,0x31,0x00,0x00,0x3d,0x00,0x04,0x00,0x13,0x00,0x00,0x00,0xf5,0x31,0x00,0x00,
0xfe,0x68,0x00,0x00,0x3d,0x00,0x04,0x00,0x13,0x00,0x00,0x00,0xf8,0x31,0x00,0x00,
0x05,0x69,0x00,0x00,0xbe,0x00,0x05,0x00,0x6e,0x00,0x00,0x00,0xf9,0x31,0x00,0x00,
0xf5,0x31,0x00,0x00,0xf8,0x31,0x00,0x00,0xa9,0x00,0x06,0x00,0x1a,0x00,0x00,0x00,
0xfa,0x31,0x00,0x00,0xf9,0x31,0x00,0x00,0x91,0x01,0x00,0x00,0x4c,0x01,0x00,0x00,
0x80,0x00,0x05,0x00,0x1a,0x00,0x00,0x00,0xfc,0x31,0x00,0x00,0xc3,0x7a,0x00,0x00,
0xfa,0x31,0x00,0x00,0xf9,0x00,0x02,0x00,0xfe,0x31,0x00,0x00,0xf8,0x00,0x02,0x00,
0xfe,0x31,0x00,0x00,0xf5,0x00,0x07,0x00,0x1a,0x00,0x00,0x00,0x0d,0x7c,0x00,0x00,
0xc3,0x7a,0x00,0x00,0xfd,0x31,0x00,0x00,0xfc,0x31,0x00,0x00,0x18,0x34,0x00,0x00,
0xf5,0x00,0x07,0x00,0x1a,0x00,0x00,0x00,0x0c,0x7c,0x00,0x00,0xc2,0x7a,0x00,0x00,
0xfd,0x31,0x00,0x00,0xf2,0x31,0x00,0x00,0x18,0x34,0x00,0x00,0xf5,0x00,0x07,0x00,
0x13,0x00,0x00,0x00,0x66,0x7b,0x00,0x00,0x80,0x03,0x00,0x00,0xfd,0x31,0x00,0x00,
0xe8,0x31,0x00,0x00,0x18,0x34,0x00,0x00,0xf9,0x00,0x02,0x00,0xff,0x31,0x00,0x00,
0xf8,0x00,0x02,0x00,0xff,0x31,0x00,0x00,0x80,0x00,0x05,0x00,0x1a,0x00,0x00,0x00,
0x01,0x32,0x00,0x00,0xc0,0x78,0x00,0x00,0x91,0x01,0x00,0x00,0xf9,0x00,0x02,0x00,
0xc3,0x31,0x00,0x00,0xf8,0x00,0x02,0x00,0x02,0x32,0x00,0x00,0xf9,0x00,0x02,0x00,
0x03,0x32,0x00,0x00,0xf8,0x00,0x02,0x00,0x03,0x32,0x00,0x00,0xf5,0x00,0x07,0x00,
0x13,0x00,0x00,0x00,0xc2,0x78,0x00,0x00,0x5e,0x03,0x00,0x00,0x40,0x30,0x00,0x00,
0xc1,0x78,0x00,0x00,0x02,0x32,0x00,0x00,0xb8,0x00,0x05,0x00,0x6e,0x00,0x00,0x00,
0x06,0x32,0x00,0x00,0xc2,0x78,0x00,0x00,0x5e,0x03,0x00,0x00,0xa9,0x00,0x06,0x00,
0x13,0x00,0x00,0x00,0x07,0x32,0x00,0x00,0x06,0x32,0x00,0x00,0xdc,0x01,0x00,0x00,
0xd8,0x01,0x00,0x00,0x85,0x00,0x05,0x00,0x13,0x00,0x00,0x00,0x08,0x32,0x00,0x00,
0xc2,0x78,0x00,0x00,0x07,0x32,0x00,0x00,0xf9,0x00,0x02,0x00,0x46,0x30,0x00,0x00,
0xf8,0x00,0x02,0x00,0x46,0x30,0x00,0x00,0xf5,0x00,0x07,0x00,0x13,0x00,0x00,0x00,
0xc3,0x78,0x00,0x00,0xd8,0x01,0x00,0x00,0x2e,0x31,0x00,0x00,0x08,0x32,0x00,0x00,
0x03,0x32,0x00,0x00,0x52,0x00,0x06,0x00,0x9f,0x00,0x00,0x00,0xa5,0x76,0x00,0x00,
0xc3,0x78,0x00,0x00,0x8e,0x04,0x00,0x00,0x00,0x00,0x00,0x00,0xb7,0x00,0x05,0x00,
0x6e,0x00,0x00,0x00,0xe3,0x2f,0x00,0x00,0xc3,0x78,0x00,0x00,0xd8,0x01,0x00,0x00,
0xf7,0x00,0x03,0x00,0xe8,0x2f,0x00,0x00,0x00,0x00,0x00,0x00,0xfa,0x00,0x04,0x00,
0xe3,0x2f,0x00,0x00,0xe4,0x2f,0x00,0x00,0xe7,0x2f,0x00,0x00,0xf8,0x00,0x02,0x00,
0xe7,0x2f,0x00,0x00,0xf9,0x00,0x02,0x00,0xe8,0x2f,0x00,0x00,0xf8,0x00,0x02,0x00,
0xe4,0x2f,0x00,0x00,0x0c,0x00,0x06,0x00,0x13,0x00,0x00,0x00,0xe6,0x2f,0x00,0x00,
0x01,0x00,0x00,0x00,0x06,0x00,0x00,0x00,0xc3,0x78,0x00,0x00,0xf9,0x00,0x02,0x00,
0xe8,0x2f,0x00,0x00,0xf8,0x00,0x02,0x00,0xe8,0x2f,0x00,0x00,0xf5,0x00,0x07,0x00,
0x13,0x00,0x00,0x00,0xca,0x78,0x00,0x00,0xd8,0x01,0x00,0x00,0xe7,0x2f,0x00,0x00,
0xe6,0x2f,0x00,0x00,0xe4,0x2f,0x00,0x00,0x52,0x00,0x06,0x00,0x9f,0x00,0x00,0x00,
0xa7,0x76,0x00,0x00,0xca,0x78,0x00,0x00,0xa5,0x76,0x00,0x00,0x01,0x00,0x00,0x00,
0x52,0x00,0x06,0x00,0x9f,0x00,0x00,0x00,0xa9,0x76,0x00,0x00,0xdc,0x01,0x00,0x00,
0xa7,0x76,0x00,0x00,0x02,0x00,0x00,0x00,0x7c,0x00,0x04,0x00,0x32,0x00,0x00,0x00,
0xad,0x2f,0x00,0x00,0x8e,0x2f,0x00,0x00,0x6f,0x00,0x04,0x00,0x38,0x00,0x00,0x00,
0xae,0x2f,0x00,0x00,0xad,0x2f,0x00,0x00,0x6e,0x00,0x04,0x00,0x32,0x00,0x00,0x00,
0x34,0x34,0x00,0x00,0xae,0x2f,0x00,0x00,0x51,0x00,0x05,0x00,0x1a,0x00,0x00,0x00,
0x67,0x34,0x00,0x00,0x34,0x34,0x00,0x00,0x00,0x00,0x00,0x00,0x0c,0x00,0x07,0x00,
0x1a,0x00,0x00,0x00,0x78,0x34,0x00,0x00,0x01,0x00,0x00,0x00,0x27,0x00,0x00,0x00,
0x67,0x34,0x00,0x00,0xc1,0x0b,0x00,0x00,0x0c,0x00,0x07,0x00,0x1a,0x00,0x00,0x00,
0x7d,0x34,0x00,0x00,0x01,0x00,0x00,0x00,0x2a,0x00,0x00,0x00,0x4c,0x01,0x00,0x00,
0x78,0x34,0x00,0x00,0x51,0x00,0x05,0x00,0x1a,0x00,0x00,0x00,0x6f,0x34,0x00,0x00,
0x34,0x34,0x00,0x00,0x01,0x00,0x00,0x00,0x0c,0x00,0x07,0x00,0x1a,0x00,0x00,0x00,
0x82,0x34,0x00,0x00,0x01,0x00,0x00,0x00,0x27,0x00,0x00,0x00,0x6f,0x34,0x00,0x00,
0xc9,0x0b,0x00,0x00,0x0c,0x00,0x07,0x00,0x1a,0x00,0x00,0x00,0x87,0x34,0x00,0x00,
0x01,0x00,0x00,0x00,0x2a,0x00,0x00,0x00,0x4c,0x01,0x00,0x00,0x82,0x34,0x00,0x00,
0x50,0x00,0x05,0x00,0x32,0x00,0x00,0x00,0xd0,0x77,0x00,0x00,0x7d,0x34,0x00,0x00,
0x87,0x34,0x00,0x00,0x3d,0x00,0x04,0x00,0xb9,0x01,0x00,0x00,0x8a,0x34,0x00,0x00,
0xca,0x01,0x00,0x00,0x5f,0x00,0x07,0x00,0x9f,0x00,0x00,0x00,0x8c,0x34,0x00,0x00,
0x8a,0x34,0x00,0x00,0xd0,0x77,0x00,0x00,0x02,0x00,0x00,0x00,0x4c,0x01,0x00,0x00,
0x4f,0x00,0x07,0x00,0x38,0x00,0x00,0x00,0x8d,0x34,0x00,0x00,0x8c,0x34,0x00,0x00,
0x8c,0x34,0x00,0x00,0x00,0x00,0x00,0x00,0x01,0x00,0x00,0x00,0x6f,0x00,0x04,0x00,
0x38,0x00,0x00,0x00,0x3a,0x34,0x00,0x00,0xd0,0x77,0x00,0x00,0x81,0x00,0x05,0x00,
0x38,0x00,0x00,0x00,0x3c,0x34,0x00,0x00,0x3a,0x34,0x00,0x00,0xc7,0x77,0x00,0x00,
0x88,0x00,0x05,0x00,0x38,0x00,0x00,0x00,0x3f,0x34,0x00,0x00,0x3c,0x34,0x00,0x00,
0x9a,0x0b,0x00,0x00,0x3e,0x00,0x03,0x00,0xb2,0x34,0x00,0x00,0xdf,0x03,0x00,0x00,
0x81,0x00,0x05,0x00,0x38,0x00,0x00,0x00,0xc1,0x34,0x00,0x00,0x3f,0x34,0x00,0x00,
0x1c,0x0c,0x00,0x00,0x85,0x00,0x05,0x00,0x38,0x00,0x00,0x00,0xc5,0x34,0x00,0x00,
0xc1,0x34,0x00,0x00,0x9a,0x0b,0x00,0x00,0x0c,0x00,0x06,0x00,0x38,0x00,0x00,0x00,
0xc6,0x34,0x00,0x00,0x01,0x00,0x00,0x00,0x08,0x00,0x00,0x00,0xc5,0x34,0x00,0x00,
0x6e,0x00,0x04,0x00,0x32,0x00,0x00,0x00,0xc7,0x34,0x00,0x00,0xc6,0x34,0x00,0x00,
0xf9,0x00,0x02,0x00,0xc8,0x34,0x00,0x00,0xf8,0x00,0x02,0x00,0xc8,0x34,0x00,0x00,
0xf5,0x00,0x07,0x00,0x1a,0x00,0x00,0x00,0xcc,0x78,0x00,0x00,0x4c,0x01,0x00,0x00,
0xe8,0x2f,0x00,0x00,0xe7,0x34,0x00,0x00,0xe5,0x34,0x00,0x00,0xb1,0x00,0x05,0x00,
0x6e,0x00,0x00,0x00,0xcb,0x34,0x00,0x00,0xcc,0x78,0x00,0x00,0x7d,0x03,0x00,0x00,
0xf6,0x00,0x04,0x00,0xe8,0x34,0x00,0x00,0xe5,0x34,0x00,0x00,0x00,0x00,0x00,0x00,
0xfa,0x00,0x04,0x00,0xcb,0x34,0x00,0x00,0xcc,0x34,0x00,0x00,0xe8,0x34,0x00,0x00,
0xf8,0x00,0x02,0x00,0xcc,0x34,0x00,0x00,0x41,0x00,0x05,0x00,0x49,0x00,0x00,0x00,
0xd0,0x34,0x00,0x00,0xb2,0x34,0x00,0x00,0xcc,0x78,0x00,0x00,0x3d,0x00,0x04,0x00,
0x32,0x00,0x00,0x00,0xd1,0x34,0x00,0x00,0xd0,0x34,0x00,0x00,0x80,0x00,0x05,0x00,
0x32,0x00,0x00,0x00,0x07,0x35,0x00,0x00,0xc7,0x34,0x00,0x00,0xd1,0x34,0x00,0x00,
0x51,0x00,0x05,0x00,0x1a,0x00,0x00,0x00,0x0c,0x35,0x00,0x00,0x07,0x35,0x00,0x00,
0x00,0x00,0x00,0x00,0x0c,0x00,0x07,0x00,0x1a,0x00,0x00,0x00,0x1d,0x35,0x00,0x00,
0x01,0x00,0x00,0x00,0x27,0x00,0x00,0x00,0x0c,0x35,0x00,0x00,0xc1,0x0b,0x00,0x00,
0x0c,0x00,0x07,0x00,0x1a,0x00,0x00,0x00,0x22,0x35,0x00,0x00,0x01,0x00,0x00,0x00,
0x2a,0x00,0x00,0x00,0x4c,0x01,0x00,0x00,0x1d,0x35,0x00,0x00,0x51,0x00,0x05,0x00,
0x1a,0x00,0x00,0x00,0x14,0x35,0x00,0x00,0x07,0x35,0x00,0x00,0x01,0x00,0x00,0x00,
0x0c,0x00,0x07,0x00,0x1a,0x00,0x00,0x00,0x27,0x35,0x00,0x00,0x01,0x00,0x00,0x00,
0x27,0x00,0x00,0x00,0x14,0x35,0x00,0x00,0xc9,0x0b,0x00,0x00,0x0c,0x00,0x07,0x00,
0x1a,0x00,0x00,0x00,0x2c,0x35,0x00,0x00,0x01,0x00,0x00,0x00,0x2a,0x00,0x00,0x00,
0x4c,0x01,0x00,0x00,0x27,0x35,0x00,0x00,0x50,0x00,0x05,0x00,0x32,0x00,0x00,0x00,
0xeb,0x77,0x00,0x00,0x22,0x35,0x00,0x00,0x2c,0x35,0x00,0x00,0x3d,0x00,0x04,0x00,
0xb9,0x01,0x00,0x00,0x2f,0x35,0x00,0x00,0xbb,0x01,0x00,0x00,0x5f,0x00,0x07,0x00,
0x9f,0x00,0x00,0x00,0x31,0x35,0x00,0x00,0x2f,0x35,0x00,0x00,0xeb,0x77,0x00,0x00,
0x02,0x00,0x00,0x00,0x4c,0x01,0x00,0x00,0x51,0x00,0x05,0x00,0x13,0x00,0x00,0x00,
0x32,0x35,0x00,0x00,0x31,0x35,0x00,0x00,0x00,0x00,0x00,0x00,0x3d,0x00,0x04,0x00,
0xb9,0x01,0x00,0x00,0x36,0x35,0x00,0x00,0xd2,0x01,0x00,0x00,0x5f,0x00,0x07,0x00,
0x9f,0x00,0x00,0x00,0x37,0x35,0x00,0x00,0x36,0x35,0x00,0x00,0xd4,0x01,0x00,0x00,
0x02,0x00,0x00,0x00,0x4c,0x01,0x00,0x00,0x51,0x00,0x05,0x00,0x13,0x00,0x00,0x00,
0x38,0x35,0x00,0x00,0x37,0x35,0x00,0x00,0x00,0x00,0x00,0x00,0xb4,0x00,0x05,0x00,
0x6e,0x00,0x00,0x00,0x3a,0x35,0x00,0x00,0x38,0x35,0x00,0x00,0xd8,0x01,0x00,0x00,
0xf9,0x00,0x02,0x00,0x3c,0x35,0x00,0x00,0xf8,0x00,0x02,0x00,0x3c,0x35,0x00,0x00,
0xa9,0x00,0x06,0x00,0x13,0x00,0x00,0x00,0x30,0x7c,0x00,0x00,0x3a,0x35,0x00,0x00,
0xdc,0x01,0x00,0x00,0x38,0x35,0x00,0x00,0x85,0x00,0x05,0x00,0x13,0x00,0x00,0x00,
0xd7,0x34,0x00,0x00,0x32,0x35,0x00,0x00,0x30,0x7c,0x00,0x00,0x41,0x00,0x05,0x00,
0x14,0x00,0x00,0x00,0x35,0x68,0x00,0x00,0x34,0x68,0x00,0x00,0xcc,0x78,0x00,0x00,
0x3e,0x00,0x03,0x00,0x35,0x68,0x00,0x00,0xd7,0x34,0x00,0x00,0x3d,0x00,0x04,0x00,
0x13,0x00,0x00,0x00,0xdc,0x34,0x00,0x00,0x35,0x68,0x00,0x00,0x0c,0x00,0x07,0x00,
0x13,0x00,0x00,0x00,0x42,0x35,0x00,0x00,0x01,0x00,0x00,0x00,0x1a,0x00,0x00,0x00,
0xdc,0x34,0x00,0x00,0xdc,0x01,0x00,0x00,0x3e,0x00,0x03,0x00,0x35,0x68,0x00,0x00,
0x42,0x35,0x00,0x00,0x3d,0x00,0x04,0x00,0x13,0x00,0x00,0x00,0xe2,0x34,0x00,0x00,
0x35,0x68,0x00,0x00,0x0c,0x00,0x07,0x00,0x13,0x00,0x00,0x00,0x47,0x35,0x00,0x00,
0x01,0x00,0x00,0x00,0x28,0x00,0x00,0x00,0xe2,0x34,0x00,0x00,0x8d,0x03,0x00,0x00,
0x3e,0x00,0x03,0x00,0x35,0x68,0x00,0x00,0x47,0x35,0x00,0x00,0xf9,0x00,0x02,0x00,
0xe5,0x34,0x00,0x00,0xf8,0x00,0x02,0x00,0xe5,0x34,0x00,0x00,0x80,0x00,0x05,0x00,
0x1a,0x00,0x00,0x00,0xe7,0x34,0x00,0x00,0xcc,0x78,0x00,0x00,0x91,0x01,0x00,0x00,
0xf9,0x00,0x02,0x00,0xc8,0x34,0x00,0x00,0xf8,0x00,0x02,0x00,0xe8,0x34,0x00,0x00,
0x3d,0x00,0x04,0x00,0x82,0x00,0x00,0x00,0x3a,0x68,0x00,0x00,0x34,0x68,0x00,0x00,
0x3e,0x00,0x03,0x00,0x51,0x35,0x00,0x00,0xdf,0x03,0x00,0x00,0x81,0x00,0x05,0x00,
0x38,0x00,0x00,0x00,0x5f,0x35,0x00,0x00,0x3f,0x34,0x00,0x00,0xba,0x0c,0x00,0x00,
0x81,0x00,0x05,0x00,0x38,0x00,0x00,0x00,0x62,0x35,0x00,0x00,0x5f,0x35,0x00,0x00,
0x8d,0x34,0x00,0x00,0x51,0x00,0x05,0x00,0x13,0x00,0x00,0x00,0x9f,0x35,0x00,0x00,
0x62,0x35,0x00,0x00,0x00,0x00,0x00,0x00,0xbe,0x00,0x05,0x00,0x6e,0x00,0x00,0x00,
0xa0,0x35,0x00,0x00,0x9f,0x35,0x00,0x00,0xd8,0x01,0x00,0x00,0xf7,0x00,0x03,0x00,
0xa5,0x35,0x00,0x00,0x00,0x00,0x00,0x00,0xfa,0x00,0x04,0x00,0xa0,0x35,0x00,0x00,
0xa1,0x35,0x00,0x00,0xa5,0x35,0x00,0x00,0xf8,0x00,0x02,0x00,0xa1,0x35,0x00,0x00,
0xbc,0x00,0x05,0x00,0x6e,0x00,0x00,0x00,0xa4,0x35,0x00,0x00,0x9f,0x35,0x00,0x00,
0xdc,0x01,0x00,0x00,0xf9,0x00,0x02,0x00,0xa5,0x35,0x00,0x00,0xf8,0x00,0x02,0x00,
0xa5,0x35,0x00,0x00,0xf5,0x00,0x07,0x00,0x6e,0x00,0x00,0x00,0xa6,0x35,0x00,0x00,
0xa0,0x35,0x00,0x00,0xe8,0x34,0x00,0x00,0xa4,0x35,0x00,0x00,0xa1,0x35,0x00,0x00,
0xf7,0x00,0x03,0x00,0xb1,0x35,0x00,0x00,0x00,0x00,0x00,0x00,0xfa,0x00,0x04,0x00,
0xa6,0x35,0x00,0x00,0xa7,0x35,0x00,0x00,0xb1,0x35,0x00,0x00,0xf8,0x00,0x02,0x00,
0xa7,0x35,0x00,0x00,0x51,0x00,0x05,0x00,0x13,0x00,0x00,0x00,0xa9,0x35,0x00,0x00,
0x62,0x35,0x00,0x00,0x01,0x00,0x00,0x00,0xbe,0x00,0x05,0x00,0x6e,0x00,0x00,0x00,
0xaa,0x35,0x00,0x00,0xa9,0x35,0x00,0x00,0xd8,0x01,0x00,0x00,0xf7,0x00,0x03,0x00,
0xaf,0x35,0x00,0x00,0x00,0x00,0x00,0x00,0xfa,0x00,0x04,0x00,0xaa,0x35,0x00,0x00,
0xab,0x35,0x00,0x00,0xaf,0x35,0x00,0x00,0xf8,0x00,0x02,0x00,0xab,0x35,0x00,0x00,
0xbc,0x00,0x05,0x00,0x6e,0x00,0x00,0x00,0xae,0x35,0x00,0x00,0xa9,0x35,0x00,0x00,
0xdc,0x01,0x00,0x00,0xf9,0x00,0x02,0x00,0xaf,0x35,0x00,0x00,0xf8,0x00,0x02,0x00,
0xaf,0x35,0x00,0x00,0xf5,0x00,0x07,0x00,0x6e,0x00,0x00,0x00,0xb0,0x35,0x00,0x00,
0xaa,0x35,0x00,0x00,0xa7,0x35,0x00,0x00,0xae,0x35,0x00,0x00,0xab,0x35,0x00,0x00,
0xf9,0x00,0x02,0x00,0xb1,0x35,0x00,0x00,0xf8,0x00,0x02,0x00,0xb1,0x35,0x00,0x00,
0xf5,0x00,0x07,0x00,0x6e,0x00,0x00,0x00,0xb2,0x35,0x00,0x00,0xa6,0x35,0x00,0x00,
0xa5,0x35,0x00,0x00,0xb0,0x35,0x00,0x00,0xaf,0x35,0x00,0x00,0xf7,0x00,0x03,0x00,
0x92,0x35,0x00,0x00,0x00,0x00,0x00,0x00,0xfa,0x00,0x04,0x00,0xb2,0x35,0x00,0x00,
0x68,0x35,0x00,0x00,0x92,0x35,0x00,0x00,0xf8,0x00,0x02,0x00,0x68,0x35,0x00,0x00,
0x85,0x00,0x05,0x00,0x38,0x00,0x00,0x00,0x6c,0x35,0x00,0x00,0x62,0x35,0x00,0x00,
0xb9,0x0c,0x00,0x00,0x0c,0x00,0x06,0x00,0x38,0x00,0x00,0x00,0x6d,0x35,0x00,0x00,
0x01,0x00,0x00,0x00,0x08,0x00,0x00,0x00,0x6c,0x35,0x00,0x00,0x6e,0x00,0x04,0x00,
0x32,0x00,0x00,0x00,0x6e,0x35,0x00,0x00,0x6d,0x35,0x00,0x00,0xf9,0x00,0x02,0x00,
0x6f,0x35,0x00,0x00,0xf8,0x00,0x02,0x00,0x6f,0x35,0x00,0x00,0xf5,0x00,0x07,0x00,
0x1a,0x00,0x00,0x00,0xcd,0x78,0x00,0x00,0x4c,0x01,0x00,0x00,0x68,0x35,0x00,0x00,
0x90,0x35,0x00,0x00,0x8e,0x35,0x00,0x00,0xb1,0x00,0x05,0x00,0x6e,0x00,0x00,0x00,
0x72,0x35,0x00,0x00,0xcd,0x78,0x00,0x00,0x7d,0x03,0x00,0x00,0xf6,0x00,0x04,0x00,
0x91,0x35,0x00,0x00,0x8e,0x35,0x00,0x00,0x00,0x00,0x00,0x00,0xfa,0x00,0x04,0x00,
0x72,0x35,0x00,0x00,0x73,0x35,0x00,0x00,0x91,0x35,0x00,0x00,0xf8,0x00,0x02,0x00,
0x73,0x35,0x00,0x00,0x41,0x00,0x05,0x00,0x49,0x00,0x00,0x00,0x77,0x35,0x00,0x00,
0x51,0x35,0x00,0x00,0xcd,0x78,0x00,0x00,0x3d,0x00,0x04,0x00,0x32,0x00,0x00,0x00,
0x78,0x35,0x00,0x00,0x77,0x35,0x00,0x00,0x80,0x00,0x05,0x00,0x32,0x00,0x00,0x00,
0xc8,0x35,0x00,0x00,0x6e,0x35,0x00,0x00,0x78,0x35,0x00,0x00,0x51,0x00,0x05,0x00,
0x1a,0x00,0x00,0x00,0xca,0x35,0x00,0x00,0xf7,0x0c,0x00,0x00,0x00,0x00,0x00,0x00,
0x82,0x00,0x05,0x00,0x1a,0x00,0x00,0x00,0xcb,0x35,0x00,0x00,0xca,0x35,0x00,0x00,
0x91,0x01,0x00,0x00,0x51,0x00,0x05,0x00,0x1a,0x00,0x00,0x00,0xcd,0x35,0x00,0x00,
0xc8,0x35,0x00,0x00,0x00,0x00,0x00,0x00,0x0c,0x00,0x07,0x00,0x1a,0x00,0x00,0x00,
0xde,0x35,0x00,0x00,0x01,0x00,0x00,0x00,0x27,0x00,0x00,0x00,0xcd,0x35,0x00,0x00,
0xcb,0x35,0x00,0x00,0x0c,0x00,0x07,0x00,0x1a,0x00,0x00,0x00,0xe3,0x35,0x00,0x00,
0x01,0x00,0x00,0x00,0x2a,0x00,0x00,0x00,0x4c,0x01,0x00,0x00,0xde,0x35,0x00,0x00,
0x51,0x00,0x05,0x00,0x1a,0x00,0x00,0x00,0xd2,0x35,0x00,0x00,0xf7,0x0c,0x00,0x00,
0x01,0x00,0x00,0x00,0x82,0x00,0x05,0x00,0x1a,0x00,0x00,0x00,0xd3,0x35,0x00,0x00,
0xd2,0x35,0x00,0x00,0x91,0x01,0x00,0x00,0x51,0x00,0x05,0x00,0x1a,0x00,0x00,0x00,
0xd5,0x35,0x00,0x00,0xc8,0x35,0x00,0x00,0x01,0x00,0x00,0x00,0x0c,0x00,0x07,0x00,
0x1a,0x00,0x00,0x00,0xe8,0x35,0x00,0x00,0x01,0x00,0x00,0x00,0x27,0x00,0x00,0x00,
0xd5,0x35,0x00,0x00,0xd3,0x35,0x00,0x00,0x0c,0x00,0x07,0x00,0x1a,0x00,0x00,0x00,
0xed,0x35,0x00,0x00,0x01,0x00,0x00,0x00,0x2a,0x00,0x00,0x00,0x4c,0x01,0x00,0x00,
0xe8,0x35,0x00,0x00,0x50,0x00,0x05,0x00,0x32,0x00,0x00,0x00,0xea,0x77,0x00,0x00,
0xe3,0x35,0x00,0x00,0xed,0x35,0x00,0x00,0x3d,0x00,0x04,0x00,0xb9,0x01,0x00,0x00,
0xf0,0x35,0x00,0x00,0xc3,0x01,0x00,0x00,0x5f,0x00,0x07,0x00,0x9f,0x00,0x00,0x00,
0xf2,0x35,0x00,0x00,0xf0,0x35,0x00,0x00,0xea,0x77,0x00,0x00,0x02,0x00,0x00,0x00,
0x4c,0x01,0x00,0x00,0x51,0x00,0x05,0x00,0x13,0x00,0x00,0x00,0xf3,0x35,0x00,0x00,
0xf2,0x35,0x00,0x00,0x00,0x00,0x00,0x00,0x41,0x00,0x05,0x00,0xa2,0x01,0x00,0x00,
0xf6,0x35,0x00,0x00,0x8b,0x01,0x00,0x00,0xa1,0x01,0x00,0x00,0x3d,0x00,0x04,0x00,
0x13,0x00,0x00,0x00,0xf7,0x35,0x00,0x00,0xf6,0x35,0x00,0x00,0x85,0x00,0x05,0x00,
0x13,0x00,0x00,0x00,0x7e,0x35,0x00,0x00,0xf3,0x35,0x00,0x00,0xf7,0x35,0x00,0x00,
0x3d,0x00,0x04,0x00,0xb9,0x01,0x00,0x00,0xfb,0x35,0x00,0x00,0xd2,0x01,0x00,0x00,
0x5f,0x00,0x07,0x00,0x9f,0x00,0x00,0x00,0xfc,0x35,0x00,0x00,0xfb,0x35,0x00,0x00,
0xd4,0x01,0x00,0x00,0x02,0x00,0x00,0x00,0x4c,0x01,0x00,0x00,0x51,0x00,0x05,0x00,
0x13,0x00,0x00,0x00,0xfd,0x35,0x00,0x00,0xfc,0x35,0x00,0x00,0x00,0x00,0x00,0x00,
0xb4,0x00,0x05,0x00,0x6e,0x00,0x00,0x00,0xff,0x35,0x00,0x00,0xfd,0x35,0x00,0x00,
0xd8,0x01,0x00,0x00,0xf9,0x00,0x02,0x00,0x01,0x36,0x00,0x00,0xf8,0x00,0x02,0x00,
0x01,0x36,0x00,0x00,0xa9,0x00,0x06,0x00,0x13,0x00,0x00,0x00,0x31,0x7c,0x00,0x00,
0xff,0x35,0x00,0x00,0xdc,0x01,0x00,0x00,0xfd,0x35,0x00,0x00,0x85,0x00,0x05,0x00,
0x13,0x00,0x00,0x00,0x80,0x35,0x00,0x00,0x7e,0x35,0x00,0x00,0x31,0x7c,0x00,0x00,
0x41,0x00,0x05,0x00,0x14,0x00,0x00,0x00,0x76,0x70,0x00,0x00,0x75,0x70,0x00,0x00,
0xcd,0x78,0x00,0x00,0x3e,0x00,0x03,0x00,0x76,0x70,0x00,0x00,0x80,0x35,0x00,0x00,
0x3d,0x00,0x04,0x00,0x13,0x00,0x00,0x00,0x85,0x35,0x00,0x00,0x76,0x70,0x00,0x00,
0x0c,0x00,0x07,0x00,0x13,0x00,0x00,0x00,0x07,0x36,0x00,0x00,0x01,0x00,0x00,0x00,
0x1a,0x00,0x00,0x00,0x85,0x35,0x00,0x00,0xdc,0x01,0x00,0x00,0x3e,0x00,0x03,0x00,
0x76,0x70,0x00,0x00,0x07,0x36,0x00,0x00,0x3d,0x00,0x04,0x00,0x13,0x00,0x00,0x00,
0x8b,0x35,0x00,0x00,0x76,0x70,0x00,0x00,0x0c,0x00,0x07,0x00,0x13,0x00,0x00,0x00,
0x0c,0x36,0x00,0x00,0x01,0x00,0x00,0x00,0x28,0x00,0x00,0x00,0x8b,0x35,0x00,0x00,
0x8d,0x03,0x00,0x00,0x3e,0x00,0x03,0x00,0x76,0x70,0x00,0x00,0x0c,0x36,0x00,0x00,
0xf9,0x00,0x02,0x00,0x8e,0x35,0x00,0x00,0xf8,0x00,0x02,0x00,0x8e,0x35,0x00,0x00,
0x80,0x00,0x05,0x00,0x1a,0x00,0x00,0x00,0x90,0x35,0x00,0x00,0xcd,0x78,0x00,0x00,
0x91,0x01,0x00,0x00,0xf9,0x00,0x02,0x00,0x6f,0x35,0x00,0x00,0xf8,0x00,0x02,0x00,
0x91,0x35,0x00,0x00,0xf9,0x00,0x02,0x00,0x92,0x35,0x00,0x00,0xf8,0x00,0x02,0x00,
0x92,0x35,0x00,0x00,0x3d,0x00,0x04,0x00,0x82,0x00,0x00,0x00,0x7b,0x70,0x00,0x00,
0x75,0x70,0x00,0x00,0xf7,0x00,0x03,0x00,0xaa,0x34,0x00,0x00,0x00,0x00,0x00,0x00,
0xfa,0x00,0x04,0x00,0xb2,0x35,0x00,0x00,0xa4,0x34,0x00,0x00,0xaa,0x34,0x00,0x00,
0xf8,0x00,0x02,0x00,0xa4,0x34,0x00,0x00,0x51,0x00,0x05,0x00,0x13,0x00,0x00,0x00,
0x5a,0x70,0x00,0x00,0x3a,0x68,0x00,0x00,0x00,0x00,0x00,0x00,0x51,0x00,0x05,0x00,
0x13,0x00,0x00,0x00,0x5b,0x70,0x00,0x00,0x3a,0x68,0x00,0x00,0x01,0x00,0x00,0x00,
0x51,0x00,0x05,0x00,0x13,0x00,0x00,0x00,0x5c,0x70,0x00,0x00,0x3a,0x68,0x00,0x00,
0x02,0x00,0x00,0x00,0x51,0x00,0x05,0x00,0x13,0x00,0x00,0x00,0x5d,0x70,0x00,0x00,
0x3a,0x68,0x00,0x00,0x03,0x00,0x00,0x00,0x51,0x00,0x05,0x00,0x13,0x00,0x00,0x00,
0x5e,0x70,0x00,0x00,0x3a,0x68,0x00,0x00,0x04,0x00,0x00,0x00,0x0c,0x00,0x07,0x00,
0x13,0x00,0x00,0x00,0x14,0x37,0x00,0x00,0x01,0x00,0x00,0x00,0x25,0x00,0x00,0x00,
0x5a,0x70,0x00,0x00,0x5d,0x70,0x00,0x00,0x0c,0x00,0x07,0x00,0x13,0x00,0x00,0x00,
0x19,0x37,0x00,0x00,0x01,0x00,0x00,0x00,0x28,0x00,0x00,0x00,0x5a,0x70,0x00,0x00,
0x5d,0x70,0x00,0x00,0x0c,0x00,0x07,0x00,0x13,0x00,0x00,0x00,0x1e,0x37,0x00,0x00,
0x01,0x00,0x00,0x00,0x25,0x00,0x00,0x00,0x5b,0x70,0x00,0x00,0x5e,0x70,0x00,0x00,
0x0c,0x00,0x07,0x00,0x13,0x00,0x00,0x00,0x23,0x37,0x00,0x00,0x01,0x00,0x00,0x00,
0x28,0x00,0x00,0x00,0x5b,0x70,0x00,0x00,0x5e,0x70,0x00,0x00,0x0c,0x00,0x07,0x00,
0x13,0x00,0x00,0x00,0x28,0x37,0x00,0x00,0x01,0x00,0x00,0x00,0x25,0x00,0x00,0x00,
0x14,0x37,0x00,0x00,0x5c,0x70,0x00,0x00,0x0c,0x00,0x07,0x00,0x13,0x00,0x00,0x00,
0x2d,0x37,0x00,0x00,0x01,0x00,0x00,0x00,0x28,0x00,0x00,0x00,0x14,0x37,0x00,0x00,
0x5c,0x70,0x00,0x00,0x0c,0x00,0x07,0x00,0x13,0x00,0x00,0x00,0x32,0x37,0x00,0x00,
0x01,0x00,0x00,0x00,0x25,0x00,0x00,0x00,0x1e,0x37,0x00,0x00,0x19,0x37,0x00,0x00,
0x0c,0x00,0x07,0x00,0x13,0x00,0x00,0x00,0x37,0x37,0x00,0x00,0x01,0x00,0x00,0x00,
0x28,0x00,0x00,0x00,0x1e,0x37,0x00,0x00,0x19,0x37,0x00,0x00,0x0c,0x00,0x07,0x00,
0x13,0x00,0x00,0x00,0x3c,0x37,0x00,0x00,0x01,0x00,0x00,0x00,0x25,0x00,0x00,0x00,
0x28,0x37,0x00,0x00,0x32,0x37,0x00,0x00,0x0c,0x00,0x07,0x00,0x13,0x00,0x00,0x00,
0x41,0x37,0x00,0x00,0x01,0x00,0x00,0x00,0x28,0x00,0x00,0x00,0x28,0x37,0x00,0x00,
0x32,0x37,0x00,0x00,0x0c,0x00,0x07,0x00,0x13,0x00,0x00,0x00,0x46,0x37,0x00,0x00,
0x01,0x00,0x00,0x00,0x25,0x00,0x00,0x00,0x2d,0x37,0x00,0x00,0x23,0x37,0x00,0x00,
0x0c,0x00,0x07,0x00,0x13,0x00,0x00,0x00,0x4b,0x37,0x00,0x00,0x01,0x00,0x00,0x00,
0x28,0x00,0x00,0x00,0x2d,0x37,0x00,0x00,0x23,0x37,0x00,0x00,0x0c,0x00,0x07,0x00,
0x13,0x00,0x00,0x00,0x50,0x37,0x00,0x00,0x01,0x00,0x00,0x00,0x25,0x00,0x00,0x00,
0x41,0x37,0x00,0x00,0x46,0x37,0x00,0x00,0x0c,0x00,0x07,0x00,0x13,0x00,0x00,0x00,
0x55,0x37,0x00,0x00,0x01,0x00,0x00,0x00,0x28,0x00,0x00,0x00,0x41,0x37,0x00,0x00,
0x46,0x37,0x00,0x00,0x0c,0x00,0x07,0x00,0x13,0x00,0x00,0x00,0x5a,0x37,0x00,0x00,
0x01,0x00,0x00,0x00,0x25,0x00,0x00,0x00,0x37,0x37,0x00,0x00,0x4b,0x37,0x00,0x00,
0x0c,0x00,0x07,0x00,0x13,0x00,0x00,0x00,0x5f,0x37,0x00,0x00,0x01,0x00,0x00,0x00,
0x28,0x00,0x00,0x00,0x37,0x37,0x00,0x00,0x4b,0x37,0x00,0x00,0x0c,0x00,0x07,0x00,
0x13,0x00,0x00,0x00,0x64,0x37,0x00,0x00,0x01,0x00,0x00,0x00,0x25,0x00,0x00,0x00,
0x55,0x37,0x00,0x00,0x5a,0x37,0x00,0x00,0x0c,0x00,0x07,0x00,0x13,0x00,0x00,0x00,
0x69,0x37,0x00,0x00,0x01,0x00,0x00,0x00,0x28,0x00,0x00,0x00,0x55,0x37,0x00,0x00,
0x5a,0x37,0x00,0x00,0x50,0x00,0x08,0x00,0x82,0x00,0x00,0x00,0x64,0x70,0x00,0x00,
0x3c,0x37,0x00,0x00,0x50,0x37,0x00,0x00,0x64,0x37,0x00,0x00,0x69,0x37,0x00,0x00,
0x5f,0x37,0x00,0x00,0x3e,0x00,0x03,0x00,0x48,0x68,0x00,0x00,0x64,0x70,0x00,0x00,
0x51,0x00,0x05,0x00,0x13,0x00,0x00,0x00,0x6a,0x70,0x00,0x00,0x7b,0x70,0x00,0x00,
0x00,0x00,0x00,0x00,0x51,0x00,0x05,0x00,0x13,0x00,0x00,0x00,0x6b,0x70,0x00,0x00,
0x7b,0x70,0x00,0x00,0x01,0x00,0x00,0x00,0x51,0x00,0x05,0x00,0x13,0x00,0x00,0x00,
0x6c,0x70,0x00,0x00,0x7b,0x70,0x00,0x00,0x02,0x00,0x00,0x00,0x51,0x00,0x05,0x00,
0x13,0x00,0x00,0x00,0x6d,0x70,0x00,0x00,0x7b,0x70,0x00,0x00,0x03,0x00,0x00,0x00,
0x51,0x00,0x05,0x00,0x13,0x00,0x00,0x00,0x6e,0x70,0x00,0x00,0x7b,0x70,0x00,0x00,
0x04,0x00,0x00,0x00,0x0c,0x00,0x07,0x00,0x13,0x00,0x00,0x00,0x11,0x38,0x00,0x00,
0x01,0x00,0x00,0x00,0x25,0x00,0x00,0x00,0x6a,0x70,0x00,0x00,0x6d,0x70,0x00,0x00,
0x0c,0x00,0x07,0x00,0x13,0x00,0x00,0x00,0x16,0x38,0x00,0x00,0x01,0x00,0x00,0x00,
0x28,0x00,0x00,0x00,0x6a,0x70,0x00,0x00,0x6d,0x70,0x00,0x00,0x0c,0x00,0x07,0x00,
0x13,0x00,0x00,0x00,0x1b,0x38,0x00,0x00,0x01,0x00,0x00,0x00,0x25,0x00,0x00,0x00,
0x6b,0x70,0x00,0x00,0x6e,0x70,0x00,0x00,0x0c,0x00,0x07,0x00,0x13,0x00,0x00,0x00,
0x20,0x38,0x00,0x00,0x01,0x00,0x00,0x00,0x28,0x00,0x00,0x00,0x6b,0x70,0x00,0x00,
0x6e,0x70,0x00,0x00,0x0c,0x00,0x07,0x00,0x13,0x00,0x00,0x00,0x25,0x38,0x00,0x00,
0x01,0x00,0x00,0x00,0x25,0x00,0x00,0x00,0x11,0x38,0x00,0x00,0x6c,0x70,0x00,0x00,
0x0c,0x00,0x07,0x00,0x13,0x00,0x00,0x00,0x2a,0x38,0x00,0x00,0x01,0x00,0x00,0x00,
0x28,0x00,0x00,0x00,0x11,0x38,0x00,0x00,0x6c,0x70,0x00,0x00,0x0c,0x00,0x07,0x00,
0x13,0x00,0x00,0x00,0x2f,0x38,0x00,0x00,0x01,0x00,0x00,0x00,0x25,0x00,0x00,0x00,
0x1b,0x38,0x00,0x00,0x16,0x38,0x00,0x00,0x0c,0x00,0x07,0x00,0x13,0x00,0x00,0x00,
0x34,0x38,0x00,0x00,0x01,0x00,0x00,0x00,0x28,0x00,0x00,0x00,0x1b,0x38,0x00,0x00,
0x16,0x38,0x00,0x00,0x0c,0x00,0x07,0x00,0x13,0x00,0x00,0x00,0x39,0x38,0x00,0x00,
0x01,0x00,0x00,0x00,0x25,0x00,0x00,0x00,0x25,0x38,0x00,0x00,0x2f,0x38,0x00,0x00,
0x0c,0x00,0x07,0x00,0x13,0x00,0x00,0x00,0x3e,0x38,0x00,0x00,0x01,0x00,0x00,0x00,
0x28,0x00,0x00,0x00,0x25,0x38,0x00,0x00,0x2f,0x38,0x00,0x00,0x0c,0x00,0x07,0x00,
0x13,0x00,0x00,0x00,0x43,0x38,0x00,0x00,0x01,0x00,0x00,0x00,0x25,0x00,0x00,0x00,
0x2a,0x38,0x00,0x00,0x20,0x38,0x00,0x00,0x0c,0x00,0x07,0x00,0x13,0x00,0x00,0x00,
0x48,0x38,0x00,0x00,0x01,0x00,0x00,0x00,0x28,0x00,0x00,0x00,0x2a,0x38,0x00,0x00,
0x20,0x38,0x00,0x00,0x0c,0x00,0x07,0x00,0x13,0x00,0x00,0x00,0x4d,0x38,0x00,0x00,
0x01,0x00,0x00,0x00,0x25,0x00,0x00,0x00,0x3e,0x38,0x00,0x00,0x43,0x38,0x00,0x00,
0x0c,0x00,0x07,0x00,0x13,0x00,0x00,0x00,0x52,0x38,0x00,0x00,0x01,0x00,0x00,0x00,
0x28,0x00,0x00,0x00,0x3e,0x38,0x00,0x00,0x43,0x38,0x00,0x00,0x0c,0x00,0x07,0x00,
0x13,0x00,0x00,0x00,0x57,0x38,0x00,0x00,0x01,0x00,0x00,0x00,0x25,0x00,0x00,0x00,
0x34,0x38,0x00,0x00,0x48,0x38,0x00,0x00,0x0c,0x00,0x07,0x00,0x13,0x00,0x00,0x00,
0x5c,0x38,0x00,0x00,0x01,0x00,0x00,0x00,0x28,0x00,0x00,0x00,0x34,0x38,0x00,0x00,
0x48,0x38,0x00,0x00,0x0c,0x00,0x07,0x00,0x13,0x00,0x00,0x00,0x61,0x38,0x00,0x00,
0x01,0x00,0x00,0x00,0x25,0x00,0x00,0x00,0x52,0x38,0x00,0x00,0x57,0x38,0x00,0x00,
0x0c,0x00,0x07,0x00,0x13,0x00,0x00,0x00,0x66,0x38,0x00,0x00,0x01,0x00,0x00,0x00,
0x28,0x00,0x00,0x00,0x52,0x38,0x00,0x00,0x57,0x38,0x00,0x00,0x50,0x00,0x08,0x00,
0x82,0x00,0x00,0x00,0x74,0x70,0x00,0x00,0x39,0x38,0x00,0x00,0x4d,0x38,0x00,0x00,
0x61,0x38,0x00,0x00,0x66,0x38,0x00,0x00,0x5c,0x38,0x00,0x00,0x3e,0x00,0x03,0x00,
0x52,0x68,0x00,0x00,0x74,0x70,0x00,0x00,0x41,0x00,0x05,0x00,0x14,0x00,0x00,0x00,
0x4d,0x68,0x00,0x00,0x48,0x68,0x00,0x00,0xcd,0x02,0x00,0x00,0x3d,0x00,0x04,0x00,
0x13,0x00,0x00,0x00,0x20,0x36,0x00,0x00,0x4d,0x68,0x00,0x00,0x41,0x00,0x05,0x00,
0x14,0x00,0x00,0x00,0x57,0x68,0x00,0x00,0x52,0x68,0x00,0x00,0xcd,0x02,0x00,0x00,
0x3d,0x00,0x04,0x00,0x13,0x00,0x00,0x00,0x22,0x36,0x00,0x00,0x57,0x68,0x00,0x00,
0x0c,0x00,0x07,0x00,0x13,0x00,0x00,0x00,0x6b,0x38,0x00,0x00,0x01,0x00,0x00,0x00,
0x25,0x00,0x00,0x00,0x20,0x36,0x00,0x00,0x22,0x36,0x00,0x00,0xba,0x00,0x05,0x00,
0x6e,0x00,0x00,0x00,0x25,0x36,0x00,0x00,0x6b,0x38,0x00,0x00,0x72,0x03,0x00,0x00,
0xf7,0x00,0x03,0x00,0x67,0x36,0x00,0x00,0x00,0x00,0x00,0x00,0xfa,0x00,0x04,0x00,
0x25,0x36,0x00,0x00,0x26,0x36,0x00,0x00,0x67,0x36,0x00,0x00,0xf8,0x00,0x02,0x00,
0x26,0x36,0x00,0x00,0xf9,0x00,0x02,0x00,0x27,0x36,0x00,0x00,0xf8,0x00,0x02,0x00,
0x27,0x36,0x00,0x00,0xf5,0x00,0x07,0x00,0x1a,0x00,0x00,0x00,0xb7,0x7a,0x00,0x00,
0x4c,0x01,0x00,0x00,0x26,0x36,0x00,0x00,0x0b,0x7c,0x00,0x00,0x63,0x36,0x00,0x00,
0xf5,0x00,0x07,0x00,0x1a,0x00,0x00,0x00,0xb6,0x7a,0x00,0x00,0x4c,0x01,0x00,0x00,
0x26,0x36,0x00,0x00,0x0a,0x7c,0x00,0x00,0x63,0x36,0x00,0x00,0xf5,0x00,0x07,0x00,
0x13,0x00,0x00,0x00,0xcf,0x78,0x00,0x00,0x5e,0x03,0x00,0x00,0x26,0x36,0x00,0x00,
0x69,0x7b,0x00,0x00,0x63,0x36,0x00,0x00,0xf5,0x00,0x07,0x00,0x1a,0x00,0x00,0x00,
0xce,0x78,0x00,0x00,0x4c,0x01,0x00,0x00,0x26,0x36,0x00,0x00,0x65,0x36,0x00,0x00,
0x63,0x36,0x00,0x00,0xb1,0x00,0x05,0x00,0x6e,0x00,0x00,0x00,0x2a,0x36,0x00,0x00,
0xce,0x78,0x00,0x00,0x7d,0x03,0x00,0x00,0xb8,0x00,0x05,0x00,0x6e,0x00,0x00,0x00,
0x2c,0x36,0x00,0x00,0xcf,0x78,0x00,0x00,0x80,0x03,0x00,0x00,0xa7,0x00,0x05,0x00,
0x6e,0x00,0x00,0x00,0x2d,0x36,0x00,0x00,0x2a,0x36,0x00,0x00,0x2c,0x36,0x00,0x00,
0xf6,0x00,0x04,0x00,0x66,0x36,0x00,0x00,0x63,0x36,0x00,0x00,0x00,0x00,0x00,0x00,
0xfa,0x00,0x04,0x00,0x2d,0x36,0x00,0x00,0x2e,0x36,0x00,0x00,0x66,0x36,0x00,0x00,
0xf8,0x00,0x02,0x00,0x2e,0x36,0x00,0x00,0x41,0x00,0x05,0x00,0x14,0x00,0x00,0x00,
0x4e,0x68,0x00,0x00,0x48,0x68,0x00,0x00,0xb6,0x7a,0x00,0x00,0x3d,0x00,0x04,0x00,
0x13,0x00,0x00,0x00,0x31,0x36,0x00,0x00,0x4e,0x68,0x00,0x00,0x41,0x00,0x05,0x00,
0x14,0x00,0x00,0x00,0x58,0x68,0x00,0x00,0x52,0x68,0x00,0x00,0xb7,0x7a,0x00,0x00,
0x3d,0x00,0x04,0x00,0x13,0x00,0x00,0x00,0x34,0x36,0x00,0x00,0x58,0x68,0x00,0x00,
0x83,0x00,0x05,0x00,0x13,0x00,0x00,0x00,0x35,0x36,0x00,0x00,0x31,0x36,0x00,0x00,
0x34,0x36,0x00,0x00,0x0c,0x00,0x06,0x00,0x13,0x00,0x00,0x00,0x37,0x36,0x00,0x00,
0x01,0x00,0x00,0x00,0x04,0x00,0x00,0x00,0x35,0x36,0x00,0x00,0xba,0x00,0x05,0x00,
0x6e,0x00,0x00,0x00,0x38,0x36,0x00,0x00,0x37,0x36,0x00,0x00,0x8d,0x03,0x00,0x00,
0xf7,0x00,0x03,0x00,0x62,0x36,0x00,0x00,0x00,0x00,0x00,0x00,0xfa,0x00,0x04,0x00,
0x38,0x36,0x00,0x00,0x39,0x36,0x00,0x00,0x61,0x36,0x00,0x00,0xf8,0x00,0x02,0x00,
0x61,0x36,0x00,0x00,0xf9,0x00,0x02,0x00,0x62,0x36,0x00,0x00,0xf8,0x00,0x02,0x00,
0x39,0x36,0x00,0x00,0x0c,0x00,0x06,0x00,0x13,0x00,0x00,0x00,0x3b,0x36,0x00,0x00,
0x01,0x00,0x00,0x00,0x06,0x00,0x00,0x00,0x35,0x36,0x00,0x00,0x3d,0x00,0x04,0x00,
0x13,0x00,0x00,0x00,0x3e,0x36,0x00,0x00,0x4e,0x68,0x00,0x00,0x3d,0x00,0x04,0x00,
0x13,0x00,0x00,0x00,0x41,0x36,0x00,0x00,0x58,0x68,0x00,0x00,0x0c,0x00,0x07,0x00,
0x13,0x00,0x00,0x00,0x82,0x38,0x00,0x00,0x01,0x00,0x00,0x00,0x28,0x00,0x00,0x00,
0x3e,0x36,0x00,0x00,0x41,0x36,0x00,0x00,0xb7,0x00,0x05,0x00,0x6e,0x00,0x00,0x00,
0x76,0x38,0x00,0x00,0x82,0x38,0x00,0x00,0xd8,0x01,0x00,0x00,0xf7,0x00,0x03,0x00,
0x7c,0x38,0x00,0x00,0x00,0x00,0x00,0x00,0xfa,0x00,0x04,0x00,0x76,0x38,0x00,0x00,
0x77,0x38,0x00,0x00,0x7b,0x38,0x00,0x00,0xf8,0x00,0x02,0x00,0x7b,0x38,0x00,0x00,
0xf9,0x00,0x02,0x00,0x7c,0x38,0x00,0x00,0xf8,0x00,0x02,0x00,0x77,0x38,0x00,0x00,
0x0c,0x00,0x07,0x00,0x13,0x00,0x00,0x00,0x87,0x38,0x00,0x00,0x01,0x00,0x00,0x00,
0x25,0x00,0x00,0x00,0x3e,0x36,0x00,0x00,0x41,0x36,0x00,0x00,0x88,0x00,0x05,0x00,
0x13,0x00,0x00,0x00,0x7a,0x38,0x00,0x00,0x87,0x38,0x00,0x00,0x82,0x38,0x00,0x00,
0xf9,0x00,0x02,0x00,0x7c,0x38,0x00,0x00,0xf8,0x00,0x02,0x00,0x7c,0x38,0x00,0x00,
0xf5,0x00,0x07,0x00,0x13,0x00,0x00,0x00,0xb8,0x7a,0x00,0x00,0xd8,0x01,0x00,0x00,
0x7b,0x38,0x00,0x00,0x7a,0x38,0x00,0x00,0x77,0x38,0x00,0x00,0x83,0x00,0x05,0x00,
0x13,0x00,0x00,0x00,0x43,0x36,0x00,0x00,0xdc,0x01,0x00,0x00,0xb8,0x7a,0x00,0x00,
0x85,0x00,0x05,0x00,0x13,0x00,0x00,0x00,0x44,0x36,0x00,0x00,0x3b,0x36,0x00,0x00,
0x43,0x36,0x00,0x00,0x0c,0x00,0x06,0x00,0x13,0x00,0x00,0x00,0x46,0x36,0x00,0x00,
0x01,0x00,0x00,0x00,0x04,0x00,0x00,0x00,0x44,0x36,0x00,0x00,0x0c,0x00,0x06,0x00,
0x13,0x00,0x00,0x00,0x48,0x36,0x00,0x00,0x01,0x00,0x00,0x00,0x04,0x00,0x00,0x00,
0xcf,0x78,0x00,0x00,0xb8,0x00,0x05,0x00,0x6e,0x00,0x00,0x00,0x49,0x36,0x00,0x00,
0x46,0x36,0x00,0x00,0x48,0x36,0x00,0x00,0xa9,0x00,0x06,0x00,0x13,0x00,0x00,0x00,
0x4c,0x36,0x00,0x00,0x49,0x36,0x00,0x00,0x44,0x36,0x00,0x00,0xcf,0x78,0x00,0x00,
0x3d,0x00,0x04,0x00,0x13,0x00,0x00,0x00,0x4f,0x36,0x00,0x00,0x4e,0x68,0x00,0x00,
0x3d,0x00,0x04,0x00,0x13,0x00,0x00,0x00,0x52,0x36,0x00,0x00,0x58,0x68,0x00,0x00,
0xb8,0x00,0x05,0x00,0x6e,0x00,0x00,0x00,0x53,0x36,0x00,0x00,0x4f,0x36,0x00,0x00,
0x52,0x36,0x00,0x00,0xa9,0x00,0x06,0x00,0x1a,0x00,0x00,0x00,0x54,0x36,0x00,0x00,
0x53,0x36,0x00,0x00,0x91,0x01,0x00,0x00,0x4c,0x01,0x00,0x00,0x80,0x00,0x05,0x00,
0x1a,0x00,0x00,0x00,0x56,0x36,0x00,0x00,0xb6,0x7a,0x00,0x00,0x54,0x36,0x00,0x00,
0x41,0x00,0x05,0x00,0x14,0x00,0x00,0x00,0x51,0x68,0x00,0x00,0x48,0x68,0x00,0x00,
0x56,0x36,0x00,0x00,0x3d,0x00,0x04,0x00,0x13,0x00,0x00,0x00,0x59,0x36,0x00,0x00,
0x51,0x68,0x00,0x00,0x3d,0x00,0x04,0x00,0x13,0x00,0x00,0x00,0x5c,0x36,0x00,0x00,
0x58,0x68,0x00,0x00,0xbe,0x00,0x05,0x00,0x6e,0x00,0x00,0x00,0x5d,0x36,0x00,0x00,
0x59,0x36,0x00,0x00,0x5c,0x36,0x00,0x00,0xa9,0x00,0x06,0x00,0x1a,0x00,0x00,0x00,
0x5e,0x36,0x00,0x00,0x5d,0x36,0x00,0x00,0x91,0x01,0x00,0x00,0x4c,0x01,0x00,0x00,
0x80,0x00,0x05,0x00,0x1a,0x00,0x00,0x00,0x60,0x36,0x00,0x00,0xb7,0x7a,0x00,0x00,
0x5e,0x36,0x00,0x00,0xf9,0x00,0x02,0x00,0x62,0x36,0x00,0x00,0xf8,0x00,0x02,0x00,
0x62,0x36,0x00,0x00,0xf5,0x00,0x07,0x00,0x1a,0x00,0x00,0x00,0x0b,0x7c,0x00,0x00,
0xb7,0x7a,0x00,0x00,0x61,0x36,0x00,0x00,0x60,0x36,0x00,0x00,0x7c,0x38,0x00,0x00,
0xf5,0x00,0x07,0x00,0x1a,0x00,0x00,0x00,0x0a,0x7c,0x00,0x00,0xb6,0x7a,0x00,0x00,
0x61,0x36,0x00,0x00,0x56,0x36,0x00,0x00,0x7c,0x38,0x00,0x00,0xf5,0x00,0x07,0x00,
0x13,0x00,0x00,0x00,0x69,0x7b,0x00,0x00,0x80,0x03,0x00,0x00,0x61,0x36,0x00,0x00,
0x4c,0x36,0x00,0x00,0x7c,0x38,0x00,0x00,0xf9,0x00,0x02,0x00,0x63,0x36,0x00,0x00,
0xf8,0x00,0x02,0x00,0x63,0x36,0x00,0x00,0x80,0x00,0x05,0x00,0x1a,0x00,0x00,0x00,
0x65,0x36,0x00,0x00,0xce,0x78,0x00,0x00,0x91,0x01,0x00,0x00,0xf9,0x00,0x02,0x00,
0x27,0x36,0x00,0x00,0xf8,0x00,0x02,0x00,0x66,0x36,0x00,0x00,0xf9,0x00,0x02,0x00,
0x67,0x36,0x00,0x00,0xf8,0x00,0x02,0x00,0x67,0x36,0x00,0x00,0xf5,0x00,0x07,0x00,
0x13,0x00,0x00,0x00,0xd0,0x78,0x00,0x00,0x5e,0x03,0x00,0x00,0xa4,0x34,0x00,0x00,
0xcf,0x78,0x00,0x00,0x66,0x36,0x00,0x00,0xb8,0x00,0x05,0x00,0x6e,0x00,0x00,0x00,
0x6a,0x36,0x00,0x00,0xd0,0x78,0x00,0x00,0x5e,0x03,0x00,0x00,0xa9,0x00,0x06,0x00,
0x13,0x00,0x00,0x00,0x6b,0x36,0x00,0x00,0x6a,0x36,0x00,0x00,0xdc,0x01,0x00,0x00,
0xd8,0x01,0x00,0x00,0x85,0x00,0x05,0x00,0x13,0x00,0x00,0x00,0x6c,0x36,0x00,0x00,
0xd0,0x78,0x00,0x00,0x6b,0x36,0x00,0x00,0xf9,0x00,0x02,0x00,0xaa,0x34,0x00,0x00,
0xf8,0x00,0x02,0x00,0xaa,0x34,0x00,0x00,0xf5,0x00,0x07,0x00,0x13,0x00,0x00,0x00,
0xd1,0x78,0x00,0x00,0xd8,0x01,0x00,0x00,0x92,0x35,0x00,0x00,0x6c,0x36,0x00,0x00,
0x67,0x36,0x00,0x00,0x52,0x00,0x06,0x00,0x9f,0x00,0x00,0x00,0xc7,0x76,0x00,0x00,
0xd1,0x78,0x00,0x00,0x8e,0x04,0x00,0x00,0x00,0x00,0x00,0x00,0xb7,0x00,0x05,0x00,
0x6e,0x00,0x00,0x00,0x47,0x34,0x00,0x00,0xd1,0x78,0x00,0x00,0xd8,0x01,0x00,0x00,
0xf7,0x00,0x03,0x00,0x4c,0x34,0x00,0x00,0x00,0x00,0x00,0x00,0xfa,0x00,0x04,0x00,
0x47,0x34,0x00,0x00,0x48,0x34,0x00,0x00,0x4b,0x34,0x00,0x00,0xf8,0x00,0x02,0x00,
0x4b,0x34,0x00,0x00,0xf9,0x00,0x02,0x00,0x4c,0x34,0x00,0x00,0xf8,0x00,0x02,0x00,
0x48,0x34,0x00,0x00,0x0c,0x00,0x06,0x00,0x13,0x00,0x00,0x00,0x4a,0x34,0x00,0x00,
0x01,0x00,0x00,0x00,0x06,0x00,0x00,0x00,0xd1,0x78,0x00,0x00,0xf9,0x00,0x02,0x00,
0x4c,0x34,0x00,0x00,0xf8,0x00,0x02,0x00,0x4c,0x34,0x00,0x00,0xf5,0x00,0x07,0x00,
0x13,0x00,0x00,0x00,0xd8,0x78,0x00,0x00,0xd8,0x01,0x00,0x00,0x4b,0x34,0x00,0x00,
0x4a,0x34,0x00,0x00,0x48,0x34,0x00,0x00,0x52,0x00,0x06,0x00,0x9f,0x00,0x00,0x00,
0xc9,0x76,0x00,0x00,0xd8,0x78,0x00,0x00,0xc7,0x76,0x00,0x00,0x01,0x00,0x00,0x00,
0x52,0x00,0x06,0x00,0x9f,0x00,0x00,0x00,0xcb,0x76,0x00,0x00,0xdc,0x01,0x00,0x00,
0xc9,0x76,0x00,0x00,0x02,0x00,0x00,0x00,0x7c,0x00,0x04,0x00,0x32,0x00,0x00,0x00,
0xb2,0x2f,0x00,0x00,0x90,0x2f,0x00,0x00,0x6f,0x00,0x04,0x00,0x38,0x00,0x00,0x00,
0xb3,0x2f,0x00,0x00,0xb2,0x2f,0x00,0x00,0x6e,0x00,0x04,0x00,0x32,0x00,0x00,0x00,
0x98,0x38,0x00,0x00,0xb3,0x2f,0x00,0x00,0x51,0x00,0x05,0x00,0x1a,0x00,0x00,0x00,
0xcb,0x38,0x00,0x00,0x98,0x38,0x00,0x00,0x00,0x00,0x00,0x00,0x0c,0x00,0x07,0x00,
0x1a,0x00,0x00,0x00,0xdc,0x38,0x00,0x00,0x01,0x00,0x00,0x00,0x27,0x00,0x00,0x00,
0xcb,0x38,0x00,0x00,0xc1,0x0b,0x00,0x00,0x0c,0x00,0x07,0x00,0x1a,0x00,0x00,0x00,
0xe1,0x38,0x00,0x00,0x01,0x00,0x00,0x00,0x2a,0x00,0x00,0x00,0x4c,0x01,0x00,0x00,
0xdc,0x38,0x00,0x00,0x51,0x00,0x05,0x00,0x1a,0x00,0x00,0x00,0xd3,0x38,0x00,0x00,
0x98,0x38,0x00,0x00,0x01,0x00,0x00,0x00,0x0c,0x00,0x07,0x00,0x1a,0x00,0x00,0x00,
0xe6,0x38,0x00,0x00,0x01,0x00,0x00,0x00,0x27,0x00,0x00,0x00,0xd3,0x38,0x00,0x00,
0xc9,0x0b,0x00,0x00,0x0c,0x00,0x07,0x00,0x1a,0x00,0x00,0x00,0xeb,0x38,0x00,0x00,
0x01,0x00,0x00,0x00,0x2a,0x00,0x00,0x00,0x4c,0x01,0x00,0x00,0xe6,0x38,0x00,0x00,
0x50,0x00,0x05,0x00,0x32,0x00,0x00,0x00,0xd1,0x77,0x00,0x00,0xe1,0x38,0x00,0x00,
0xeb,0x38,0x00,0x00,0x3d,0x00,0x04,0x00,0xb9,0x01,0x00,0x00,0xee,0x38,0x00,0x00,
0xca,0x01,0x00,0x00,0x5f,0x00,0x07,0x00,0x9f,0x00,0x00,0x00,0xf0,0x38,0x00,0x00,
0xee,0x38,0x00,0x00,0xd1,0x77,0x00,0x00,0x02,0x00,0x00,0x00,0x4c,0x01,0x00,0x00,
0x4f,0x00,0x07,0x00,0x38,0x00,0x00,0x00,0xf1,0x38,0x00,0x00,0xf0,0x38,0x00,0x00,
0xf0,0x38,0x00,0x00,0x00,0x00,0x00,0x00,0x01,0x00,0x00,0x00,0x6f,0x00,0x04,0x00,
0x38,0x00,0x00,0x00,0x9e,0x38,0x00,0x00,0xd1,0x77,0x00,0x00,0x81,0x00,0x05,0x00,
0x38,0x00,0x00,0x00,0xa0,0x38,0x00,0x00,0x9e,0x38,0x00,0x00,0xc7,0x77,0x00,0x00,
0x88,0x00,0x05,0x00,0x38,0x00,0x00,0x00,0xa3,0x38,0x00,0x00,0xa0,0x38,0x00,0x00,
0x9a,0x0b,0x00,0x00,0x3e,0x00,0x03,0x00,0x16,0x39,0x00,0x00,0xdf,0x03,0x00,0x00,
0x81,0x00,0x05,0x00,0x38,0x00,0x00,0x00,0x25,0x39,0x00,0x00,0xa3,0x38,0x00,0x00,
0x1c,0x0c,0x00,0x00,0x85,0x00,0x05,0x00,0x38,0x00,0x00,0x00,0x29,0x39,0x00,0x00,
0x25,0x39,0x00,0x00,0x9a,0x0b,0x00,0x00,0x0c,0x00,0x06,0x00,0x38,0x00,0x00,0x00,
0x2a,0x39,0x00,0x00,0x01,0x00,0x00,0x00,0x08,0x00,0x00,0x00,0x29,0x39,0x00,0x00,
0x6e,0x00,0x04,0x00,0x32,0x00,0x00,0x00,0x2b,0x39,0x00,0x00,0x2a,0x39,0x00,0x00,
0xf9,0x00,0x02,0x00,0x2c,0x39,0x00,0x00,0xf8,0x00,0x02,0x00,0x2c,0x39,0x00,0x00,
0xf5,0x00,0x07,0x00,0x1a,0x00,0x00,0x00,0xda,0x78,0x00,0x00,0x4c,0x01,0x00,0x00,
0x4c,0x34,0x00,0x00,0x4b,0x39,0x00,0x00,0x49,0x39,0x00,0x00,0xb1,0x00,0x05,0x00,
0x6e,0x00,0x00,0x00,0x2f,0x39,0x00,0x00,0xda,0x78,0x00,0x00,0x7d,0x03,0x00,0x00,
0xf6,0x00,0x04,0x00,0x4c,0x39,0x00,0x00,0x49,0x39,0x00,0x00,0x00,0x00,0x00,0x00,
0xfa,0x00,0x04,0x00,0x2f,0x39,0x00,0x00,0x30,0x39,0x00,0x00,0x4c,0x39,0x00,0x00,
0xf8,0x00,0x02,0x00,0x30,0x39,0x00,0x00,0x41,0x00,0x05,0x00,0x49,0x00,0x00,0x00,
0x34,0x39,0x00,0x00,0x16,0x39,0x00,0x00,0xda,0x78,0x00,0x00,0x3d,0x00,0x04,0x00,
0x32,0x00,0x00,0x00,0x35,0x39,0x00,0x00,0x34,0x39,0x00,0x00,0x80,0x00,0x05,0x00,
0x32,0x00,0x00,0x00,0x6b,0x39,0x00,0x00,0x2b,0x39,0x00,0x00,0x35,0x39,0x00,0x00,
0x51,0x00,0x05,0x00,0x1a,0x00,0x00,0x00,0x70,0x39,0x00,0x00,0x6b,0x39,0x00,0x00,
0x00,0x00,0x00,0x00,0x0c,0x00,0x07,0x00,0x1a,0x00,0x00,0x00,0x81,0x39,0x00,0x00,
0x01,0x00,0x00,0x00,0x27,0x00,0x00,0x00,0x70,0x39,0x00,0x00,0xc1,0x0b,0x00,0x00,
0x0c,0x00,0x07,0x00,0x1a,0x00,0x00,0x00,0x86,0x39,0x00,0x00,0x01,0x00,0x00,0x00,
0x2a,0x00,0x00,0x00,0x4c,0x01,0x00,0x00,0x81,0x39,0x00,0x00,0x51,0x00,0x05,0x00,
0x1a,0x00,0x00,0x00,0x78,0x39,0x00,0x00,0x6b,0x39,0x00,0x00,0x01,0x00,0x00,0x00,
0x0c,0x00,0x07,0x00,0x1a,0x00,0x00,0x00,0x8b,0x39,0x00,0x00,0x01,0x00,0x00,0x00,
0x27,0x00,0x00,0x00,0x78,0x39,0x00,0x00,0xc9,0x0b,0x00,0x00,0x0c,0x00,0x07,0x00,
0x1a,0x00,0x00,0x00,0x90,0x39,0x00,0x00,0x01,0x00,0x00,0x00,0x2a,0x00,0x00,0x00,
0x4c,0x01,0x00,0x00,0x8b,0x39,0x00,0x00,0x50,0x00,0x05,0x00,0x32,0x00,0x00,0x00,
0xe9,0x77,0x00,0x00,0x86,0x39,0x00,0x00,0x90,0x39,0x00,0x00,0x3d,0x00,0x04,0x00,
0xb9,0x01,0x00,0x00,0x93,0x39,0x00,0x00,0xbb,0x01,0x00,0x00,0x5f,0x00,0x07,0x00,
0x9f,0x00,0x00,0x00,0x95,0x39,0x00,0x00,0x93,0x39,0x00,0x00,0xe9,0x77,0x00,0x00,
0x02,0x00,0x00,0x00,0x4c,0x01,0x00,0x00,0x51,0x00,0x05,0x00,0x13,0x00,0x00,0x00,
0x96,0x39,0x00,0x00,0x95,0x39,0x00,0x00,0x00,0x00,0x00,0x00,0x3d,0x00,0x04,0x00,
0xb9,0x01,0x00,0x00,0x9a,0x39,0x00,0x00,0xd2,0x01,0x00,0x00,0x5f,0x00,0x07,0x00,
0x9f,0x00,0x00,0x00,0x9b,0x39,0x00,0x00,0x9a,0x39,0x00,0x00,0xd4,0x01,0x00,0x00,
0x02,0x00,0x00,0x00,0x4c,0x01,0x00,0x00,0x51,0x00,0x05,0x00,0x13,0x00,0x00,0x00,
0x9c,0x39,0x00,0x00,0x9b,0x39,0x00,0x00,0x00,0x00,0x00,0x00,0xb4,0x00,0x05,0x00,
0x6e,0x00,0x00,0x00,0x9e,0x39,0x00,0x00,0x9c,0x39,0x00,0x00,0xd8,0x01,0x00,0x00,
0xf9,0x00,0x02,0x00,0xa0,0x39,0x00,0x00,0xf8,0x00,0x02,0x00,0xa0,0x39,0x00,0x00,
0xa9,0x00,0x06,0x00,0x13,0x00,0x00,0x00,0x32,0x7c,0x00,0x00,0x9e,0x39,0x00,0x00,
0xdc,0x01,0x00,0x00,0x9c,0x39,0x00,0x00,0x85,0x00,0x05,0x00,0x13,0x00,0x00,0x00,
0x3b,0x39,0x00,0x00,0x96,0x39,0x00,0x00,0x32,0x7c,0x00,0x00,0x41,0x00,0x05,0x00,
0x14,0x00,0x00,0x00,0x88,0x67,0x00,0x00,0x87,0x67,0x00,0x00,0xda,0x78,0x00,0x00,
0x3e,0x00,0x03,0x00,0x88,0x67,0x00,0x00,0x3b,0x39,0x00,0x00,0x3d,0x00,0x04,0x00,
0x13,0x00,0x00,0x00,0x40,0x39,0x00,0x00,0x88,0x67,0x00,0x00,0x0c,0x00,0x07,0x00,
0x13,0x00,0x00,0x00,0xa6,0x39,0x00,0x00,0x01,0x00,0x00,0x00,0x1a,0x00,0x00,0x00,
0x40,0x39,0x00,0x00,0xdc,0x01,0x00,0x00,0x3e,0x00,0x03,0x00,0x88,0x67,0x00,0x00,
0xa6,0x39,0x00,0x00,0x3d,0x00,0x04,0x00,0x13,0x00,0x00,0x00,0x46,0x39,0x00,0x00,
0x88,0x67,0x00,0x00,0x0c,0x00,0x07,0x00,0x13,0x00,0x00,0x00,0xab,0x39,0x00,0x00,
0x01,0x00,0x00,0x00,0x28,0x00,0x00,0x00,0x46,0x39,0x00,0x00,0x8d,0x03,0x00,0x00,
0x3e,0x00,0x03,0x00,0x88,0x67,0x00,0x00,0xab,0x39,0x00,0x00,0xf9,0x00,0x02,0x00,
0x49,0x39,0x00,0x00,0xf8,0x00,0x02,0x00,0x49,0x39,0x00,0x00,0x80,0x00,0x05,0x00,
0x1a,0x00,0x00,0x00,0x4b,0x39,0x00,0x00,0xda,0x78,0x00,0x00,0x91,0x01,0x00,0x00,
0xf9,0x00,0x02,0x00,0x2c,0x39,0x00,0x00,0xf8,0x00,0x02,0x00,0x4c,0x39,0x00,0x00,
0x3d,0x00,0x04,0x00,0x82,0x00,0x00,0x00,0x8d,0x67,0x00,0x00,0x87,0x67,0x00,0x00,
0x3e,0x00,0x03,0x00,0xb5,0x39,0x00,0x00,0xdf,0x03,0x00,0x00,0x81,0x00,0x05,0x00,
0x38,0x00,0x00,0x00,0xc3,0x39,0x00,0x00,0xa3,0x38,0x00,0x00,0xba,0x0c,0x00,0x00,
0x81,0x00,0x05,0x00,0x38,0x00,0x00,0x00,0xc6,0x39,0x00,0x00,0xc3,0x39,0x00,0x00,
0xf1,0x38,0x00,0x00,0x51,0x00,0x05,0x00,0x13,0x00,0x00,0x00,0x03,0x3a,0x00,0x00,
0xc6,0x39,0x00,0x00,0x00,0x00,0x00,0x00,0xbe,0x00,0x05,0x00,0x6e,0x00,0x00,0x00,
0x04,0x3a,0x00,0x00,0x03,0x3a,0x00,0x00,0xd8,0x01,0x00,0x00,0xf7,0x00,0x03,0x00,
0x09,0x3a,0x00,0x00,0x00,0x00,0x00,0x00,0xfa,0x00,0x04,0x00,0x04,0x3a,0x00,0x00,
0x05,0x3a,0x00,0x00,0x09,0x3a,0x00,0x00,0xf8,0x00,0x02,0x00,0x05,0x3a,0x00,0x00,
0xbc,0x00,0x05,0x00,0x6e,0x00,0x00,0x00,0x08,0x3a,0x00,0x00,0x03,0x3a,0x00,0x00,
0xdc,0x01,0x00,0x00,0xf9,0x00,0x02,0x00,0x09,0x3a,0x00,0x00,0xf8,0x00,0x02,0x00,
0x09,0x3a,0x00,0x00,0xf5,0x00,0x07,0x00,0x6e,0x00,0x00,0x00,0x0a,0x3a,0x00,0x00,
0x04,0x3a,0x00,0x00,0x4c,0x39,0x00,0x00,0x08,0x3a,0x00,0x00,0x05,0x3a,0x00,0x00,
0xf7,0x00,0x03,0x00,0x15,0x3a,0x00,0x00,0x00,0x00,0x00,0x00,0xfa,0x00,0x04,0x00,
0x0a,0x3a,0x00,0x00,0x0b,0x3a,0x00,0x00,0x15,0x3a,0x00,0x00,0xf8,0x00,0x02,0x00,
0x0b,0x3a,0x00,0x00,0x51,0x00,0x05,0x00,0x13,0x00,0x00,0x00,0x0d,0x3a,0x00,0x00,
0xc6,0x39,0x00,0x00,0x01,0x00,0x00,0x00,0xbe,0x00,0x05,0x00,0x6e,0x00,0x00,0x00,
0x0e,0x3a,0x00,0x00,0x0d,0x3a,0x00,0x00,0xd8,0x01,0x00,0x00,0xf7,0x00,0x03,0x00,
0x13,0x3a,0x00,0x00,0x00,0x00,0x00,0x00,0xfa,0x00,0x04,0x00,0x0e,0x3a,0x00,0x00,
0x0f,0x3a,0x00,0x00,0x13,0x3a,0x00,0x00,0xf8,0x00,0x02,0x00,0x0f,0x3a,0x00,0x00,
0xbc,0x00,0x05,0x00,0x6e,0x00,0x00,0x00,0x12,0x3a,0x00,0x00,0x0d,0x3a,0x00,0x00,
0xdc,0x01,0x00,0x00,0xf9,0x00,0x02,0x00,0x13,0x3a,0x00,0x00,0xf8,0x00,0x02,0x00,
0x13,0x3a,0x00,0x00,0xf5,0x00,0x07,0x00,0x6e,0x00,0x00,0x00,0x14,0x3a,0x00,0x00,
0x0e,0x3a,0x00,0x00,0x0b,0x3a,0x00,0x00,0x12,0x3a,0x00,0x00,0x0f,0x3a,0x00,0x00,
0xf9,0x00,0x02,0x00,0x15,0x3a,0x00,0x00,0xf8,0x00,0x02,0x00,0x15,0x3a,0x00,0x00,
0xf5,0x00,0x07,0x00,0x6e,0x00,0x00,0x00,0x16,0x3a,0x00,0x00,0x0a,0x3a,0x00,0x00,
0x09,0x3a,0x00,0x00,0x14,0x3a,0x00,0x00,0x13,0x3a,0x00,0x00,0xf7,0x00,0x03,0x00,
0xf6,0x39,0x00,0x00,0x00,0x00,0x00,0x00,0xfa,0x00,0x04,0x00,0x16,0x3a,0x00,0x00,
0xcc,0x39,0x00,0x00,0xf6,0x39,0x00,0x00,0xf8,0x00,0x02,0x00,0xcc,0x39,0x00,0x00,
0x85,0x00,0x05,0x00,0x38,0x00,0x00,0x00,0xd0,0x39,0x00,0x00,0xc6,0x39,0x00,0x00,
0xb9,0x0c,0x00,0x00,0x0c,0x00,0x06,0x00,0x38,0x00,0x00,0x00,0xd1,0x39,0x00,0x00,
0x01,0x00,0x00,0x00,0x08,0x00,0x00,0x00,0xd0,0x39,0x00,0x00,0x6e,0x00,0x04,0x00,
0x32,0x00,0x00,0x00,0xd2,0x39,0x00,0x00,0xd1,0x39,0x00,0x00,0xf9,0x00,0x02,0x00,
0xd3,0x39,0x00,0x00,0xf8,0x00,0x02,0x00,0xd3,0x39,0x00,0x00,0xf5,0x00,0x07,0x00,
0x1a,0x00,0x00,0x00,0xdb,0x78,0x00,0x00,0x4c,0x01,0x00,0x00,0xcc,0x39,0x00,0x00,
0xf4,0x39,0x00,0x00,0xf2,0x39,0x00,0x00,0xb1,0x00,0x05,0x00,0x6e,0x00,0x00,0x00,
0xd6,0x39,0x00,0x00,0xdb,0x78,0x00,0x00,0x7d,0x03,0x00,0x00,0xf6,0x00,0x04,0x00,
0xf5,0x39,0x00,0x00,0xf2,0x39,0x00,0x00,0x00,0x00,0x00,0x00,0xfa,0x00,0x04,0x00,
0xd6,0x39,0x00,0x00,0xd7,0x39,0x00,0x00,0xf5,0x39,0x00,0x00,0xf8,0x00,0x02,0x00,
0xd7,0x39,0x00,0x00,0x41,0x00,0x05,0x00,0x49,0x00,0x00,0x00,0xdb,0x39,0x00,0x00,
0xb5,0x39,0x00,0x00,0xdb,0x78,0x00,0x00,0x3d,0x00,0x04,0x00,0x32,0x00,0x00,0x00,
0xdc,0x39,0x00,0x00,0xdb,0x39,0x00,0x00,0x80,0x00,0x05,0x00,0x32,0x00,0x00,0x00,
0x2c,0x3a,0x00,0x00,0xd2,0x39,0x00,0x00,0xdc,0x39,0x00,0x00,0x51,0x00,0x05,0x00,
0x1a,0x00,0x00,0x00,0x2e,0x3a,0x00,0x00,0xf7,0x0c,0x00,0x00,0x00,0x00,0x00,0x00,
0x82,0x00,0x05,0x00,0x1a,0x00,0x00,0x00,0x2f,0x3a,0x00,0x00,0x2e,0x3a,0x00,0x00,
0x91,0x01,0x00,0x00,0x51,0x00,0x05,0x00,0x1a,0x00,0x00,0x00,0x31,0x3a,0x00,0x00,
0x2c,0x3a,0x00,0x00,0x00,0x00,0x00,0x00,0x0c,0x00,0x07,0x00,0x1a,0x00,0x00,0x00,
0x42,0x3a,0x00,0x00,0x01,0x00,0x00,0x00,0x27,0x00,0x00,0x00,0x31,0x3a,0x00,0x00,
0x2f,0x3a,0x00,0x00,0x0c,0x00,0x07,0x00,0x1a,0x00,0x00,0x00,0x47,0x3a,0x00,0x00,
0x01,0x00,0x00,0x00,0x2a,0x00,0x00,0x00,0x4c,0x01,0x00,0x00,0x42,0x3a,0x00,0x00,
0x51,0x00,0x05,0x00,0x1a,0x00,0x00,0x00,0x36,0x3a,0x00,0x00,0xf7,0x0c,0x00,0x00,
0x01,0x00,0x00,0x00,0x82,0x00,0x05,0x00,0x1a,0x00,0x00,0x00,0x37,0x3a,0x00,0x00,
0x36,0x3a,0x00,0x00,0x91,0x01,0x00,0x00,0x51,0x00,0x05,0x00,0x1a,0x00,0x00,0x00,
0x39,0x3a,0x00,0x00,0x2c,0x3a,0x00,0x00,0x01,0x00,0x00,0x00,0x0c,0x00,0x07,0x00,
0x1a,0x00,0x00,0x00,0x4c,0x3a,0x00,0x00,0x01,0x00,0x00,0x00,0x27,0x00,0x00,0x00,
0x39,0x3a,0x00,0x00,0x37,0x3a,0x00,0x00,0x0c,0x00,0x07,0x00,0x1a,0x00,0x00,0x00,
0x51,0x3a,0x00,0x00,0x01,0x00,0x00,0x00,0x2a,0x00,0x00,0x00,0x4c,0x01,0x00,0x00,
0x4c,0x3a,0x00,0x00,0x50,0x00,0x05,0x00,0x32,0x00,0x00,0x00,0xe8,0x77,0x00,0x00,
0x47,0x3a,0x00,0x00,0x51,0x3a,0x00,0x00,0x3d,0x00,0x04,0x00,0xb9,0x01,0x00,0x00,
0x54,0x3a,0x00,0x00,0xc3,0x01,0x00,0x00,0x5f,0x00,0x07,0x00,0x9f,0x00,0x00,0x00,
0x56,0x3a,0x00,0x00,0x54,0x3a,0x00,0x00,0xe8,0x77,0x00,0x00,0x02,0x00,0x00,0x00,
0x4c,0x01,0x00,0x00,0x51,0x00,0x05,0x00,0x13,0x00,0x00,0x00,0x57,0x3a,0x00,0x00,
0x56,0x3a,0x00,0x00,0x00,0x00,0x00,0x00,0x41,0x00,0x05,0x00,0xa2,0x01,0x00,0x00,
0x5a,0x3a,0x00,0x00,0x8b,0x01,0x00,0x00,0xa1,0x01,0x00,0x00,0x3d,0x00,0x04,0x00,
0x13,0x00,0x00,0x00,0x5b,0x3a,0x00,0x00,0x5a,0x3a,0x00,0x00,0x85,0x00,0x05,0x00,
0x13,0x00,0x00,0x00,0xe2,0x39,0x00,0x00,0x57,0x3a,0x00,0x00,0x5b,0x3a,0x00,0x00,
0x3d,0x00,0x04,0x00,0xb9,0x01,0x00,0x00,0x5f,0x3a,0x00,0x00,0xd2,0x01,0x00,0x00,
0x5f,0x00,0x07,0x00,0x9f,0x00,0x00,0x00,0x60,0x3a,0x00,0x00,0x5f,0x3a,0x00,0x00,
0xd4,0x01,0x00,0x00,0x02,0x00,0x00,0x00,0x4c,0x01,0x00,0x00,0x51,0x00,0x05,0x00,
0x13,0x00,0x00,0x00,0x61,0x3a,0x00,0x00,0x60,0x3a,0x00,0x00,0x00,0x00,0x00,0x00,
0xb4,0x00,0x05,0x00,0x6e,0x00,0x00,0x00,0x63,0x3a,0x00,0x00,0x61,0x3a,0x00,0x00,
0xd8,0x01,0x00,0x00,0xf9,0x00,0x02,0x00,0x65,0x3a,0x00,0x00,0xf8,0x00,0x02,0x00,
0x65,0x3a,0x00,0x00,0xa9,0x00,0x06,0x00,0x13,0x00,0x00,0x00,0x33,0x7c,0x00,0x00,
0x63,0x3a,0x00,0x00,0xdc,0x01,0x00,0x00,0x61,0x3a,0x00,0x00,0x85,0x00,0x05,0x00,
0x13,0x00,0x00,0x00,0xe4,0x39,0x00,0x00,0xe2,0x39,0x00,0x00,0x33,0x7c,0x00,0x00,
0x41,0x00,0x05,0x00,0x14,0x00,0x00,0x00,0x26,0x70,0x00,0x00,0x25,0x70,0x00,0x00,
0xdb,0x78,0x00,0x00,0x3e,0x00,0x03,0x00,0x26,0x70,0x00,0x00,0xe4,0x39,0x00,0x00,
0x3d,0x00,0x04,0x00,0x13,0x00,0x00,0x00,0xe9,0x39,0x00,0x00,0x26,0x70,0x00,0x00,
0x0c,0x00,0x07,0x00,0x13,0x00,0x00,0x00,0x6b,0x3a,0x00,0x00,0x01,0x00,0x00,0x00,
0x1a,0x00,0x00,0x00,0xe9,0x39,0x00,0x00,0xdc,0x01,0x00,0x00,0x3e,0x00,0x03,0x00,
0x26,0x70,0x00,0x00,0x6b,0x3a,0x00,0x00,0x3d,0x00,0x04,0x00,0x13,0x00,0x00,0x00,
0xef,0x39,0x00,0x00,0x26,0x70,0x00,0x00,0x0c,0x00,0x07,0x00,0x13,0x00,0x00,0x00,
0x70,0x3a,0x00,0x00,0x01,0x00,0x00,0x00,0x28,0x00,0x00,0x00,0xef,0x39,0x00,0x00,
0x8d,0x03,0x00,0x00,0x3e,0x00,0x03,0x00,0x26,0x70,0x00,0x00,0x70,0x3a,0x00,0x00,
0xf9,0x00,0x02,0x00,0xf2,0x39,0x00,0x00,0xf8,0x00,0x02,0x00,0xf2,0x39,0x00,0x00,
0x80,0x00,0x05,0x00,0x1a,0x00,0x00,0x00,0xf4,0x39,0x00,0x00,0xdb,0x78,0x00,0x00,
0x91,0x01,0x00,0x00,0xf9,0x00,0x02,0x00,0xd3,0x39,0x00,0x00,0xf8,0x00,0x02,0x00,
0xf5,0x39,0x00,0x00,0xf9,0x00,0x02,0x00,0xf6,0x39,0x00,0x00,0xf8,0x00,0x02,0x00,
0xf6,0x39,0x00,0x00,0x3d,0x00,0x04,0x00,0x82,0x00,0x00,0x00,0x2b,0x70,0x00,0x00,
0x25,0x70,0x00,0x00,0xf7,0x00,0x03,0x00,0x0e,0x39,0x00,0x00,0x00,0x00,0x00,0x00,
0xfa,0x00,0x04,0x00,0x16,0x3a,0x00,0x00,0x08,0x39,0x00,0x00,0x0e,0x39,0x00,0x00,
0xf8,0x00,0x02,0x00,0x08,0x39,0x00,0x00,0x51,0x00,0x05,0x00,0x13,0x00,0x00,0x00,
0x0a,0x70,0x00,0x00,0x8d,0x67,0x00,0x00,0x00,0x00,0x00,0x00,0x51,0x00,0x05,0x00,
0x13,0x00,0x00,0x00,0x0b,0x70,0x00,0x00,0x8d,0x67,0x00,0x00,0x01,0x00,0x00,0x00,
0x51,0x00,0x05,0x00,0x13,0x00,0x00,0x00,0x0c,0x70,0x00,0x00,0x8d,0x67,0x00,0x00,
0x02,0x00,0x00,0x00,0x51,0x00,0x05,0x00,0x13,0x00,0x00,0x00,0x0d,0x70,0x00,0x00,
0x8d,0x67,0x00,0x00,0x03,0x00,0x00,0x00,0x51,0x00,0x05,0x00,0x13,0x00,0x00,0x00,
0x0e,0x70,0x00,0x00,0x8d,0x67,0x00,0x00,0x04,0x00,0x00,0x00,0x0c,0x00,0x07,0x00,
0x13,0x00,0x00,0x00,0x78,0x3b,0x00,0x00,0x01,0x00,0x00,0x00,0x25,0x00,0x00,0x00,
0x0a,0x70,0x00,0x00,0x0d,0x70,0x00,0x00,0x0c,0x00,0x07,0x00,0x13,0x00,0x00,0x00,
0x7d,0x3b,0x00,0x00,0x01,0x00,0x00,0x00,0x28,0x00,0x00,0x00,0x0a,0x70,0x00,0x00,
0x0d,0x70,0x00,0x00,0x0c,0x00,0x07,0x00,0x13,0x00,0x00,0x00,0x82,0x3b,0x00,0x00,
0x01,0x00,0x00,0x00,0x25,0x00,0x00,0x00,0x0b,0x70,0x00,0x00,0x0e,0x70,0x00,0x00,
0x0c,0x00,0x07,0x00,0x13,0x00,0x00,0x00,0x87,0x3b,0x00,0x00,0x01,0x00,0x00,0x00,
0x28,0x00,0x00,0x00,0x0b,0x70,0x00,0x00,0x0e,0x70,0x00,0x00,0x0c,0x00,0x07,0x00,
0x13,0x00,0x00,0x00,0x8c,0x3b,0x00,0x00,0x01,0x00,0x00,0x00,0x25,0x00,0x00,0x00,
0x78,0x3b,0x00,0x00,0x0c,0x70,0x00,0x00,0x0c,0x00,0x07,0x00,0x13,0x00,0x00,0x00,
0x91,0x3b,0x00,0x00,0x01,0x00,0x00,0x00,0x28,0x00,0x00,0x00,0x78,0x3b,0x00,0x00,
0x0c,0x70,0x00,0x00,0x0c,0x00,0x07,0x00,0x13,0x00,0x00,0x00,0x96,0x3b,0x00,0x00,
0x01,0x00,0x00,0x00,0x25,0x00,0x00,0x00,0x82,0x3b,0x00,0x00,0x7d,0x3b,0x00,0x00,
0x0c,0x00,0x07,0x00,0x13,0x00,0x00,0x00,0x9b,0x3b,0x00,0x00,0x01,0x00,0x00,0x00,
0x28,0x00,0x00,0x00,0x82,0x3b,0x00,0x00,0x7d,0x3b,0x00,0x00,0x0c,0x00,0x07,0x00,
0x13,0x00,0x00,0x00,0xa0,0x3b,0x00,0x00,0x01,0x00,0x00,0x00,0x25,0x00,0x00,0x00,
0x8c,0x3b,0x00,0x00,0x96,0x3b,0x00,0x00,0x0c,0x00,0x07,0x00,0x13,0x00,0x00,0x00,
0xa5,0x3b,0x00,0x00,0x01,0x00,0x00,0x00,0x28,0x00,0x00,0x00,0x8c,0x3b,0x00,0x00,
0x96,0x3b,0x00,0x00,0x0c,0x00,0x07,0x00,0x13,0x00,0x00,0x00,0xaa,0x3b,0x00,0x00,
0x01,0x00,0x00,0x00,0x25,0x00,0x00,0x00,0x91,0x3b,0x00,0x00,0x87,0x3b,0x00,0x00,
0x0c,0x00,0x07,0x00,0x13,0x00,0x00,0x00,0xaf,0x3b,0x00,0x00,0x01,0x00,0x00,0x00,
0x28,0x00,0x00,0x00,0x91,0x3b,0x00,0x00,0x87,0x3b,0x00,0x00,0x0c,0x00,0x07,0x00,
0x13,0x00,0x00,0x00,0xb4,0x3b,0x00,0x00,0x01,0x00,0x00,0x00,0x25,0x00,0x00,0x00,
0xa5,0x3b,0x00,0x00,0xaa,0x3b,0x00,0x00,0x0c,0x00,0x07,0x00,0x13,0x00,0x00,0x00,
0xb9,0x3b,0x00,0x00,0x01,0x00,0x00,0x00,0x28,0x00,0x00,0x00,0xa5,0x3b,0x00,0x00,
0xaa,0x3b,0x00,0x00,0x0c,0x00,0x07,0x00,0x13,0x00,0x00,0x00,0xbe,0x3b,0x00,0x00,
0x01,0x00,0x00,0x00,0x25,0x00,0x00,0x00,0x9b,0x3b,0x00,0x00,0xaf,0x3b,0x00,0x00,
0x0c,0x00,0x07,0x00,0x13,0x00,0x00,0x00,0xc3,0x3b,0x00,0x00,0x01,0x00,0x00,0x00,
0x28,0x00,0x00,0x00,0x9b,0x3b,0x00,0x00,0xaf,0x3b,0x00,0x00,0x0c,0x00,0x07,0x00,
0x13,0x00,0x00,0x00,0xc8,0x3b,0x00,0x00,0x01,0x00,0x00,0x00,0x25,0x00,0x00,0x00,
0xb9,0x3b,0x00,0x00,0xbe,0x3b,0x00,0x00,0x0c,0x00,0x07,0x00,0x13,0x00,0x00,0x00,
0xcd,0x3b,0x00,0x00,0x01,0x00,0x00,0x00,0x28,0x00,0x00,0x00,0xb9,0x3b,0x00,0x00,
0xbe,0x3b,0x00,0x00,0x50,0x00,0x08,0x00,0x82,0x00,0x00,0x00,0x14,0x70,0x00,0x00,
0xa0,0x3b,0x00,0x00,0xb4,0x3b,0x00,0x00,0xc8,0x3b,0x00,0x00,0xcd,0x3b,0x00,0x00,
0xc3,0x3b,0x00,0x00,0x3e,0x00,0x03,0x00,0x9b,0x67,0x00,0x00,0x14,0x70,0x00,0x00,
0x51,0x00,0x05,0x00,0x13,0x00,0x00,0x00,0x1a,0x70,0x00,0x00,0x2b,0x70,0x00,0x00,
0x00,0x00,0x00,0x00,0x51,0x00,0x05,0x00,0x13,0x00,0x00,0x00,0x1b,0x70,0x00,0x00,
0x2b,0x70,0x00,0x00,0x01,0x00,0x00,0x00,0x51,0x00,0x05,0x00,0x13,0x00,0x00,0x00,
0x1c,0x70,0x00,0x00,0x2b,0x70,0x00,0x00,0x02,0x00,0x00,0x00,0x51,0x00,0x05,0x00,
0x13,0x00,0x00,0x00,0x1d,0x70,0x00,0x00,0x2b,0x70,0x00,0x00,0x03,0x00,0x00,0x00,
0x51,0x00,0x05,0x00,0x13,0x00,0x00,0x00,0x1e,0x70,0x00,0x00,0x2b,0x70,0x00,0x00,
0x04,0x00,0x00,0x00,0x0c,0x00,0x07,0x00,0x13,0x00,0x00,0x00,0x75,0x3c,0x00,0x00,
0x01,0x00,0x00,0x00,0x25,0x00,0x00,0x00,0x1a,0x70,0x00,0x00,0x1d,0x70,0x00,0x00,
0x0c,0x00,0x07,0x00,0x13,0x00,0x00,0x00,0x7a,0x3c,0x00,0x00,0x01,0x00,0x00,0x00,
0x28,0x00,0x00,0x00,0x1a,0x70,0x00,0x00,0x1d,0x70,0x00,0x00,0x0c,0x00,0x07,0x00,
0x13,0x00,0x00,0x00,0x7f,0x3c,0x00,0x00,0x01,0x00,0x00,0x00,0x25,0x00,0x00,0x00,
0x1b,0x70,0x00,0x00,0x1e,0x70,0x00,0x00,0x0c,0x00,0x07,0x00,0x13,0x00,0x00,0x00,
0x84,0x3c,0x00,0x00,0x01,0x00,0x00,0x00,0x28,0x00,0x00,0x00,0x1b,0x70,0x00,0x00,
0x1e,0x70,0x00,0x00,0x0c,0x00,0x07,0x00,0x13,0x00,0x00,0x00,0x89,0x3c,0x00,0x00,
0x01,0x00,0x00,0x00,0x25,0x00,0x00,0x00,0x75,0x3c,0x00,0x00,0x1c,0x70,0x00,0x00,
0x0c,0x00,0x07,0x00,0x13,0x00,0x00,0x00,0x8e,0x3c,0x00,0x00,0x01,0x00,0x00,0x00,
0x28,0x00,0x00,0x00,0x75,0x3c,0x00,0x00,0x1c,0x70,0x00,0x00,0x0c,0x00,0x07,0x00,
0x13,0x00,0x00,0x00,0x93,0x3c,0x00,0x00,0x01,0x00,0x00,0x00,0x25,0x00,0x00,0x00,
0x7f,0x3c,0x00,0x00,0x7a,0x3c,0x00,0x00,0x0c,0x00,0x07,0x00,0x13,0x00,0x00,0x00,
0x98,0x3c,0x00,0x00,0x01,0x00,0x00,0x00,0x28,0x00,0x00,0x00,0x7f,0x3c,0x00,0x00,
0x7a,0x3c,0x00,0x00,0x0c,0x00,0x07,0x00,0x13,0x00,0x00,0x00,0x9d,0x3c,0x00,0x00,
0x01,0x00,0x00,0x00,0x25,0x00,0x00,0x00,0x89,0x3c,0x00,0x00,0x93,0x3c,0x00,0x00,
0x0c,0x00,0x07,0x00,0x13,0x00,0x00,0x00,0xa2,0x3c,0x00,0x00,0x01,0x00,0x00,0x00,
0x28,0x00,0x00,0x00,0x89,0x3c,0x00,0x00,0x93,0x3c,0x00,0x00,0x0c,0x00,0x07,0x00,
0x13,0x00,0x00,0x00,0xa7,0x3c,0x00,0x00,0x01,0x00,0x00,0x00,0x25,0x00,0x00,0x00,
0x8e,0x3c,0x00,0x00,0x84,0x3c,0x00,0x00,0x0c,0x00,0x07,0x00,0x13,0x00,0x00,0x00,
0xac,0x3c,0x00,0x00,0x01,0x00,0x00,0x00,0x28,0x00,0x00,0x00,0x8e,0x3c,0x00,0x00,
0x84,0x3c,0x00,0x00,0x0c,0x00,0x07,0x00,0x13,0x00,0x00,0x00,0xb1,0x3c,0x00,0x00,
0x01,0x00,0x00,0x00,0x25,0x00,0x00,0x00,0xa2,0x3c,0x00,0x00,0xa7,0x3c,0x00,0x00,
0x0c,0x00,0x07,0x00,0x13,0x00,0x00,0x00,0xb6,0x3c,0x00,0x00,0x01,0x00,0x00,0x00,
0x28,0x00,0x00,0x00,0xa2,0x3c,0x00,0x00,0xa7,0x3c,0x00,0x00,0x0c,0x00,0x07,0x00,
0x13,0x00,0x00,0x00,0xbb,0x3c,0x00,0x00,0x01,0x00,0x00,0x00,0x25,0x00,0x00,0x00,
0x98,0x3c,0x00,0x00,0xac,0x3c,0x00,0x00,0x0c,0x00,0x07,0x00,0x13,0x00,0x00,0x00,
0xc0,0x3c,0x00,0x00,0x01,0x00,0x00,0x00,0x28,0x00,0x00,0x00,0x98,0x3c,0x00,0x00,
0xac,0x3c,0x00,0x00,0x0c,0x00,0x07,0x00,0x13,0x00,0x00,0x00,0xc5,0x3c,0x00,0x00,
0x01,0x00,0x00,0x00,0x25,0x00,0x00,0x00,0xb6,0x3c,0x00,0x00,0xbb,0x3c,0x00,0x00,
0x0c,0x00,0x07,0x00,0x13,0x00,0x00,0x00,0xca,0x3c,0x00,0x00,0x01,0x00,0x00,0x00,
0x28,0x00,0x00,0x00,0xb6,0x3c,0x00,0x00,0xbb,0x3c,0x00,0x00,0x50,0x00,0x08,0x00,
0x82,0x00,0x00,0x00,0x24,0x70,0x00,0x00,0x9d,0x3c,0x00,0x00,0xb1,0x3c,0x00,0x00,
0xc5,0x3c,0x00,0x00,0xca,0x3c,0x00,0x00,0xc0,0x3c,0x00,0x00,0x3e,0x00,0x03,0x00,
0xa5,0x67,0x00,0x00,0x24,0x70,0x00,0x00,0x41,0x00,0x05,0x00,0x14,0x00,0x00,0x00,
0xa0,0x67,0x00,0x00,0x9b,0x67,0x00,0x00,0xcd,0x02,0x00,0x00,0x3d,0x00,0x04,0x00,
0x13,0x00,0x00,0x00,0x84,0x3a,0x00,0x00,0xa0,0x67,0x00,0x00,0x41,0x00,0x05,0x00,
0x14,0x00,0x00,0x00,0xaa,0x67,0x00,0x00,0xa5,0x67,0x00,0x00,0xcd,0x02,0x00,0x00,
0x3d,0x00,0x04,0x00,0x13,0x00,0x00,0x00,0x86,0x3a,0x00,0x00,0xaa,0x67,0x00,0x00,
0x0c,0x00,0x07,0x00,0x13,0x00,0x00,0x00,0xcf,0x3c,0x00,0x00,0x01,0x00,0x00,0x00,
0x25,0x00,0x00,0x00,0x84,0x3a,0x00,0x00,0x86,0x3a,0x00,0x00,0xba,0x00,0x05,0x00,
0x6e,0x00,0x00,0x00,0x89,0x3a,0x00,0x00,0xcf,0x3c,0x00,0x00,0x72,0x03,0x00,0x00,
0xf7,0x00,0x03,0x00,0xcb,0x3a,0x00,0x00,0x00,0x00,0x00,0x00,0xfa,0x00,0x04,0x00,
0x89,0x3a,0x00,0x00,0x8a,0x3a,0x00,0x00,0xcb,0x3a,0x00,0x00,0xf8,0x00,0x02,0x00,
0x8a,0x3a,0x00,0x00,0xf9,0x00,0x02,0x00,0x8b,0x3a,0x00,0x00,0xf8,0x00,0x02,0x00,
0x8b,0x3a,0x00,0x00,0xf5,0x00,0x07,0x00,0x1a,0x00,0x00,0x00,0xab,0x7a,0x00,0x00,
0x4c,0x01,0x00,0x00,0x8a,0x3a,0x00,0x00,0x09,0x7c,0x00,0x00,0xc7,0x3a,0x00,0x00,
0xf5,0x00,0x07,0x00,0x1a,0x00,0x00,0x00,0xaa,0x7a,0x00,0x00,0x4c,0x01,0x00,0x00,
0x8a,0x3a,0x00,0x00,0x08,0x7c,0x00,0x00,0xc7,0x3a,0x00,0x00,0xf5,0x00,0x07,0x00,
0x13,0x00,0x00,0x00,0xdd,0x78,0x00,0x00,0x5e,0x03,0x00,0x00,0x8a,0x3a,0x00,0x00,
0x6c,0x7b,0x00,0x00,0xc7,0x3a,0x00,0x00,0xf5,0x00,0x07,0x00,0x1a,0x00,0x00,0x00,
0xdc,0x78,0x00,0x00,0x4c,0x01,0x00,0x00,0x8a,0x3a,0x00,0x00,0xc9,0x3a,0x00,0x00,
0xc7,0x3a,0x00,0x00,0xb1,0x00,0x05,0x00,0x6e,0x00,0x00,0x00,0x8e,0x3a,0x00,0x00,
0xdc,0x78,0x00,0x00,0x7d,0x03,0x00,0x00,0xb8,0x00,0x05,0x00,0x6e,0x00,0x00,0x00,
0x90,0x3a,0x00,0x00,0xdd,0x78,0x00,0x00,0x80,0x03,0x00,0x00,0xa7,0x00,0x05,0x00,
0x6e,0x00,0x00,0x00,0x91,0x3a,0x00,0x00,0x8e,0x3a,0x00,0x00,0x90,0x3a,0x00,0x00,
0xf6,0x00,0x04,0x00,0xca,0x3a,0x00,0x00,0xc7,0x3a,0x00,0x00,0x00,0x00,0x00,0x00,
0xfa,0x00,0x04,0x00,0x91,0x3a,0x00,0x00,0x92,0x3a,0x00,0x00,0xca,0x3a,0x00,0x00,
0xf8,0x00,0x02,0x00,0x92,0x3a,0x00,0x00,0x41,0x00,0x05,0x00,0x14,0x00,0x00,0x00,
0xa1,0x67,0x00,0x00,0x9b,0x67,0x00,0x00,0xaa,0x7a,0x00,0x00,0x3d,0x00,0x04,0x00,
0x13,0x00,0x00,0x00,0x95,0x3a,0x00,0x00,0xa1,0x67,0x00,0x00,0x41,0x00,0x05,0x00,
0x14,0x00,0x00,0x00,0xab,0x67,0x00,0x00,0xa5,0x67,0x00,0x00,0xab,0x7a,0x00,0x00,
0x3d,0x00,0x04,0x00,0x13,0x00,0x00,0x00,0x98,0x3a,0x00,0x00,0xab,0x67,0x00,0x00,
0x83,0x00,0x05,0x00,0x13,0x00,0x00,0x00,0x99,0x3a,0x00,0x00,0x95,0x3a,0x00,0x00,
0x98,0x3a,0x00,0x00,0x0c,0x00,0x06,0x00,0x13,0x00,0x00,0x00,0x9b,0x3a,0x00,0x00,
0x01,0x00,0x00,0x00,0x04,0x00,0x00,0x00,0x99,0x3a,0x00,0x00,0xba,0x00,0x05,0x00,
0x6e,0x00,0x00,0x00,0x9c,0x3a,0x00,0x00,0x9b,0x3a,0x00,0x00,0x8d,0x03,0x00,0x00,
0xf7,0x00,0x03,0x00,0xc6,0x3a,0x00,0x00,0x00,0x00,0x00,0x00,0xfa,0x00,0x04,0x00,
0x9c,0x3a,0x00,0x00,0x9d,0x3a,0x00,0x00,0xc5,0x3a,0x00,0x00,0xf8,0x00,0x02,0x00,
0xc5,0x3a,0x00,0x00,0xf9,0x00,0x02,0x00,0xc6,0x3a,0x00,0x00,0xf8,0x00,0x02,0x00,
0x9d,0x3a,0x00,0x00,0x0c,0x00,0x06,0x00,0x13,0x00,0x00,0x00,0x9f,0x3a,0x00,0x00,
0x01,0x00,0x00,0x00,0x06,0x00,0x00,0x00,0x99,0x3a,0x00,0x00,0x3d,0x00,0x04,0x00,
0x13,0x00,0x00,0x00,0xa2,0x3a,0x00,0x00,0xa1,0x67,0x00,0x00,0x3d,0x00,0x04,0x00,
0x13,0x00,0x00,0x00,0xa5,0x3a,0x00,0x00,0xab,0x67,0x00,0x00,0x0c,0x00,0x07,0x00,
0x13,0x00,0x00,0x00,0xe6,0x3c,0x00,0x00,0x01,0x00,0x00,0x00,0x28,0x00,0x00,0x00,
0xa2,0x3a,0x00,0x00,0xa5,0x3a,0x00,0x00,0xb7,0x00,0x05,0x00,0x6e,0x00,0x00,0x00,
0xda,0x3c,0x00,0x00,0xe6,0x3c,0x00,0x00,0xd8,0x01,0x00,0x00,0xf7,0x00,0x03,0x00,
0xe0,0x3c,0x00,0x00,0x00,0x00,0x00,0x00,0xfa,0x00,0x04,0x00,0xda,0x3c,0x00,0x00,
0xdb,0x3c,0x00,0x00,0xdf,0x3c,0x00,0x00,0xf8,0x00,0x02,0x00,0xdf,0x3c,0x00,0x00,
0xf9,0x00,0x02,0x00,0xe0,0x3c,0x00,0x00,0xf8,0x00,0x02,0x00,0xdb,0x3c,0x00,0x00,
0x0c,0x00,0x07,0x00,0x13,0x00,0x00,0x00,0xeb,0x3c,0x00,0x00,0x01,0x00,0x00,0x00,
0x25,0x00,0x00,0x00,0xa2,0x3a,0x00,0x00,0xa5,0x3a,0x00,0x00,0x88,0x00,0x05,0x00,
0x13,0x00,0x00,0x00,0xde,0x3c,0x00,0x00,0xeb,0x3c,0x00,0x00,0xe6,0x3c,0x00,0x00,
0xf9,0x00,0x02,0x00,0xe0,0x3c,0x00,0x00,0xf8,0x00,0x02,0x00,0xe0,0x3c,0x00,0x00,
0xf5,0x00,0x07,0x00,0x13,0x00,0x00,0x00,0xac,0x7a,0x00,0x00,0xd8,0x01,0x00,0x00,
0xdf,0x3c,0x00,0x00,0xde,0x3c,0x00,0x00,0xdb,0x3c,0x00,0x00,0x83,0x00,0x05,0x00,
0x13,0x00,0x00,0x00,0xa7,0x3a,0x00,0x00,0xdc,0x01,0x00,0x00,0xac,0x7a,0x00,0x00,
0x85,0x00,0x05,0x00,0x13,0x00,0x00,0x00,0xa8,0x3a,0x00,0x00,0x9f,0x3a,0x00,0x00,
0xa7,0x3a,0x00,0x00,0x0c,0x00,0x06,0x00,0x13,0x00,0x00,0x00,0xaa,0x3a,0x00,0x00,
0x01,0x00,0x00,0x00,0x04,0x00,0x00,0x00,0xa8,0x3a,0x00,0x00,0x0c,0x00,0x06,0x00,
0x13,0x00,0x00,0x00,0xac,0x3a,0x00,0x00,0x01,0x00,0x00,0x00,0x04,0x00,0x00,0x00,
0xdd,0x78,0x00,0x00,0xb8,0x00,0x05,0x00,0x6e,0x00,0x00,0x00,0xad,0x3a,0x00,0x00,
0xaa,0x3a,0x00,0x00,0xac,0x3a,0x00,0x00,0xa9,0x00,0x06,0x00,0x13,0x00,0x00,0x00,
0xb0,0x3a,0x00,0x00,0xad,0x3a,0x00,0x00,0xa8,0x3a,0x00,0x00,0xdd,0x78,0x00,0x00,
0x3d,0x00,0x04,0x00,0x13,0x00,0x00,0x00,0xb3,0x3a,0x00,0x00,0xa1,0x67,0x00,0x00,
0x3d,0x00,0x04,0x00,0x13,0x00,0x00,0x00,0xb6,0x3a,0x00,0x00,0xab,0x67,0x00,0x00,
0xb8,0x00,0x05,0x00,0x6e,0x00,0x00,0x00,0xb7,0x3a,0x00,0x00,0xb3,0x3a,0x00,0x00,
0xb6,0x3a,0x00,0x00,0xa9,0x00,0x06,0x00,0x1a,0x00,0x00,0x00,0xb8,0x3a,0x00,0x00,
0xb7,0x3a,0x00,0x00,0x91,0x01,0x00,0x00,0x4c,0x01,0x00,0x00,0x80,0x00,0x05,0x00,
0x1a,0x00,0x00,0x00,0xba,0x3a,0x00,0x00,0xaa,0x7a,0x00,0x00,0xb8,0x3a,0x00,0x00,
0x41,0x00,0x05,0x00,0x14,0x00,0x00,0x00,0xa4,0x67,0x00,0x00,0x9b,0x67,0x00,0x00,
0xba,0x3a,0x00,0x00,0x3d,0x00,0x04,0x00,0x13,0x00,0x00,0x00,0xbd,0x3a,0x00,0x00,
0xa4,0x67,0x00,0x00,0x3d,0x00,0x04,0x00,0x13,0x00,0x00,0x00,0xc0,0x3a,0x00,0x00,
0xab,0x67,0x00,0x00,0xbe,0x00,0x05,0x00,0x6e,0x00,0x00,0x00,0xc1,0x3a,0x00,0x00,
0xbd,0x3a,0x00,0x00,0xc0,0x3a,0x00,0x00,0xa9,0x00,0x06,0x00,0x1a,0x00,0x00,0x00,
0xc2,0x3a,0x00,0x00,0xc1,0x3a,0x00,0x00,0x91,0x01,0x00,0x00,0x4c,0x01,0x00,0x00,
0x80,0x00,0x05,0x00,0x1a,0x00,0x00,0x00,0xc4,0x3a,0x00,0x00,0xab,0x7a,0x00,0x00,
0xc2,0x3a,0x00,0x00,0xf9,0x00,0x02,0x00,0xc6,0x3a,0x00,0x00,0xf8,0x00,0x02,0x00,
0xc6,0x3a,0x00,0x00,0xf5,0x00,0x07,0x00,0x1a,0x00,0x00,0x00,0x09,0x7c,0x00,0x00,
0xab,0x7a,0x00,0x00,0xc5,0x3a,0x00,0x00,0xc4,0x3a,0x00,0x00,0xe0,0x3c,0x00,0x00,
0xf5,0x00,0x07,0x00,0x1a,0x00,0x00,0x00,0x08,0x7c,0x00,0x00,0xaa,0x7a,0x00,0x00,
0xc5,0x3a,0x00,0x00,0xba,0x3a,0x00,0x00,0xe0,0x3c,0x00,0x00,0xf5,0x00,0x07,0x00,
0x13,0x00,0x00,0x00,0x6c,0x7b,0x00,0x00,0x80,0x03,0x00,0x00,0xc5,0x3a,0x00,0x00,
0xb0,0x3a,0x00,0x00,0xe0,0x3c,0x00,0x00,0xf9,0x00,0x02,0x00,0xc7,0x3a,0x00,0x00,
0xf8,0x00,0x02,0x00,0xc7,0x3a,0x00,0x00,0x80,0x00,0x05,0x00,0x1a,0x00,0x00,0x00,
0xc9,0x3a,0x00,0x00,0xdc,0x78,0x00,0x00,0x91,0x01,0x00,0x00,0xf9,0x00,0x02,0x00,
0x8b,0x3a,0x00,0x00,0xf8,0x00,0x02,0x00,0xca,0x3a,0x00,0x00,0xf9,0x00,0x02,0x00,
0xcb,0x3a,0x00,0x00,0xf8,0x00,0x02,0x00,0xcb,0x3a,0x00,0x00,0xf5,0x00,0x07,0x00,
0x13,0x00,0x00,0x00,0xde,0x78,0x00,0x00,0x5e,0x03,0x00,0x00,0x08,0x39,0x00,0x00,
0xdd,0x78,0x00,0x00,0xca,0x3a,0x00,0x00,0xb8,0x00,0x05,0x00,0x6e,0x00,0x00,0x00,
0xce,0x3a,0x00,0x00,0xde,0x78,0x00,0x00,0x5e,0x03,0x00,0x00,0xa9,0x00,0x06,0x00,
0x13,0x00,0x00,0x00,0xcf,0x3a,0x00,0x00,0xce,0x3a,0x00,0x00,0xdc,0x01,0x00,0x00,
0xd8,0x01,0x00,0x00,0x85,0x00,0x05,0x00,0x13,0x00,0x00,0x00,0xd0,0x3a,0x00,0x00,
0xde,0x78,0x00,0x00,0xcf,0x3a,0x00,0x00,0xf9,0x00,0x02,0x00,0x0e,0x39,0x00,0x00,
0xf8,0x00,0x02,0x00,0x0e,0x39,0x00,0x00,0xf5,0x00,0x07,0x00,0x13,0x00,0x00,0x00,
0xdf,0x78,0x00,0x00,0xd8,0x01,0x00,0x00,0xf6,0x39,0x00,0x00,0xd0,0x3a,0x00,0x00,
0xcb,0x3a,0x00,0x00,0x52,0x00,0x06,0x00,0x9f,0x00,0x00,0x00,0xe9,0x76,0x00,0x00,
0xdf,0x78,0x00,0x00,0x8e,0x04,0x00,0x00,0x00,0x00,0x00,0x00,0xb7,0x00,0x05,0x00,
0x6e,0x00,0x00,0x00,0xab,0x38,0x00,0x00,0xdf,0x78,0x00,0x00,0xd8,0x01,0x00,0x00,
0xf7,0x00,0x03,0x00,0xb0,0x38,0x00,0x00,0x00,0x00,0x00,0x00,0xfa,0x00,0x04,0x00,
0xab,0x38,0x00,0x00,0xac,0x38,0x00,0x00,0xaf,0x38,0x00,0x00,0xf8,0x00,0x02,0x00,
0xaf,0x38,0x00,0x00,0xf9,0x00,0x02,0x00,0xb0,0x38,0x00,0x00,0xf8,0x00,0x02,0x00,
0xac,0x38,0x00,0x00,0x0c,0x00,0x06,0x00,0x13,0x00,0x00,0x00,0xae,0x38,0x00,0x00,
0x01,0x00,0x00,0x00,0x06,0x00,0x00,0x00,0xdf,0x78,0x00,0x00,0xf9,0x00,0x02,0x00,
0xb0,0x38,0x00,0x00,0xf8,0x00,0x02,0x00,0xb0,0x38,0x00,0x00,0xf5,0x00,0x07,0x00,
0x13,0x00,0x00,0x00,0xe6,0x78,0x00,0x00,0xd8,0x01,0x00,0x00,0xaf,0x38,0x00,0x00,
0xae,0x38,0x00,0x00,0xac,0x38,0x00,0x00,0x52,0x00,0x06,0x00,0x9f,0x00,0x00,0x00,
0xeb,0x76,0x00,0x00,0xe6,0x78,0x00,0x00,0xe9,0x76,0x00,0x00,0x01,0x00,0x00,0x00,
0x52,0x00,0x06,0x00,0x9f,0x00,0x00,0x00,0xed,0x76,0x00,0x00,0xdc,0x01,0x00,0x00,
0xeb,0x76,0x00,0x00,0x02,0x00,0x00,0x00,0x7c,0x00,0x04,0x00,0x32,0x00,0x00,0x00,
0xb7,0x2f,0x00,0x00,0x92,0x2f,0x00,0x00,0x6f,0x00,0x04,0x00,0x38,0x00,0x00,0x00,
0xb8,0x2f,0x00,0x00,0xb7,0x2f,0x00,0x00,0x6e,0x00,0x04,0x00,0x32,0x00,0x00,0x00,
0xfc,0x3c,0x00,0x00,0xb8,0x2f,0x00,0x00,0x51,0x00,0x05,0x00,0x1a,0x00,0x00,0x00,
0x2f,0x3d,0x00,0x00,0xfc,0x3c,0x00,0x00,0x00,0x00,0x00,0x00,0x0c,0x00,0x07,0x00,
0x1a,0x00,0x00,0x00,0x40,0x3d,0x00,0x00,0x01,0x00,0x00,0x00,0x27,0x00,0x00,0x00,
0x2f,0x3d,0x00,0x00,0xc1,0x0b,0x00,0x00,0x0c,0x00,0x07,0x00,0x1a,0x00,0x00,0x00,
0x45,0x3d,0x00,0x00,0x01,0x00,0x00,0x00,0x2a,0x00,0x00,0x00,0x4c,0x01,0x00,0x00,
0x40,0x3d,0x00,0x00,0x51,0x00,0x05,0x00,0x1a,0x00,0x00,0x00,0x37,0x3d,0x00,0x00,
0xfc,0x3c,0x00,0x00,0x01,0x00,0x00,0x00,0x0c,0x00,0x07,0x00,0x1a,0x00,0x00,0x00,
0x4a,0x3d,0x00,0x00,0x01,0x00,0x00,0x00,0x27,0x00,0x00,0x00,0x37,0x3d,0x00,0x00,
0xc9,0x0b,0x00,0x00,0x0c,0x00,0x07,0x00,0x1a,0x00,0x00,0x00,0x4f,0x3d,0x00,0x00,
0x01,0x00,0x00,0x00,0x2a,0x00,0x00,0x00,0x4c,0x01,0x00,0x00,0x4a,0x3d,0x00,0x00,
0x50,0x00,0x05,0x00,0x32,0x00,0x00,0x00,0xd2,0x77,0x00,0x00,0x45,0x3d,0x00,0x00,
0x4f,0x3d,0x00,0x00,0x3d,0x00,0x04,0x00,0xb9,0x01,0x00,0x00,0x52,0x3d,0x00,0x00,
0xca,0x01,0x00,0x00,0x5f,0x00,0x07,0x00,0x9f,0x00,0x00,0x00,0x54,0x3d,0x00,0x00,
0x52,0x3d,0x00,0x00,0xd2,0x77,0x00,0x00,0x02,0x00,0x00,0x00,0x4c,0x01,0x00,0x00,
0x4f,0x00,0x07,0x00,0x38,0x00,0x00,0x00,0x55,0x3d,0x00,0x00,0x54,0x3d,0x00,0x00,
0x54,0x3d,0x00,0x00,0x00,0x00,0x00,0x00,0x01,0x00,0x00,0x00,0x6f,0x00,0x04,0x00,
0x38,0x00,0x00,0x00,0x02,0x3d,0x00,0x00,0xd2,0x77,0x00,0x00,0x81,0x00,0x05,0x00,
0x38,0x00,0x00,0x00,0x04,0x3d,0x00,0x00,0x02,0x3d,0x00,0x00,0xc7,0x77,0x00,0x00,
0x88,0x00,0x05,0x00,0x38,0x00,0x00,0x00,0x07,0x3d,0x00,0x00,0x04,0x3d,0x00,0x00,
0x9a,0x0b,0x00,0x00,0x3e,0x00,0x03,0x00,0x7a,0x3d,0x00,0x00,0xdf,0x03,0x00,0x00,
0x81,0x00,0x05,0x00,0x38,0x00,0x00,0x00,0x89,0x3d,0x00,0x00,0x07,0x3d,0x00,0x00,
0x1c,0x0c,0x00,0x00,0x85,0x00,0x05,0x00,0x38,0x00,0x00,0x00,0x8d,0x3d,0x00,0x00,
0x89,0x3d,0x00,0x00,0x9a,0x0b,0x00,0x00,0x0c,0x00,0x06,0x00,0x38,0x00,0x00,0x00,
0x8e,0x3d,0x00,0x00,0x01,0x00,0x00,0x00,0x08,0x00,0x00,0x00,0x8d,0x3d,0x00,0x00,
0x6e,0x00,0x04,0x00,0x32,0x00,0x00,0x00,0x8f,0x3d,0x00,0x00,0x8e,0x3d,0x00,0x00,
0xf9,0x00,0x02,0x00,0x90,0x3d,0x00,0x00,0xf8,0x00,0x02,0x00,0x90,0x3d,0x00,0x00,
0xf5,0x00,0x07,0x00,0x1a,0x00,0x00,0x00,0xe8,0x78,0x00,0x00,0x4c,0x01,0x00,0x00,
0xb0,0x38,0x00,0x00,0xaf,0x3d,0x00,0x00,0xad,0x3d,0x00,0x00,0xb1,0x00,0x05,0x00,
0x6e,0x00,0x00,0x00,0x93,0x3d,0x00,0x00,0xe8,0x78,0x00,0x00,0x7d,0x03,0x00,0x00,
0xf6,0x00,0x04,0x00,0xb0,0x3d,0x00,0x00,0xad,0x3d,0x00,0x00,0x00,0x00,0x00,0x00,
0xfa,0x00,0x04,0x00,0x93,0x3d,0x00,0x00,0x94,0x3d,0x00,0x00,0xb0,0x3d,0x00,0x00,
0xf8,0x00,0x02,0x00,0x94,0x3d,0x00,0x00,0x41,0x00,0x05,0x00,0x49,0x00,0x00,0x00,
0x98,0x3d,0x00,0x00,0x7a,0x3d,0x00,0x00,0xe8,0x78,0x00,0x00,0x3d,0x00,0x04,0x00,
0x32,0x00,0x00,0x00,0x99,0x3d,0x00,0x00,0x98,0x3d,0x00,0x00,0x80,0x00,0x05,0x00,
0x32,0x00,0x00,0x00,0xcf,0x3d,0x00,0x00,0x8f,0x3d,0x00,0x00,0x99,0x3d,0x00,0x00,
0x51,0x00,0x05,0x00,0x1a,0x00,0x00,0x00,0xd4,0x3d,0x00,0x00,0xcf,0x3d,0x00,0x00,
0x00,0x00,0x00,0x00,0x0c,0x00,0x07,0x00,0x1a,0x00,0x00,0x00,0xe5,0x3d,0x00,0x00,
0x01,0x00,0x00,0x00,0x27,0x00,0x00,0x00,0xd4,0x3d,0x00,0x00,0xc1,0x0b,0x00,0x00,
0x0c,0x00,0x07,0x00,0x1a,0x00,0x00,0x00,0xea,0x3d,0x00,0x00,0x01,0x00,0x00,0x00,
0x2a,0x00,0x00,0x00,0x4c,0x01,0x00,0x00,0xe5,0x3d,0x00,0x00,0x51,0x00,0x05,0x00,
0x1a,0x00,0x00,0x00,0xdc,0x3d,0x00,0x00,0xcf,0x3d,0x00,0x00,0x01,0x00,0x00,0x00,
0x0c,0x00,0x07,0x00,0x1a,0x00,0x00,0x00,0xef,0x3d,0x00,0x00,0x01,0x00,0x00,0x00,
0x27,0x00,0x00,0x00,0xdc,0x3d,0x00,0x00,0xc9,0x0b,0x00,0x00,0x0c,0x00,0x07,0x00,
0x1a,0x00,0x00,0x00,0xf4,0x3d,0x00,0x00,0x01,0x00,0x00,0x00,0x2a,0x00,0x00,0x00,
0x4c,0x01,0x00,0x00,0xef,0x3d,0x00,0x00,0x50,0x00,0x05,0x00,0x32,0x00,0x00,0x00,
0xe7,0x77,0x00,0x00,0xea,0x3d,0x00,0x00,0xf4,0x3d,0x00,0x00,0x3d,0x00,0x04,0x00,
0xb9,0x01,0x00,0x00,0xf7,0x3d,0x00,0x00,0xbb,0x01,0x00,0x00,0x5f,0x00,0x07,0x00,
0x9f,0x00,0x00,0x00,0xf9,0x3d,0x00,0x00,0xf7,0x3d,0x00,0x00,0xe7,0x77,0x00,0x00,
0x02,0x00,0x00,0x00,0x4c,0x01,0x00,0x00,0x51,0x00,0x05,0x00,0x13,0x00,0x00,0x00,
0xfa,0x3d,0x00,0x00,0xf9,0x3d,0x00,0x00,0x00,0x00,0x00,0x00,0x3d,0x00,0x04,0x00,
0xb9,0x01,0x00,0x00,0xfe,0x3d,0x00,0x00,0xd2,0x01,0x00,0x00,0x5f,0x00,0x07,0x00,
0x9f,0x00,0x00,0x00,0xff,0x3d,0x00,0x00,0xfe,0x3d,0x00,0x00,0xd4,0x01,0x00,0x00,
0x02,0x00,0x00,0x00,0x4c,0x01,0x00,0x00,0x51,0x00,0x05,0x00,0x13,0x00,0x00,0x00,
0x00,0x3e,0x00,0x00,0xff,0x3d,0x00,0x00,0x00,0x00,0x00,0x00,0xb4,0x00,0x05,0x00,
0x6e,0x00,0x00,0x00,0x02,0x3e,0x00,0x00,0x00,0x3e,0x00,0x00,0xd8,0x01,0x00,0x00,
0xf9,0x00,0x02,0x00,0x04,0x3e,0x00,0x00,0xf8,0x00,0x02,0x00,0x04,0x3e,0x00,0x00,
0xa9,0x00,0x06,0x00,0x13,0x00,0x00,0x00,0x34,0x7c,0x00,0x00,0x02,0x3e,0x00,0x00,
0xdc,0x01,0x00,0x00,0x00,0x3e,0x00,0x00,0x85,0x00,0x05,0x00,0x13,0x00,0x00,0x00,
0x9f,0x3d,0x00,0x00,0xfa,0x3d,0x00,0x00,0x34,0x7c,0x00,0x00,0x41,0x00,0x05,0x00,
0x14,0x00,0x00,0x00,0xdb,0x66,0x00,0x00,0xda,0x66,0x00,0x00,0xe8,0x78,0x00,0x00,
0x3e,0x00,0x03,0x00,0xdb,0x66,0x00,0x00,0x9f,0x3d,0x00,0x00,0x3d,0x00,0x04,0x00,
0x13,0x00,0x00,0x00,0xa4,0x3d,0x00,0x00,0xdb,0x66,0x00,0x00,0x0c,0x00,0x07,0x00,
0x13,0x00,0x00,0x00,0x0a,0x3e,0x00,0x00,0x01,0x00,0x00,0x00,0x1a,0x00,0x00,0x00,
0xa4,0x3d,0x00,0x00,0xdc,0x01,0x00,0x00,0x3e,0x00,0x03,0x00,0xdb,0x66,0x00,0x00,
0x0a,0x3e,0x00,0x00,0x3d,0x00,0x04,0x00,0x13,0x00,0x00,0x00,0xaa,0x3d,0x00,0x00,
0xdb,0x66,0x00,0x00,0x0c,0x00,0x07,0x00,0x13,0x00,0x00,0x00,0x0f,0x3e,0x00,0x00,
0x01,0x00,0x00,0x00,0x28,0x00,0x00,0x00,0xaa,0x3d,0x00,0x00,0x8d,0x03,0x00,0x00,
0x3e,0x00,0x03,0x00,0xdb,0x66,0x00,0x00,0x0f,0x3e,0x00,0x00,0xf9,0x00,0x02,0x00,
0xad,0x3d,0x00,0x00,0xf8,0x00,0x02,0x00,0xad,0x3d,0x00,0x00,0x80,0x00,0x05,0x00,
0x1a,0x00,0x00,0x00,0xaf,0x3d,0x00,0x00,0xe8,0x78,0x00,0x00,0x91,0x01,0x00,0x00,
0xf9,0x00,0x02,0x00,0x90,0x3d,0x00,0x00,0xf8,0x00,0x02,0x00,0xb0,0x3d,0x00,0x00,
0x3d,0x00,0x04,0x00,0x82,0x00,0x00,0x00,0xe0,0x66,0x00,0x00,0xda,0x66,0x00,0x00,
0x3e,0x00,0x03,0x00,0x19,0x3e,0x00,0x00,0xdf,0x03,0x00,0x00,0x81,0x00,0x05,0x00,
0x38,0x00,0x00,0x00,0x27,0x3e,0x00,0x00,0x07,0x3d,0x00,0x00,0xba,0x0c,0x00,0x00,
0x81,0x00,0x05,0x00,0x38,0x00,0x00,0x00,0x2a,0x3e,0x00,0x00,0x27,0x3e,0x00,0x00,
0x55,0x3d,0x00,0x00,0x51,0x00,0x05,0x00,0x13,0x00,0x00,0x00,0x67,0x3e,0x00,0x00,
0x2a,0x3e,0x00,0x00,0x00,0x00,0x00,0x00,0xbe,0x00,0x05,0x00,0x6e,0x00,0x00,0x00,
0x68,0x3e,0x00,0x00,0x67,0x3e,0x00,0x00,0xd8,0x01,0x00,0x00,0xf7,0x00,0x03,0x00,
0x6d,0x3e,0x00,0x00,0x00,0x00,0x00,0x00,0xfa,0x00,0x04,0x00,0x68,0x3e,0x00,0x00,
0x69,0x3e,0x00,0x00,0x6d,0x3e,0x00,0x00,0xf8,0x00,0x02,0x00,0x69,0x3e,0x00,0x00,
0xbc,0x00,0x05,0x00,0x6e,0x00,0x00,0x00,0x6c,0x3e,0x00,0x00,0x67,0x3e,0x00,0x00,
0xdc,0x01,0x00,0x00,0xf9,0x00,0x02,0x00,0x6d,0x3e,0x00,0x00,0xf8,0x00,0x02,0x00,
0x6d,0x3e,0x00,0x00,0xf5,0x00,0x07,0x00,0x6e,0x00,0x00,0x00,0x6e,0x3e,0x00,0x00,
0x68,0x3e,0x00,0x00,0xb0,0x3d,0x00,0x00,0x6c,0x3e,0x00,0x00,0x69,0x3e,0x00,0x00,
0xf7,0x00,0x03,0x00,0x79,0x3e,0x00,0x00,0x00,0x00,0x00,0x00,0xfa,0x00,0x04,0x00,
0x6e,0x3e,0x00,0x00,0x6f,0x3e,0x00,0x00,0x79,0x3e,0x00,0x00,0xf8,0x00,0x02,0x00,
0x6f,0x3e,0x00,0x00,0x51,0x00,0x05,0x00,0x13,0x00,0x00,0x00,0x71,0x3e,0x00,0x00,
0x2a,0x3e,0x00,0x00,0x01,0x00,0x00,0x00,0xbe,0x00,0x05,0x00,0x6e,0x00,0x00,0x00,
0x72,0x3e,0x00,0x00,0x71,0x3e,0x00,0x00,0xd8,0x01,0x00,0x00,0xf7,0x00,0x03,0x00,
0x77,0x3e,0x00,0x00,0x00,0x00,0x00,0x00,0xfa,0x00,0x04,0x00,0x72,0x3e,0x00,0x00,
0x73,0x3e,0x00,0x00,0x77,0x3e,0x00,0x00,0xf8,0x00,0x02,0x00,0x73,0x3e,0x00,0x00,
0xbc,0x00,0x05,0x00,0x6e,0x00,0x00,0x00,0x76,0x3e,0x00,0x00,0x71,0x3e,0x00,0x00,
0xdc,0x01,0x00,0x00,0xf9,0x00,0x02,0x00,0x77,0x3e,0x00,0x00,0xf8,0x00,0x02,0x00,
0x77,0x3e,0x00,0x00,0xf5,0x00,0x07,0x00,0x6e,0x00,0x00,0x00,0x78,0x3e,0x00,0x00,
0x72,0x3e,0x00,0x00,0x6f,0x3e,0x00,0x00,0x76,0x3e,0x00,0x00,0x73,0x3e,0x00,0x00,
0xf9,0x00,0x02,0x00,0x79,0x3e,0x00,0x00,0xf8,0x00,0x02,0x00,0x79,0x3e,0x00,0x00,
0xf5,0x00,0x07,0x00,0x6e,0x00,0x00,0x00,0x7a,0x3e,0x00,0x00,0x6e,0x3e,0x00,0x00,
0x6d,0x3e,0x00,0x00,0x78,0x3e,0x00,0x00,0x77,0x3e,0x00,0x00,0xf7,0x00,0x03,0x00,
0x5a,0x3e,0x00,0x00,0x00,0x00,0x00,0x00,0xfa,0x00,0x04,0x00,0x7a,0x3e,0x00,0x00,
0x30,0x3e,0x00,0x00,0x5a,0x3e,0x00,0x00,0xf8,0x00,0x02,0x00,0x30,0x3e,0x00,0x00,
0x85,0x00,0x05,0x00,0x38,0x00,0x00,0x00,0x34,0x3e,0x00,0x00,0x2a,0x3e,0x00,0x00,
0xb9,0x0c,0x00,0x00,0x0c,0x00,0x06,0x00,0x38,0x00,0x00,0x00,0x35,0x3e,0x00,0x00,
0x01,0x00,0x00,0x00,0x08,0x00,0x00,0x00,0x34,0x3e,0x00,0x00,0x6e,0x00,0x04,0x00,
0x32,0x00,0x00,0x00,0x36,0x3e,0x00,0x00,0x35,0x3e,0x00,0x00,0xf9,0x00,0x02,0x00,
0x37,0x3e,0x00,0x00,0xf8,0x00,0x02,0x00,0x37,0x3e,0x00,0x00,0xf5,0x00,0x07,0x00,
0x1a,0x00,0x00,0x00,0xe9,0x78,0x00,0x00,0x4c,0x01,0x00,0x00,0x30,0x3e,0x00,0x00,
0x58,0x3e,0x00,0x00,0x56,0x3e,0x00,0x00,0xb1,0x00,0x05,0x00,0x6e,0x00,0x00,0x00,
0x3a,0x3e,0x00,0x00,0xe9,0x78,0x00,0x00,0x7d,0x03,0x00,0x00,0xf6,0x00,0x04,0x00,
0x59,0x3e,0x00,0x00,0x56,0x3e,0x00,0x00,0x00,0x00,0x00,0x00,0xfa,0x00,0x04,0x00,
0x3a,0x3e,0x00,0x00,0x3b,0x3e,0x00,0x00,0x59,0x3e,0x00,0x00,0xf8,0x00,0x02,0x00,
0x3b,0x3e,0x00,0x00,0x41,0x00,0x05,0x00,0x49,0x00,0x00,0x00,0x3f,0x3e,0x00,0x00,
0x19,0x3e,0x00,0x00,0xe9,0x78,0x00,0x00,0x3d,0x00,0x04,0x00,0x32,0x00,0x00,0x00,
0x40,0x3e,0x00,0x00,0x3f,0x3e,0x00,0x00,0x80,0x00,0x05,0x00,0x32,0x00,0x00,0x00,
0x90,0x3e,0x00,0x00,0x36,0x3e,0x00,0x00,0x40,0x3e,0x00,0x00,0x51,0x00,0x05,0x00,
0x1a,0x00,0x00,0x00,0x92,0x3e,0x00,0x00,0xf7,0x0c,0x00,0x00,0x00,0x00,0x00,0x00,
0x82,0x00,0x05,0x00,0x1a,0x00,0x00,0x00,0x93,0x3e,0x00,0x00,0x92,0x3e,0x00,0x00,
0x91,0x01,0x00,0x00,0x51,0x00,0x05,0x00,0x1a,0x00,0x00,0x00,0x95,0x3e,0x00,0x00,
0x90,0x3e,0x00,0x00,0x00,0x00,0x00,0x00,0x0c,0x00,0x07,0x00,0x1a,0x00,0x00,0x00,
0xa6,0x3e,0x00,0x00,0x01,0x00,0x00,0x00,0x27,0x00,0x00,0x00,0x95,0x3e,0x00,0x00,
0x93,0x3e,0x00,0x00,0x0c,0x00,0x07,0x00,0x1a,0x00,0x00,0x00,0xab,0x3e,0x00,0x00,
0x01,0x00,0x00,0x00,0x2a,0x00,0x00,0x00,0x4c,0x01,0x00,0x00,0xa6,0x3e,0x00,0x00,
0x51,0x00,0x05,0x00,0x1a,0x00,0x00,0x00,0x9a,0x3e,0x00,0x00,0xf7,0x0c,0x00,0x00,
0x01,0x00,0x00,0x00,0x82,0x00,0x05,0x00,0x1a,0x00,0x00,0x00,0x9b,0x3e,0x00,0x00,
0x9a,0x3e,0x00,0x00,0x91,0x01,0x00,0x00,0x51,0x00,0x05,0x00,0x1a,0x00,0x00,0x00,
0x9d,0x3e,0x00,0x00,0x90,0x3e,0x00,0x00,0x01,0x00,0x00,0x00,0x0c,0x00,0x07,0x00,
0x1a,0x00,0x00,0x00,0xb0,0x3e,0x00,0x00,0x01,0x00,0x00,0x00,0x27,0x00,0x00,0x00,
0x9d,0x3e,0x00,0x00,0x9b,0x3e,0x00,0x00,0x0c,0x00,0x07,0x00,0x1a,0x00,0x00,0x00,
0xb5,0x3e,0x00,0x00,0x01,0x00,0x00,0x00,0x2a,0x00,0x00,0x00,0x4c,0x01,0x00,0x00,
0xb0,0x3e,0x00,0x00,0x50,0x00,0x05,0x00,0x32,0x00,0x00,0x00,0xe6,0x77,0x00,0x00,
0xab,0x3e,0x00,0x00,0xb5,0x3e,0x00,0x00,0x3d,0x00,0x04,0x00,0xb9,0x01,0x00,0x00,
0xb8,0x3e,0x00,0x00,0xc3,0x01,0x00,0x00,0x5f,0x00,0x07,0x00,0x9f,0x00,0x00,0x00,
0xba,0x3e,0x00,0x00,0xb8,0x3e,0x00,0x00,0xe6,0x77,0x00,0x00,0x02,0x00,0x00,0x00,
0x4c,0x01,0x00,0x00,0x51,0x00,0x05,0x00,0x13,0x00,0x00,0x00,0xbb,0x3e,0x00,0x00,
0xba,0x3e,0x00,0x00,0x00,0x00,0x00,0x00,0x41,0x00,0x05,0x00,0xa2,0x01,0x00,0x00,
0xbe,0x3e,0x00,0x00,0x8b,0x01,0x00,0x00,0xa1,0x01,0x00,0x00,0x3d,0x00,0x04,0x00,
0x13,0x00,0x00,0x00,0xbf,0x3e,0x00,0x00,0xbe,0x3e,0x00,0x00,0x85,0x00,0x05,0x00,
0x13,0x00,0x00,0x00,0x46,0x3e,0x00,0x00,0xbb,0x3e,0x00,0x00,0xbf,0x3e,0x00,0x00,
0x3d,0x00,0x04,0x00,0xb9,0x01,0x00,0x00,0xc3,0x3e,0x00,0x00,0xd2,0x01,0x00,0x00,
0x5f,0x00,0x07,0x00,0x9f,0x00,0x00,0x00,0xc4,0x3e,0x00,0x00,0xc3,0x3e,0x00,0x00,
0xd4,0x01,0x00,0x00,0x02,0x00,0x00,0x00,0x4c,0x01,0x00,0x00,0x51,0x00,0x05,0x00,
0x13,0x00,0x00,0x00,0xc5,0x3e,0x00,0x00,0xc4,0x3e,0x00,0x00,0x00,0x00,0x00,0x00,
0xb4,0x00,0x05,0x00,0x6e,0x00,0x00,0x00,0xc7,0x3e,0x00,0x00,0xc5,0x3e,0x00,0x00,
0xd8,0x01,0x00,0x00,0xf9,0x00,0x02,0x00,0xc9,0x3e,0x00,0x00,0xf8,0x00,0x02,0x00,
0xc9,0x3e,0x00,0x00,0xa9,0x00,0x06,0x00,0x13,0x00,0x00,0x00,0x35,0x7c,0x00,0x00,
0xc7,0x3e,0x00,0x00,0xdc,0x01,0x00,0x00,0xc5,0x3e,0x00,0x00,0x85,0x00,0x05,0x00,
0x13,0x00,0x00,0x00,0x48,0x3e,0x00,0x00,0x46,0x3e,0x00,0x00,0x35,0x7c,0x00,0x00,
0x41,0x00,0x05,0x00,0x14,0x00,0x00,0x00,0xd6,0x6f,0x00,0x00,0xd5,0x6f,0x00,0x00,
0xe9,0x78,0x00,0x00,0x3e,0x00,0x03,0x00,0xd6,0x6f,0x00,0x00,0x48,0x3e,0x00,0x00,
0x3d,0x00,0x04,0x00,0x13,0x00,0x00,0x00,0x4d,0x3e,0x00,0x00,0xd6,0x6f,0x00,0x00,
0x0c,0x00,0x07,0x00,0x13,0x00,0x00,0x00,0xcf,0x3e,0x00,0x00,0x01,0x00,0x00,0x00,
0x1a,0x00,0x00,0x00,0x4d,0x3e,0x00,0x00,0xdc,0x01,0x00,0x00,0x3e,0x00,0x03,0x00,
0xd6,0x6f,0x00,0x00,0xcf,0x3e,0x00,0x00,0x3d,0x00,0x04,0x00,0x13,0x00,0x00,0x00,
0x53,0x3e,0x00,0x00,0xd6,0x6f,0x00,0x00,0x0c,0x00,0x07,0x00,0x13,0x00,0x00,0x00,
0xd4,0x3e,0x00,0x00,0x01,0x00,0x00,0x00,0x28,0x00,0x00,0x00,0x53,0x3e,0x00,0x00,
0x8d,0x03,0x00,0x00,0x3e,0x00,0x03,0x00,0xd6,0x6f,0x00,0x00,0xd4,0x3e,0x00,0x00,
0xf9,0x00,0x02,0x00,0x56,0x3e,0x00,0x00,0xf8,0x00,0x02,0x00,0x56,0x3e,0x00,0x00,
0x80,0x00,0x05,0x00,0x1a,0x00,0x00,0x00,0x58,0x3e,0x00,0x00,0xe9,0x78,0x00,0x00,
0x91,0x01,0x00,0x00,0xf9,0x00,0x02,0x00,0x37,0x3e,0x00,0x00,0xf8,0x00,0x02,0x00,
0x59,0x3e,0x00,0x00,0xf9,0x00,0x02,0x00,0x5a,0x3e,0x00,0x00,0xf8,0x00,0x02,0x00,
0x5a,0x3e,0x00,0x00,0x3d,0x00,0x04,0x00,0x82,0x00,0x00,0x00,0xdb,0x6f,0x00,0x00,
0xd5,0x6f,0x00,0x00,0xf7,0x00,0x03,0x00,0x72,0x3d,0x00,0x00,0x00,0x00,0x00,0x00,
0xfa,0x00,0x04,0x00,0x7a,0x3e,0x00,0x00,0x6c,0x3d,0x00,0x00,0x72,0x3d,0x00,0x00,
0xf8,0x00,0x02,0x00,0x6c,0x3d,0x00,0x00,0x51,0x00,0x05,0x00,0x13,0x00,0x00,0x00,
0xba,0x6f,0x00,0x00,0xe0,0x66,0x00,0x00,0x00,0x00,0x00,0x00,0x51,0x00,0x05,0x00,
0x13,0x00,0x00,0x00,0xbb,0x6f,0x00,0x00,0xe0,0x66,0x00,0x00,0x01,0x00,0x00,0x00,
0x51,0x00,0x05,0x00,0x13,0x00,0x00,0x00,0xbc,0x6f,0x00,0x00,0xe0,0x66,0x00,0x00,
0x02,0x00,0x00,0x00,0x51,0x00,0x05,0x00,0x13,0x00,0x00,0x00,0xbd,0x6f,0x00,0x00,
0xe0,0x66,0x00,0x00,0x03,0x00,0x00,0x00,0x51,0x00,0x05,0x00,0x13,0x00,0x00,0x00,
0xbe,0x6f,0x00,0x00,0xe0,0x66,0x00,0x00,0x04,0x00,0x00,0x00,0x0c,0x00,0x07,0x00,
0x13,0x00,0x00,0x00,0xdc,0x3f,0x00,0x00,0x01,0x00,0x00,0x00,0x25,0x00,0x00,0x00,
0xba,0x6f,0x00,0x00,0xbd,0x6f,0x00,0x00,0x0c,0x00,0x07,0x00,0x13,0x00,0x00,0x00,
0xe1,0x3f,0x00,0x00,0x01,0x00,0x00,0x00,0x28,0x00,0x00,0x00,0xba,0x6f,0x00,0x00,
0xbd,0x6f,0x00,0x00,0x0c,0x00,0x07,0x00,0x13,0x00,0x00,0x00,0xe6,0x3f,0x00,0x00,
0x01,0x00,0x00,0x00,0x25,0x00,0x00,0x00,0xbb,0x6f,0x00,0x00,0xbe,0x6f,0x00,0x00,
0x0c,0x00,0x07,0x00,0x13,0x00,0x00,0x00,0xeb,0x3f,0x00,0x00,0x01,0x00,0x00,0x00,
0x28,0x00,0x00,0x00,0xbb,0x6f,0x00,0x00,0xbe,0x6f,0x00,0x00,0x0c,0x00,0x07,0x00,
0x13,0x00,0x00,0x00,0xf0,0x3f,0x00,0x00,0x01,0x00,0x00,0x00,0x25,0x00,0x00,0x00,
0xdc,0x3f,0x00,0x00,0xbc,0x6f,0x00,0x00,0x0c,0x00,0x07,0x00,0x13,0x00,0x00,0x00,
0xf5,0x3f,0x00,0x00,0x01,0x00,0x00,0x00,0x28,0x00,0x00,0x00,0xdc,0x3f,0x00,0x00,
0xbc,0x6f,0x00,0x00,0x0c,0x00,0x07,0x00,0x13,0x00,0x00,0x00,0xfa,0x3f,0x00,0x00,
0x01,0x00,0x00,0x00,0x25,0x00,0x00,0x00,0xe6,0x3f,0x00,0x00,0xe1,0x3f,0x00,0x00,
0x0c,0x00,0x07,0x00,0x13,0x00,0x00,0x00,0xff,0x3f,0x00,0x00,0x01,0x00,0x00,0x00,
0x28,0x00,0x00,0x00,0xe6,0x3f,0x00,0x00,0xe1,0x3f,0x00,0x00,0x0c,0x00,0x07,0x00,
0x13,0x00,0x00,0x00,0x04,0x40,0x00,0x00,0x01,0x00,0x00,0x00,0x25,0x00,0x00,0x00,
0xf0,0x3f,0x00,0x00,0xfa,0x3f,0x00,0x00,0x0c,0x00,0x07,0x00,0x13,0x00,0x00,0x00,
0x09,0x40,0x00,0x00,0x01,0x00,0x00,0x00,0x28,0x00,0x00,0x00,0xf0,0x3f,0x00,0x00,
0xfa,0x3f,0x00,0x00,0x0c,0x00,0x07,0x00,0x13,0x00,0x00,0x00,0x0e,0x40,0x00,0x00,
0x01,0x00,0x00,0x00,0x25,0x00,0x00,0x00,0xf5,0x3f,0x00,0x00,0xeb,0x3f,0x00,0x00,
0x0c,0x00,0x07,0x00,0x13,0x00,0x00,0x00,0x13,0x40,0x00,0x00,0x01,0x00,0x00,0x00,
0x28,0x00,0x00,0x00,0xf5,0x3f,0x00,0x00,0xeb,0x3f,0x00,0x00,0x0c,0x00,0x07,0x00,
0x13,0x00,0x00,0x00,0x18,0x40,0x00,0x00,0x01,0x00,0x00,0x00,0x25,0x00,0x00,0x00,
0x09,0x40,0x00,0x00,0x0e,0x40,0x00,0x00,0x0c,0x00,0x07,0x00,0x13,0x00,0x00,0x00,
0x1d,0x40,0x00,0x00,0x01,0x00,0x00,0x00,0x28,0x00,0x00,0x00,0x09,0x40,0x00,0x00,
0x0e,0x40,0x00,0x00,0x0c,0x00,0x07,0x00,0x13,0x00,0x00,0x00,0x22,0x40,0x00,0x00,
0x01,0x00,0x00,0x00,0x25,0x00,0x00,0x00,0xff,0x3f,0x00,0x00,0x13,0x40,0x00,0x00,
0x0c,0x00,0x07,0x00,0x13,0x00,0x00,0x00,0x27,0x40,0x00,0x00,0x01,0x00,0x00,0x00,
0x28,0x00,0x00,0x00,0xff,0x3f,0x00,0x00,0x13,0x40,0x00,0x00,0x0c,0x00,0x07,0x00,
0x13,0x00,0x00,0x00,0x2c,0x40,0x00,0x00,0x01,0x00,0x00,0x00,0x25,0x00,0x00,0x00,
0x1d,0x40,0x00,0x00,0x22,0x40,0x00,0x00,0x0c,0x00,0x07,0x00,0x13,0x00,0x00,0x00,
0x31,0x40,0x00,0x00,0x01,0x00,0x00,0x00,0x28,0x00,0x00,0x00,0x1d,0x40,0x00,0x00,
0x22,0x40,0x00,0x00,0x50,0x00,0x08,0x00,0x82,0x00,0x00,0x00,0xc4,0x6f,0x00,0x00,
0x04,0x40,0x00,0x00,0x18,0x40,0x00,0x00,0x2c,0x40,0x00,0x00,0x31,0x40,0x00,0x00,
0x27,0x40,0x00,0x00,0x3e,0x00,0x03,0x00,0xee,0x66,0x00,0x00,0xc4,0x6f,0x00,0x00,
0x51,0x00,0x05,0x00,0x13,0x00,0x00,0x00,0xca,0x6f,0x00,0x00,0xdb,0x6f,0x00,0x00,
0x00,0x00,0x00,0x00,0x51,0x00,0x05,0x00,0x13,0x00,0x00,0x00,0xcb,0x6f,0x00,0x00,
0xdb,0x6f,0x00,0x00,0x01,0x00,0x00,0x00,0x51,0x00,0x05,0x00,0x13,0x00,0x00,0x00,
0xcc,0x6f,0x00,0x00,0xdb,0x6f,0x00,0x00,0x02,0x00,0x00,0x00,0x51,0x00,0x05,0x00,
0x13,0x00,0x00,0x00,0xcd,0x6f,0x00,0x00,0xdb,0x6f,0x00,0x00,0x03,0x00,0x00,0x00,
0x51,0x00,0x05,0x00,0x13,0x00,0x00,0x00,0xce,0x6f,0x00,0x00,0xdb,0x6f,0x00,0x00,
0x04,0x00,0x00,0x00,0x0c,0x00,0x07,0x00,0x13,0x00,0x00,0x00,0xd9,0x40,0x00,0x00,
0x01,0x00,0x00,0x00,0x25,0x00,0x00,0x00,0xca,0x6f,0x00,0x00,0xcd,0x6f,0x00,0x00,
0x0c,0x00,0x07,0x00,0x13,0x00,0x00,0x00,0xde,0x40,0x00,0x00,0x01,0x00,0x00,0x00,
0x28,0x00,0x00,0x00,0xca,0x6f,0x00,0x00,0xcd,0x6f,0x00,0x00,0x0c,0x00,0x07,0x00,
0x13,0x00,0x00,0x00,0xe3,0x40,0x00,0x00,0x01,0x00,0x00,0x00,0x25,0x00,0x00,0x00,
0xcb,0x6f,0x00,0x00,0xce,0x6f,0x00,0x00,0x0c,0x00,0x07,0x00,0x13,0x00,0x00,0x00,
0xe8,0x40,0x00,0x00,0x01,0x00,0x00,0x00,0x28,0x00,0x00,0x00,0xcb,0x6f,0x00,0x00,
0xce,0x6f,0x00,0x00,0x0c,0x00,0x07,0x00,0x13,0x00,0x00,0x00,0xed,0x40,0x00,0x00,
0x01,0x00,0x00,0x00,0x25,0x00,0x00,0x00,0xd9,0x40,0x00,0x00,0xcc,0x6f,0x00,0x00,
0x0c,0x00,0x07,0x00,0x13,0x00,0x00,0x00,0xf2,0x40,0x00,0x00,0x01,0x00,0x00,0x00,
0x28,0x00,0x00,0x00,0xd9,0x40,0x00,0x00,0xcc,0x6f,0x00,0x00,0x0c,0x00,0x07,0x00,
0x13,0x00,0x00,0x00,0xf7,0x40,0x00,0x00,0x01,0x00,0x00,0x00,0x25,0x00,0x00,0x00,
0xe3,0x40,0x00,0x00,0xde,0x40,0x00,0x00,0x0c,0x00,0x07,0x00,0x13,0x00,0x00,0x00,
0xfc,0x40,0x00,0x00,0x01,0x00,0x00,0x00,0x28,0x00,0x00,0x00,0xe3,0x40,0x00,0x00,
0xde,0x40,0x00,0x00,0x0c,0x00,0x07,0x00,0x13,0x00,0x00,0x00,0x01,0x41,0x00,0x00,
0x01,0x00,0x00,0x00,0x25,0x00,0x00,0x00,0xed,0x40,0x00,0x00,0xf7,0x40,0x00,0x00,
0x0c,0x00,0x07,0x00,0x13,0x00,0x00,0x00,0x06,0x41,0x00,0x00,0x01,0x00,0x00,0x00,
0x28,0x00,0x00,0x00,0xed,0x40,0x00,0x00,0xf7,0x40,0x00,0x00,0x0c,0x00,0x07,0x00,
0x13,0x00,0x00,0x00,0x0b,0x41,0x00,0x00,0x01,0x00,0x00,0x00,0x25,0x00,0x00,0x00,
0xf2,0x40,0x00,0x00,0xe8,0x40,0x00,0x00,0x0c,0x00,0x07,0x00,0x13,0x00,0x00,0x00,
0x10,0x41,0x00,0x00,0x01,0x00,0x00,0x00,0x28,0x00,0x00,0x00,0xf2,0x40,0x00,0x00,
0xe8,0x40,0x00,0x00,0x0c,0x00,0x07,0x00,0x13,0x00,0x00,0x00,0x15,0x41,0x00,0x00,
0x01,0x00,0x00,0x00,0x25,0x00,0x00,0x00,0x06,0x41,0x00,0x00,0x0b,0x41,0x00,0x00,
0x0c,0x00,0x07,0x00,0x13,0x00,0x00,0x00,0x1a,0x41,0x00,0x00,0x01,0x00,0x00,0x00,
0x28,0x00,0x00,0x00,0x06,0x41,0x00,0x00,0x0b,0x41,0x00,0x00,0x0c,0x00,0x07,0x00,
0x13,0x00,0x00,0x00,0x1f,0x41,0x00,0x00,0x01,0x00,0x00,0x00,0x25,0x00,0x00,0x00,
0xfc,0x40,0x00,0x00,0x10,0x41,0x00,0x00,0x0c,0x00,0x07,0x00,0x13,0x00,0x00,0x00,
0x24,0x41,0x00,0x00,0x01,0x00,0x00,0x00,0x28,0x00,0x00,0x00,0xfc,0x40,0x00,0x00,
0x10,0x41,0x00,0x00,0x0c,0x00,0x07,0x00,0x13,0x00,0x00,0x00,0x29,0x41,0x00,0x00,
0x01,0x00,0x00,0x00,0x25,0x00,0x00,0x00,0x1a,0x41,0x00,0x00,0x1f,0x41,0x00,0x00,
0x0c,0x00,0x07,0x00,0x13,0x00,0x00,0x00,0x2e,0x41,0x00,0x00,0x01,0x00,0x00,0x00,
0x28,0x00,0x00,0x00,0x1a,0x41,0x00,0x00,0x1f,0x41,0x00,0x00,0x50,0x00,0x08,0x00,
0x82,0x00,0x00,0x00,0xd4,0x6f,0x00,0x00,0x01,0x41,0x00,0x00,0x15,0x41,0x00,0x00,
0x29,0x41,0x00,0x00,0x2e,0x41,0x00,0x00,0x24,0x41,0x00,0x00,0x3e,0x00,0x03,0x00,
0xf8,0x66,0x00,0x00,0xd4,0x6f,0x00,0x00,0x41,0x00,0x05,0x00,0x14,0x00,0x00,0x00,
0xf3,0x66,0x00,0x00,0xee,0x66,0x00,0x00,0xcd,0x02,0x00,0x00,0x3d,0x00,0x04,0x00,
0x13,0x00,0x00,0x00,0xe8,0x3e,0x00,0x00,0xf3,0x66,0x00,0x00,0x41,0x00,0x05,0x00,
0x14,0x00,0x00,0x00,0xfd,0x66,0x00,0x00,0xf8,0x66,0x00,0x00,0xcd,0x02,0x00,0x00,
0x3d,0x00,0x04,0x00,0x13,0x00,0x00,0x00,0xea,0x3e,0x00,0x00,0xfd,0x66,0x00,0x00,
0x0c,0x00,0x07,0x00,0x13,0x00,0x00,0x00,0x33,0x41,0x00,0x00,0x01,0x00,0x00,0x00,
0x25,0x00,0x00,0x00,0xe8,0x3e,0x00,0x00,0xea,0x3e,0x00,0x00,0xba,0x00,0x05,0x00,
0x6e,0x00,0x00,0x00,0xed,0x3e,0x00,0x00,0x33,0x41,0x00,0x00,0x72,0x03,0x00,0x00,
0xf7,0x00,0x03,0x00,0x2f,0x3f,0x00,0x00,0x00,0x00,0x00,0x00,0xfa,0x00,0x04,0x00,
0xed,0x3e,0x00,0x00,0xee,0x3e,0x00,0x00,0x2f,0x3f,0x00,0x00,0xf8,0x00,0x02,0x00,
0xee,0x3e,0x00,0x00,0xf9,0x00,0x02,0x00,0xef,0x3e,0x00,0x00,0xf8,0x00,0x02,0x00,
0xef,0x3e,0x00,0x00,0xf5,0x00,0x07,0x00,0x1a,0x00,0x00,0x00,0x9f,0x7a,0x00,0x00,
0x4c,0x01,0x00,0x00,0xee,0x3e,0x00,0x00,0x07,0x7c,0x00,0x00,0x2b,0x3f,0x00,0x00,
0xf5,0x00,0x07,0x00,0x1a,0x00,0x00,0x00,0x9e,0x7a,0x00,0x00,0x4c,0x01,0x00,0x00,
0xee,0x3e,0x00,0x00,0x06,0x7c,0x00,0x00,0x2b,0x3f,0x00,0x00,0xf5,0x00,0x07,0x00,
0x13,0x00,0x00,0x00,0xeb,0x78,0x00,0x00,0x5e,0x03,0x00,0x00,0xee,0x3e,0x00,0x00,
0x6f,0x7b,0x00,0x00,0x2b,0x3f,0x00,0x00,0xf5,0x00,0x07,0x00,0x1a,0x00,0x00,0x00,
0xea,0x78,0x00,0x00,0x4c,0x01,0x00,0x00,0xee,0x3e,0x00,0x00,0x2d,0x3f,0x00,0x00,
0x2b,0x3f,0x00,0x00,0xb1,0x00,0x05,0x00,0x6e,0x00,0x00,0x00,0xf2,0x3e,0x00,0x00,
0xea,0x78,0x00,0x00,0x7d,0x03,0x00,0x00,0xb8,0x00,0x05,0x00,0x6e,0x00,0x00,0x00,
0xf4,0x3e,0x00,0x00,0xeb,0x78,0x00,0x00,0x80,0x03,0x00,0x00,0xa7,0x00,0x05,0x00,
0x6e,0x00,0x00,0x00,0xf5,0x3e,0x00,0x00,0xf2,0x3e,0x00,0x00,0xf4,0x3e,0x00,0x00,
0xf6,0x00,0x04,0x00,0x2e,0x3f,0x00,0x00,0x2b,0x3f,0x00,0x00,0x00,0x00,0x00,0x00,
0xfa,0x00,0x04,0x00,0xf5,0x3e,0x00,0x00,0xf6,0x3e,0x00,0x00,0x2e,0x3f,0x00,0x00,
0xf8,0x00,0x02,0x00,0xf6,0x3e,0x00,0x00,0x41,0x00,0x05,0x00,0x14,0x00,0x00,0x00,
0xf4,0x66,0x00,0x00,0xee,0x66,0x00,0x00,0x9e,0x7a,0x00,0x00,0x3d,0x00,0x04,0x00,
0x13,0x00,0x00,0x00,0xf9,0x3e,0x00,0x00,0xf4,0x66,0x00,0x00,0x41,0x00,0x05,0x00,
0x14,0x00,0x00,0x00,0xfe,0x66,0x00,0x00,0xf8,0x66,0x00,0x00,0x9f,0x7a,0x00,0x00,
0x3d,0x00,0x04,0x00,0x13,0x00,0x00,0x00,0xfc,0x3e,0x00,0x00,0xfe,0x66,0x00,0x00,
0x83,0x00,0x05,0x00,0x13,0x00,0x00,0x00,0xfd,0x3e,0x00,0x00,0xf9,0x3e,0x00,0x00,
0xfc,0x3e,0x00,0x00,0x0c,0x00,0x06,0x00,0x13,0x00,0x00,0x00,0xff,0x3e,0x00,0x00,
0x01,0x00,0x00,0x00,0x04,0x00,0x00,0x00,0xfd,0x3e,0x00,0x00,0xba,0x00,0x05,0x00,
0x6e,0x00,0x00,0x00,0x00,0x3f,0x00,0x00,0xff,0x3e,0x00,0x00,0x8d,0x03,0x00,0x00,
0xf7,0x00,0x03,0x00,0x2a,0x3f,0x00,0x00,0x00,0x00,0x00,0x00,0xfa,0x00,0x04,0x00,
0x00,0x3f,0x00,0x00,0x01,0x3f,0x00,0x00,0x29,0x3f,0x00,0x00,0xf8,0x00,0x02,0x00,
0x29,0x3f,0x00,0x00,0xf9,0x00,0x02,0x00,0x2a,0x3f,0x00,0x00,0xf8,0x00,0x02,0x00,
0x01,0x3f,0x00,0x00,0x0c,0x00,0x06,0x00,0x13,0x00,0x00,0x00,0x03,0x3f,0x00,0x00,
0x01,0x00,0x00,0x00,0x06,0x00,0x00,0x00,0xfd,0x3e,0x00,0x00,0x3d,0x00,0x04,0x00,
0x13,0x00,0x00,0x00,0x06,0x3f,0x00,0x00,0xf4,0x66,0x00,0x00,0x3d,0x00,0x04,0x00,
0x13,0x00,0x00,0x00,0x09,0x3f,0x00,0x00,0xfe,0x66,0x00,0x00,0x0c,0x00,0x07,0x00,
0x13,0x00,0x00,0x00,0x4a,0x41,0x00,0x00,0x01,0x00,0x00,0x00,0x28,0x00,0x00,0x00,
0x06,0x3f,0x00,0x00,0x09,0x3f,0x00,0x00,0xb7,0x00,0x05,0x00,0x6e,0x00,0x00,0x00,
0x3e,0x41,0x00,0x00,0x4a,0x41,0x00,0x00,0xd8,0x01,0x00,0x00,0xf7,0x00,0x03,0x00,
0x44,0x41,0x00,0x00,0x00,0x00,0x00,0x00,0xfa,0x00,0x04,0x00,0x3e,0x41,0x00,0x00,
0x3f,0x41,0x00,0x00,0x43,0x41,0x00,0x00,0xf8,0x00,0x02,0x00,0x43,0x41,0x00,0x00,
0xf9,0x00,0x02,0x00,0x44,0x41,0x00,0x00,0xf8,0x00,0x02,0x00,0x3f,0x41,0x00,0x00,
0x0c,0x00,0x07,0x00,0x13,0x00,0x00,0x00,0x4f,0x41,0x00,0x00,0x01,0x00,0x00,0x00,
0x25,0x00,0x00,0x00,0x06,0x3f,0x00,0x00,0x09,0x3f,0x00,0x00,0x88,0x00,0x05,0x00,
0x13,0x00,0x00,0x00,0x42,0x41,0x00,0x00,0x4f,0x41,0x00,0x00,0x4a,0x41,0x00,0x00,
0xf9,0x00,0x02,0x00,0x44,0x41,0x00,0x00,0xf8,0x00,0x02,0x00,0x44,0x41,0x00,0x00,
0xf5,0x00,0x07,0x00,0x13,0x00,0x00,0x00,0xa0,0x7a,0x00,0x00,0xd8,0x01,0x00,0x00,
0x43,0x41,0x00,0x00,0x42,0x41,0x00,0x00,0x3f,0x41,0x00,0x00,0x83,0x00,0x05,0x00,
0x13,0x00,0x00,0x00,0x0b,0x3f,0x00,0x00,0xdc,0x01,0x00,0x00,0xa0,0x7a,0x00,0x00,
0x85,0x00,0x05,0x00,0x13,0x00,0x00,0x00,0x0c,0x3f,0x00,0x00,0x03,0x3f,0x00,0x00,
0x0b,0x3f,0x00,0x00,0x0c,0x00,0x06,0x00,0x13,0x00,0x00,0x00,0x0e,0x3f,0x00,0x00,
0x01,0x00,0x00,0x00,0x04,0x00,0x00,0x00,0x0c,0x3f,0x00,0x00,0x0c,0x00,0x06,0x00,
0x13,0x00,0x00,0x00,0x10,0x3f,0x00,0x00,0x01,0x00,0x00,0x00,0x04,0x00,0x00,0x00,
0xeb,0x78,0x00,0x00,0xb8,0x00,0x05,0x00,0x6e,0x00,0x00,0x00,0x11,0x3f,0x00,0x00,
0x0e,0x3f,0x00,0x00,0x10,0x3f,0x00,0x00,0xa9,0x00,0x06,0x00,0x13,0x00,0x00,0x00,
0x14,0x3f,0x00,0x00,0x11,0x3f,0x00,0x00,0x0c,0x3f,0x00,0x00,0xeb,0x78,0x00,0x00,
0x3d,0x00,0x04,0x00,0x13,0x00,0x00,0x00,0x17,0x3f,0x00,0x00,0xf4,0x66,0x00,0x00,
0x3d,0x00,0x04,0x00,0x13,0x00,0x00,0x00,0x1a,0x3f,0x00,0x00,0xfe,0x66,0x00,0x00,
0xb8,0x00,0x05,0x00,0x6e,0x00,0x00,0x00,0x1b,0x3f,0x00,0x00,0x17,0x3f,0x00,0x00,
0x1a,0x3f,0x00,0x00,0xa9,0x00,0x06,0x00,0x1a,0x00,0x00,0x00,0x1c,0x3f,0x00,0x00,
0x1b,0x3f,0x00,0x00,0x91,0x01,0x00,0x00,0x4c,0x01,0x00,0x00,0x80,0x00,0x05,0x00,
0x1a,0x00,0x00,0x00,0x1e,0x3f,0x00,0x00,0x9e,0x7a,0x00,0x00,0x1c,0x3f,0x00,0x00,
0x41,0x00,0x05,0x00,0x14,0x00,0x00,0x00,0xf7,0x66,0x00,0x00,0xee,0x66,0x00,0x00,
0x1e,0x3f,0x00,0x00,0x3d,0x00,0x04,0x00,0x13,0x00,0x00,0x00,0x21,0x3f,0x00,0x00,
0xf7,0x66,0x00,0x00,0x3d,0x00,0x04,0x00,0x13,0x00,0x00,0x00,0x24,0x3f,0x00,0x00,
0xfe,0x66,0x00,0x00,0xbe,0x00,0x05,0x00,0x6e,0x00,0x00,0x00,0x25,0x3f,0x00,0x00,
0x21,0x3f,0x00,0x00,0x24,0x3f,0x00,0x00,0xa9,0x00,0x06,0x00,0x1a,0x00,0x00,0x00,
0x26,0x3f,0x00,0x00,0x25,0x3f,0x00,0x00,0x91,0x01,0x00,0x00,0x4c,0x01,0x00,0x00,
0x80,0x00,0x05,0x00,0x1a,0x00,0x00,0x00,0x28,0x3f,0x00,0x00,0x9f,0x7a,0x00,0x00,
0x26,0x3f,0x00,0x00,0xf9,0x00,0x02,0x00,0x2a,0x3f,0x00,0x00,0xf8,0x00,0x02,0x00,
0x2a,0x3f,0x00,0x00,0xf5,0x00,0x07,0x00,0x1a,0x00,0x00,0x00,0x07,0x7c,0x00,0x00,
0x9f,0x7a,0x00,0x00,0x29,0x3f,0x00,0x00,0x28,0x3f,0x00,0x00,0x44,0x41,0x00,0x00,
0xf5,0x00,0x07,0x00,0x1a,0x00,0x00,0x00,0x06,0x7c,0x00,0x00,0x9e,0x7a,0x00,0x00,
0x29,0x3f,0x00,0x00,0x1e,0x3f,0x00,0x00,0x44,0x41,0x00,0x00,0xf5,0x00,0x07,0x00,
0x13,0x00,0x00,0x00,0x6f,0x7b,0x00,0x00,0x80,0x03,0x00,0x00,0x29,0x3f,0x00,0x00,
0x14,0x3f,0x00,0x00,0x44,0x41,0x00,0x00,0xf9,0x00,0x02,0x00,0x2b,0x3f,0x00,0x00,
0xf8,0x00,0x02,0x00,0x2b,0x3f,0x00,0x00,0x80,0x00,0x05,0x00,0x1a,0x00,0x00,0x00,
0x2d,0x3f,0x00,0x00,0xea,0x78,0x00,0x00,0x91,0x01,0x00,0x00,0xf9,0x00,0x02,0x00,
0xef,0x3e,0x00,0x00,0xf8,0x00,0x02,0x00,0x2e,0x3f,0x00,0x00,0xf9,0x00,0x02,0x00,
0x2f,0x3f,0x00,0x00,0xf8,0x00,0x02,0x00,0x2f,0x3f,0x00,0x00,0xf5,0x00,0x07,0x00,
0x13,0x00,0x00,0x00,0xec,0x78,0x00,0x00,0x5e,0x03,0x00,0x00,0x6c,0x3d,0x00,0x00,
0xeb,0x78,0x00,0x00,0x2e,0x3f,0x00,0x00,0xb8,0x00,0x05,0x00,0x6e,0x00,0x00,0x00,
0x32,0x3f,0x00,0x00,0xec,0x78,0x00,0x00,0x5e,0x03,0x00,0x00,0xa9,0x00,0x06,0x00,
0x13,0x00,0x00,0x00,0x33,0x3f,0x00,0x00,0x32,0x3f,0x00,0x00,0xdc,0x01,0x00,0x00,
0xd8,0x01,0x00,0x00,0x85,0x00,0x05,0x00,0x13,0x00,0x00,0x00,0x34,0x3f,0x00,0x00,
0xec,0x78,0x00,0x00,0x33,0x3f,0x00,0x00,0xf9,0x00,0x02,0x00,0x72,0x3d,0x00,0x00,
0xf8,0x00,0x02,0x00,0x72,0x3d,0x00,0x00,0xf5,0x00,0x07,0x00,0x13,0x00,0x00,0x00,
0xed,0x78,0x00,0x00,0xd8,0x01,0x00,0x00,0x5a,0x3e,0x00,0x00,0x34,0x3f,0x00,0x00,
0x2f,0x3f,0x00,0x00,0x52,0x00,0x06,0x00,0x9f,0x00,0x00,0x00,0x0b,0x77,0x00,0x00,
0xed,0x78,0x00,0x00,0x8e,0x04,0x00,0x00,0x00,0x00,0x00,0x00,0xb7,0x00,0x05,0x00,
0x6e,0x00,0x00,0x00,0x0f,0x3d,0x00,0x00,0xed,0x78,0x00,0x00,0xd8,0x01,0x00,0x00,
0xf7,0x00,0x03,0x00,0x14,0x3d,0x00,0x00,0x00,0x00,0x00,0x00,0xfa,0x00,0x04,0x00,
0x0f,0x3d,0x00,0x00,0x10,0x3d,0x00,0x00,0x13,0x3d,0x00,0x00,0xf8,0x00,0x02,0x00,
0x13,0x3d,0x00,0x00,0xf9,0x00,0x02,0x00,0x14,0x3d,0x00,0x00,0xf8,0x00,0x02,0x00,
0x10,0x3d,0x00,0x00,0x0c,0x00,0x06,0x00,0x13,0x00,0x00,0x00,0x12,0x3d,0x00,0x00,
0x01,0x00,0x00,0x00,0x06,0x00,0x00,0x00,0xed,0x78,0x00,0x00,0xf9,0x00,0x02,0x00,
0x14,0x3d,0x00,0x00,0xf8,0x00,0x02,0x00,0x14,0x3d,0x00,0x00,0xf5,0x00,0x07,0x00,
0x13,0x00,0x00,0x00,0xf4,0x78,0x00,0x00,0xd8,0x01,0x00,0x00,0x13,0x3d,0x00,0x00,
0x12,0x3d,0x00,0x00,0x10,0x3d,0x00,0x00,0x52,0x00,0x06,0x00,0x9f,0x00,0x00,0x00,
0x0d,0x77,0x00,0x00,0xf4,0x78,0x00,0x00,0x0b,0x77,0x00,0x00,0x01,0x00,0x00,0x00,
0x52,0x00,0x06,0x00,0x9f,0x00,0x00,0x00,0x0f,0x77,0x00,0x00,0xdc,0x01,0x00,0x00,
0x0d,0x77,0x00,0x00,0x02,0x00,0x00,0x00,0x81,0x00,0x05,0x00,0x9f,0x00,0x00,0x00,
0x54,0x41,0x00,0x00,0xa9,0x76,0x00,0x00,0xcb,0x76,0x00,0x00,0x81,0x00,0x05,0x00,
0x9f,0x00,0x00,0x00,0x56,0x41,0x00,0x00,0x54,0x41,0x00,0x00,0xed,0x76,0x00,0x00,
0x81,0x00,0x05,0x00,0x9f,0x00,0x00,0x00,0x58,0x41,0x00,0x00,0x56,0x41,0x00,0x00,
0x0f,0x77,0x00,0x00,0x8e,0x00,0x05,0x00,0x9f,0x00,0x00,0x00,0x59,0x41,0x00,0x00,
0x58,0x41,0x00,0x00,0xaf,0x04,0x00,0x00,0x3d,0x00,0x04,0x00,0xe4,0x01,0x00,0x00,
0x6b,0x41,0x00,0x00,0xe6,0x01,0x00,0x00,0x51,0x00,0x05,0x00,0x13,0x00,0x00,0x00,
0x6e,0x41,0x00,0x00,0x59,0x41,0x00,0x00,0x00,0x00,0x00,0x00,0x51,0x00,0x05,0x00,
0x13,0x00,0x00,0x00,0x6f,0x41,0x00,0x00,0x59,0x41,0x00,0x00,0x01,0x00,0x00,0x00,
0x50,0x00,0x07,0x00,0x9f,0x00,0x00,0x00,0x70,0x41,0x00,0x00,0x6e,0x41,0x00,0x00,
0x6f,0x41,0x00,0x00,0xd8,0x01,0x00,0x00,0xd8,0x01,0x00,0x00,0x63,0x00,0x04,0x00,
0x6b,0x41,0x00,0x00,0x97,0x0a,0x00,0x00,0x70,0x41,0x00,0x00,0x50,0x00,0x05,0x00,
0x32,0x00,0x00,0x00,0xae,0x0a,0x00,0x00,0x65,0x0a,0x00,0x00,0x8a,0x0a,0x00,0x00,
0x80,0x00,0x05,0x00,0x32,0x00,0x00,0x00,0xaf,0x0a,0x00,0x00,0x41,0x0a,0x00,0x00,
0xae,0x0a,0x00,0x00,0x50,0x00,0x05,0x00,0x32,0x00,0x00,0x00,0xba,0x0a,0x00,0x00,
0x71,0x0a,0x00,0x00,0x95,0x0a,0x00,0x00,0x80,0x00,0x05,0x00,0x32,0x00,0x00,0x00,
0xbb,0x0a,0x00,0x00,0x4d,0x0a,0x00,0x00,0xba,0x0a,0x00,0x00,0x7c,0x00,0x04,0x00,
0x2d,0x00,0x00,0x00,0xbd,0x0a,0x00,0x00,0xaf,0x0a,0x00,0x00,0x80,0x00,0x05,0x00,
0x2d,0x00,0x00,0x00,0xae,0x41,0x00,0x00,0xbd,0x0a,0x00,0x00,0x42,0x05,0x00,0x00,
0x80,0x00,0x05,0x00,0x2d,0x00,0x00,0x00,0xb0,0x41,0x00,0x00,0xbd,0x0a,0x00,0x00,
0x45,0x05,0x00,0x00,0x80,0x00,0x05,0x00,0x2d,0x00,0x00,0x00,0xb2,0x41,0x00,0x00,
0xbd,0x0a,0x00,0x00,0x48,0x05,0x00,0x00,0x7c,0x00,0x04,0x00,0x32,0x00,0x00,0x00,
0xc8,0x41,0x00,0x00,0xbd,0x0a,0x00,0x00,0x6f,0x00,0x04,0x00,0x38,0x00,0x00,0x00,
0xc9,0x41,0x00,0x00,0xc8,0x41,0x00,0x00,0x6e,0x00,0x04,0x00,0x32,0x00,0x00,0x00,
0xf0,0x41,0x00,0x00,0xc9,0x41,0x00,0x00,0x51,0x00,0x05,0x00,0x1a,0x00,0x00,0x00,
0x23,0x42,0x00,0x00,0xf0,0x41,0x00,0x00,0x00,0x00,0x00,0x00,0x0c,0x00,0x07,0x00,
0x1a,0x00,0x00,0x00,0x34,0x42,0x00,0x00,0x01,0x00,0x00,0x00,0x27,0x00,0x00,0x00,
0x23,0x42,0x00,0x00,0xc1,0x0b,0x00,0x00,0x0c,0x00,0x07,0x00,0x1a,0x00,0x00,0x00,
0x39,0x42,0x00,0x00,0x01,0x00,0x00,0x00,0x2a,0x00,0x00,0x00,0x4c,0x01,0x00,0x00,
0x34,0x42,0x00,0x00,0x51,0x00,0x05,0x00,0x1a,0x00,0x00,0x00,0x2b,0x42,0x00,0x00,
0xf0,0x41,0x00,0x00,0x01,0x00,0x00,0x00,0x0c,0x00,0x07,0x00,0x1a,0x00,0x00,0x00,
0x3e,0x42,0x00,0x00,0x01,0x00,0x00,0x00,0x27,0x00,0x00,0x00,0x2b,0x42,0x00,0x00,
0xc9,0x0b,0x00,0x00,0x0c,0x00,0x07,0x00,0x1a,0x00,0x00,0x00,0x43,0x42,0x00,0x00,
0x01,0x00,0x00,0x00,0x2a,0x00,0x00,0x00,0x4c,0x01,0x00,0x00,0x3e,0x42,0x00,0x00,
0x50,0x00,0x05,0x00,0x32,0x00,0x00,0x00,0xd3,0x77,0x00,0x00,0x39,0x42,0x00,0x00,
0x43,0x42,0x00,0x00,0x3d,0x00,0x04,0x00,0xb9,0x01,0x00,0x00,0x46,0x42,0x00,0x00,
0xca,0x01,0x00,0x00,0x5f,0x00,0x07,0x00,0x9f,0x00,0x00,0x00,0x48,0x42,0x00,0x00,
0x46,0x42,0x00,0x00,0xd3,0x77,0x00,0x00,0x02,0x00,0x00,0x00,0x4c,0x01,0x00,0x00,
0x4f,0x00,0x07,0x00,0x38,0x00,0x00,0x00,0x49,0x42,0x00,0x00,0x48,0x42,0x00,0x00,
0x48,0x42,0x00,0x00,0x00,0x00,0x00,0x00,0x01,0x00,0x00,0x00,0x6f,0x00,0x04,0x00,
0x38,0x00,0x00,0x00,0xf6,0x41,0x00,0x00,0xd3,0x77,0x00,0x00,0x81,0x00,0x05,0x00,
0x38,0x00,0x00,0x00,0xf8,0x41,0x00,0x00,0xf6,0x41,0x00,0x00,0xc7,0x77,0x00,0x00,
0x88,0x00,0x05,0x00,0x38,0x00,0x00,0x00,0xfb,0x41,0x00,0x00,0xf8,0x41,0x00,0x00,
0x9a,0x0b,0x00,0x00,0x3e,0x00,0x03,0x00,0x6e,0x42,0x00,0x00,0xdf,0x03,0x00,0x00,
0x81,0x00,0x05,0x00,0x38,0x00,0x00,0x00,0x7d,0x42,0x00,0x00,0xfb,0x41,0x00,0x00,
0x1c,0x0c,0x00,0x00,0x85,0x00,0x05,0x00,0x38,0x00,0x00,0x00,0x81,0x42,0x00,0x00,
0x7d,0x42,0x00,0x00,0x9a,0x0b,0x00,0x00,0x0c,0x00,0x06,0x00,0x38,0x00,0x00,0x00,
0x82,0x42,0x00,0x00,0x01,0x00,0x00,0x00,0x08,0x00,0x00,0x00,0x81,0x42,0x00,0x00,
0x6e,0x00,0x04,0x00,0x32,0x00,0x00,0x00,0x83,0x42,0x00,0x00,0x82,0x42,0x00,0x00,
0xf9,0x00,0x02,0x00,0x84,0x42,0x00,0x00,0xf8,0x00,0x02,0x00,0x84,0x42,0x00,0x00,
0xf5,0x00,0x07,0x00,0x1a,0x00,0x00,0x00,0x1e,0x79,0x00,0x00,0x4c,0x01,0x00,0x00,
0x14,0x3d,0x00,0x00,0xa3,0x42,0x00,0x00,0xa1,0x42,0x00,0x00,0xb1,0x00,0x05,0x00,
0x6e,0x00,0x00,0x00,0x87,0x42,0x00,0x00,0x1e,0x79,0x00,0x00,0x7d,0x03,0x00,0x00,
0xf6,0x00,0x04,0x00,0xa4,0x42,0x00,0x00,0xa1,0x42,0x00,0x00,0x00,0x00,0x00,0x00,
0xfa,0x00,0x04,0x00,0x87,0x42,0x00,0x00,0x88,0x42,0x00,0x00,0xa4,0x42,0x00,0x00,
0xf8,0x00,0x02,0x00,0x88,0x42,0x00,0x00,0x41,0x00,0x05,0x00,0x49,0x00,0x00,0x00,
0x8c,0x42,0x00,0x00,0x6e,0x42,0x00,0x00,0x1e,0x79,0x00,0x00,0x3d,0x00,0x04,0x00,
0x32,0x00,0x00,0x00,0x8d,0x42,0x00,0x00,0x8c,0x42,0x00,0x00,0x80,0x00,0x05,0x00,
0x32,0x00,0x00,0x00,0xc3,0x42,0x00,0x00,0x83,0x42,0x00,0x00,0x8d,0x42,0x00,0x00,
0x51,0x00,0x05,0x00,0x1a,0x00,0x00,0x00,0xc8,0x42,0x00,0x00,0xc3,0x42,0x00,0x00,
0x00,0x00,0x00,0x00,0x0c,0x00,0x07,0x00,0x1a,0x00,0x00,0x00,0xd9,0x42,0x00,0x00,
0x01,0x00,0x00,0x00,0x27,0x00,0x00,0x00,0xc8,0x42,0x00,0x00,0xc1,0x0b,0x00,0x00,
0x0c,0x00,0x07,0x00,0x1a,0x00,0x00,0x00,0xde,0x42,0x00,0x00,0x01,0x00,0x00,0x00,
0x2a,0x00,0x00,0x00,0x4c,0x01,0x00,0x00,0xd9,0x42,0x00,0x00,0x51,0x00,0x05,0x00,
0x1a,0x00,0x00,0x00,0xd0,0x42,0x00,0x00,0xc3,0x42,0x00,0x00,0x01,0x00,0x00,0x00,
0x0c,0x00,0x07,0x00,0x1a,0x00,0x00,0x00,0xe3,0x42,0x00,0x00,0x01,0x00,0x00,0x00,
0x27,0x00,0x00,0x00,0xd0,0x42,0x00,0x00,0xc9,0x0b,0x00,0x00,0x0c,0x00,0x07,0x00,
0x1a,0x00,0x00,0x00,0xe8,0x42,0x00,0x00,0x01,0x00,0x00,0x00,0x2a,0x00,0x00,0x00,
0x4c,0x01,0x00,0x00,0xe3,0x42,0x00,0x00,0x50,0x00,0x05,0x00,0x32,0x00,0x00,0x00,
0xe5,0x77,0x00,0x00,0xde,0x42,0x00,0x00,0xe8,0x42,0x00,0x00,0x3d,0x00,0x04,0x00,
0xb9,0x01,0x00,0x00,0xeb,0x42,0x00,0x00,0xbb,0x01,0x00,0x00,0x5f,0x00,0x07,0x00,
0x9f,0x00,0x00,0x00,0xed,0x42,0x00,0x00,0xeb,0x42,0x00,0x00,0xe5,0x77,0x00,0x00,
0x02,0x00,0x00,0x00,0x4c,0x01,0x00,0x00,0x51,0x00,0x05,0x00,0x13,0x00,0x00,0x00,
0xee,0x42,0x00,0x00,0xed,0x42,0x00,0x00,0x00,0x00,0x00,0x00,0x3d,0x00,0x04,0x00,
0xb9,0x01,0x00,0x00,0xf2,0x42,0x00,0x00,0xd2,0x01,0x00,0x00,0x5f,0x00,0x07,0x00,
0x9f,0x00,0x00,0x00,0xf3,0x42,0x00,0x00,0xf2,0x42,0x00,0x00,0xd4,0x01,0x00,0x00,
0x02,0x00,0x00,0x00,0x4c,0x01,0x00,0x00,0x51,0x00,0x05,0x00,0x13,0x00,0x00,0x00,
0xf4,0x42,0x00,0x00,0xf3,0x42,0x00,0x00,0x00,0x00,0x00,0x00,0xb4,0x00,0x05,0x00,
0x6e,0x00,0x00,0x00,0xf6,0x42,0x00,0x00,0xf4,0x42,0x00,0x00,0xd8,0x01,0x00,0x00,
0xf9,0x00,0x02,0x00,0xf8,0x42,0x00,0x00,0xf8,0x00,0x02,0x00,0xf8,0x42,0x00,0x00,
0xa9,0x00,0x06,0x00,0x13,0x00,0x00,0x00,0x36,0x7c,0x00,0x00,0xf6,0x42,0x00,0x00,
0xdc,0x01,0x00,0x00,0xf4,0x42,0x00,0x00,0x85,0x00,0x05,0x00,0x13,0x00,0x00,0x00,
0x93,0x42,0x00,0x00,0xee,0x42,0x00,0x00,0x36,0x7c,0x00,0x00,0x41,0x00,0x05,0x00,
0x14,0x00,0x00,0x00,0x2e,0x66,0x00,0x00,0x2d,0x66,0x00,0x00,0x1e,0x79,0x00,0x00,
0x3e,0x00,0x03,0x00,0x2e,0x66,0x00,0x00,0x93,0x42,0x00,0x00,0x3d,0x00,0x04,0x00,
0x13,0x00,0x00,0x00,0x98,0x42,0x00,0x00,0x2e,0x66,0x00,0x00,0x0c,0x00,0x07,0x00,
0x13,0x00,0x00,0x00,0xfe,0x42,0x00,0x00,0x01,0x00,0x00,0x00,0x1a,0x00,0x00,0x00,
0x98,0x42,0x00,0x00,0xdc,0x01,0x00,0x00,0x3e,0x00,0x03,0x00,0x2e,0x66,0x00,0x00,
0xfe,0x42,0x00,0x00,0x3d,0x00,0x04,0x00,0x13,0x00,0x00,0x00,0x9e,0x42,0x00,0x00,
0x2e,0x66,0x00,0x00,0x0c,0x00,0x07,0x00,0x13,0x00,0x00,0x00,0x03,0x43,0x00,0x00,
0x01,0x00,0x00,0x00,0x28,0x00,0x00,0x00,0x9e,0x42,0x00,0x00,0x8d,0x03,0x00,0x00,
0x3e,0x00,0x03,0x00,0x2e,0x66,0x00,0x00,0x03,0x43,0x00,0x00,0xf9,0x00,0x02,0x00,
0xa1,0x42,0x00,0x00,0xf8,0x00,0x02,0x00,0xa1,0x42,0x00,0x00,0x80,0x00,0x05,0x00,
0x1a,0x00,0x00,0x00,0xa3,0x42,0x00,0x00,0x1e,0x79,0x00,0x00,0x91,0x01,0x00,0x00,
0xf9,0x00,0x02,0x00,0x84,0x42,0x00,0x00,0xf8,0x00,0x02,0x00,0xa4,0x42,0x00,0x00,
0x3d,0x00,0x04,0x00,0x82,0x00,0x00,0x00,0x33,0x66,0x00,0x00,0x2d,0x66,0x00,0x00,
0x3e,0x00,0x03,0x00,0x0d,0x43,0x00,0x00,0xdf,0x03,0x00,0x00,0x81,0x00,0x05,0x00,
0x38,0x00,0x00,0x00,0x1b,0x43,0x00,0x00,0xfb,0x41,0x00,0x00,0xba,0x0c,0x00,0x00,
0x81,0x00,0x05,0x00,0x38,0x00,0x00,0x00,0x1e,0x43,0x00,0x00,0x1b,0x43,0x00,0x00,
0x49,0x42,0x00,0x00,0x51,0x00,0x05,0x00,0x13,0x00,0x00,0x00,0x5b,0x43,0x00,0x00,
0x1e,0x43,0x00,0x00,0x00,0x00,0x00,0x00,0xbe,0x00,0x05,0x00,0x6e,0x00,0x00,0x00,
0x5c,0x43,0x00,0x00,0x5b,0x43,0x00,0x00,0xd8,0x01,0x00,0x00,0xf7,0x00,0x03,0x00,
0x61,0x43,0x00,0x00,0x00,0x00,0x00,0x00,0xfa,0x00,0x04,0x00,0x5c,0x43,0x00,0x00,
0x5d,0x43,0x00,0x00,0x61,0x43,0x00,0x00,0xf8,0x00,0x02,0x00,0x5d,0x43,0x00,0x00,
0xbc,0x00,0x05,0x00,0x6e,0x00,0x00,0x00,0x60,0x43,0x00,0x00,0x5b,0x43,0x00,0x00,
0xdc,0x01,0x00,0x00,0xf9,0x00,0x02,0x00,0x61,0x43,0x00,0x00,0xf8,0x00,0x02,0x00,
0x61,0x43,0x00,0x00,0xf5,0x00,0x07,0x00,0x6e,0x00,0x00,0x00,0x62,0x43,0x00,0x00,
0x5c,0x43,0x00,0x00,0xa4,0x42,0x00,0x00,0x60,0x43,0x00,0x00,0x5d,0x43,0x00,0x00,
0xf7,0x00,0x03,0x00,0x6d,0x43,0x00,0x00,0x00,0x00,0x00,0x00,0xfa,0x00,0x04,0x00,
0x62,0x43,0x00,0x00,0x63,0x43,0x00,0x00,0x6d,0x43,0x00,0x00,0xf8,0x00,0x02,0x00,
0x63,0x43,0x00,0x00,0x51,0x00,0x05,0x00,0x13,0x00,0x00,0x00,0x65,0x43,0x00,0x00,
0x1e,0x43,0x00,0x00,0x01,0x00,0x00,0x00,0xbe,0x00,0x05,0x00,0x6e,0x00,0x00,0x00,
0x66,0x43,0x00,0x00,0x65,0x43,0x00,0x00,0xd8,0x01,0x00,0x00,0xf7,0x00,0x03,0x00,
0x6b,0x43,0x00,0x00,0x00,0x00,0x00,0x00,0xfa,0x00,0x04,0x00,0x66,0x43,0x00,0x00,
0x67,0x43,0x00,0x00,0x6b,0x43,0x00,0x00,0xf8,0x00,0x02,0x00,0x67,0x43,0x00,0x00,
0xbc,0x00,0x05,0x00,0x6e,0x00,0x00,0x00,0x6a,0x43,0x00,0x00,0x65,0x43,0x00,0x00,
0xdc,0x01,0x00,0x00,0xf9,0x00,0x02,0x00,0x6b,0x43,0x00,0x00,0xf8,0x00,0x02,0x00,
0x6b,0x43,0x00,0x00,0xf5,0x00,0x07,0x00,0x6e,0x00,0x00,0x00,0x6c,0x43,0x00,0x00,
0x66,0x43,0x00,0x00,0x63,0x43,0x00,0x00,0x6a,0x43,0x00,0x00,0x67,0x43,0x00,0x00,
0xf9,0x00,0x02,0x00,0x6d,0x43,0x00,0x00,0xf8,0x00,0x02,0x00,0x6d,0x43,0x00,0x00,
0xf5,0x00,0x07,0x00,0x6e,0x00,0x00,0x00,0x6e,0x43,0x00,0x00,0x62,0x43,0x00,0x00,
0x61,0x43,0x00,0x00,0x6c,0x43,0x00,0x00,0x6b,0x43,0x00,0x00,0xf7,0x00,0x03,0x00,
0x4e,0x43,0x00,0x00,0x00,0x00,0x00,0x00,0xfa,0x00,0x04,0x00,0x6e,0x43,0x00,0x00,
0x24,0x43,0x00,0x00,0x4e,0x43,0x00,0x00,0xf8,0x00,0x02,0x00,0x24,0x43,0x00,0x00,
0x85,0x00,0x05,0x00,0x38,0x00,0x00,0x00,0x28,0x43,0x00,0x00,0x1e,0x43,0x00,0x00,
0xb9,0x0c,0x00,0x00,0x0c,0x00,0x06,0x00,0x38,0x00,0x00,0x00,0x29,0x43,0x00,0x00,
0x01,0x00,0x00,0x00,0x08,0x00,0x00,0x00,0x28,0x43,0x00,0x00,0x6e,0x00,0x04,0x00,
0x32,0x00,0x00,0x00,0x2a,0x43,0x00,0x00,0x29,0x43,0x00,0x00,0xf9,0x00,0x02,0x00,
0x2b,0x43,0x00,0x00,0xf8,0x00,0x02,0x00,0x2b,0x43,0x00,0x00,0xf5,0x00,0x07,0x00,
0x1a,0x00,0x00,0x00,0x1f,0x79,0x00,0x00,0x4c,0x01,0x00,0x00,0x24,0x43,0x00,0x00,
0x4c,0x43,0x00,0x00,0x4a,0x43,0x00,0x00,0xb1,0x00,0x05,0x00,0x6e,0x00,0x00,0x00,
0x2e,0x43,0x00,0x00,0x1f,0x79,0x00,0x00,0x7d,0x03,0x00,0x00,0xf6,0x00,0x04,0x00,
0x4d,0x43,0x00,0x00,0x4a,0x43,0x00,0x00,0x00,0x00,0x00,0x00,0xfa,0x00,0x04,0x00,
0x2e,0x43,0x00,0x00,0x2f,0x43,0x00,0x00,0x4d,0x43,0x00,0x00,0xf8,0x00,0x02,0x00,
0x2f,0x43,0x00,0x00,0x41,0x00,0x05,0x00,0x49,0x00,0x00,0x00,0x33,0x43,0x00,0x00,
0x0d,0x43,0x00,0x00,0x1f,0x79,0x00,0x00,0x3d,0x00,0x04,0x00,0x32,0x00,0x00,0x00,
0x34,0x43,0x00,0x00,0x33,0x43,0x00,0x00,0x80,0x00,0x05,0x00,0x32,0x00,0x00,0x00,
0x84,0x43,0x00,0x00,0x2a,0x43,0x00,0x00,0x34,0x43,0x00,0x00,0x51,0x00,0x05,0x00,
0x1a,0x00,0x00,0x00,0x86,0x43,0x00,0x00,0xf7,0x0c,0x00,0x00,0x00,0x00,0x00,0x00,
0x82,0x00,0x05,0x00,0x1a,0x00,0x00,0x00,0x87,0x43,0x00,0x00,0x86,0x43,0x00,0x00,
0x91,0x01,0x00,0x00,0x51,0x00,0x05,0x00,0x1a,0x00,0x00,0x00,0x89,0x43,0x00,0x00,
0x84,0x43,0x00,0x00,0x00,0x00,0x00,0x00,0x0c,0x00,0x07,0x00,0x1a,0x00,0x00,0x00,
0x9a,0x43,0x00,0x00,0x01,0x00,0x00,0x00,0x27,0x00,0x00,0x00,0x89,0x43,0x00,0x00,
0x87,0x43,0x00,0x00,0x0c,0x00,0x07,0x00,0x1a,0x00,0x00,0x00,0x9f,0x43,0x00,0x00,
0x01,0x00,0x00,0x00,0x2a,0x00,0x00,0x00,0x4c,0x01,0x00,0x00,0x9a,0x43,0x00,0x00,
0x51,0x00,0x05,0x00,0x1a,0x00,0x00,0x00,0x8e,0x43,0x00,0x00,0xf7,0x0c,0x00,0x00,
0x01,0x00,0x00,0x00,0x82,0x00,0x05,0x00,0x1a,0x00,0x00,0x00,0x8f,0x43,0x00,0x00,
0x8e,0x43,0x00,0x00,0x91,0x01,0x00,0x00,0x51,0x00,0x05,0x00,0x1a,0x00,0x00,0x00,
0x91,0x43,0x00,0x00,0x84,0x43,0x00,0x00,0x01,0x00,0x00,0x00,0x0c,0x00,0x07,0x00,
0x1a,0x00,0x00,0x00,0xa4,0x43,0x00,0x00,0x01,0x00,0x00,0x00,0x27,0x00,0x00,0x00,
0x91,0x43,0x00,0x00,0x8f,0x43,0x00,0x00,0x0c,0x00,0x07,0x00,0x1a,0x00,0x00,0x00,
0xa9,0x43,0x00,0x00,0x01,0x00,0x00,0x00,0x2a,0x00,0x00,0x00,0x4c,0x01,0x00,0x00,
0xa4,0x43,0x00,0x00,0x50,0x00,0x05,0x00,0x32,0x00,0x00,0x00,0xe4,0x77,0x00,0x00,
0x9f,0x43,0x00,0x00,0xa9,0x43,0x00,0x00,0x3d,0x00,0x04,0x00,0xb9,0x01,0x00,0x00,
0xac,0x43,0x00,0x00,0xc3,0x01,0x00,0x00,0x5f,0x00,0x07,0x00,0x9f,0x00,0x00,0x00,
0xae,0x43,0x00,0x00,0xac,0x43,0x00,0x00,0xe4,0x77,0x00,0x00,0x02,0x00,0x00,0x00,
0x4c,0x01,0x00,0x00,0x51,0x00,0x05,0x00,0x13,0x00,0x00,0x00,0xaf,0x43,0x00,0x00,
0xae,0x43,0x00,0x00,0x00,0x00,0x00,0x00,0x41,0x00,0x05,0x00,0xa2,0x01,0x00,0x00,
0xb2,0x43,0x00,0x00,0x8b,0x01,0x00,0x00,0xa1,0x01,0x00,0x00,0x3d,0x00,0x04,0x00,
0x13,0x00,0x00,0x00,0xb3,0x43,0x00,0x00,0xb2,0x43,0x00,0x00,0x85,0x00,0x05,0x00,
0x13,0x00,0x00,0x00,0x3a,0x43,0x00,0x00,0xaf,0x43,0x00,0x00,0xb3,0x43,0x00,0x00,
0x3d,0x00,0x04,0x00,0xb9,0x01,0x00,0x00,0xb7,0x43,0x00,0x00,0xd2,0x01,0x00,0x00,
0x5f,0x00,0x07,0x00,0x9f,0x00,0x00,0x00,0xb8,0x43,0x00,0x00,0xb7,0x43,0x00,0x00,
0xd4,0x01,0x00,0x00,0x02,0x00,0x00,0x00,0x4c,0x01,0x00,0x00,0x51,0x00,0x05,0x00,
0x13,0x00,0x00,0x00,0xb9,0x43,0x00,0x00,0xb8,0x43,0x00,0x00,0x00,0x00,0x00,0x00,
0xb4,0x00,0x05,0x00,0x6e,0x00,0x00,0x00,0xbb,0x43,0x00,0x00,0xb9,0x43,0x00,0x00,
0xd8,0x01,0x00,0x00,0xf9,0x00,0x02,0x00,0xbd,0x43,0x00,0x00,0xf8,0x00,0x02,0x00,
0xbd,0x43,0x00,0x00,0xa9,0x00,0x06,0x00,0x13,0x00,0x00,0x00,0x37,0x7c,0x00,0x00,
0xbb,0x43,0x00,0x00,0xdc,0x01,0x00,0x00,0xb9,0x43,0x00,0x00,0x85,0x00,0x05,0x00,
0x13,0x00,0x00,0x00,0x3c,0x43,0x00,0x00,0x3a,0x43,0x00,0x00,0x37,0x7c,0x00,0x00,
0x41,0x00,0x05,0x00,0x14,0x00,0x00,0x00,0x86,0x6f,0x00,0x00,0x85,0x6f,0x00,0x00,
0x1f,0x79,0x00,0x00,0x3e,0x00,0x03,0x00,0x86,0x6f,0x00,0x00,0x3c,0x43,0x00,0x00,
0x3d,0x00,0x04,0x00,0x13,0x00,0x00,0x00,0x41,0x43,0x00,0x00,0x86,0x6f,0x00,0x00,
0x0c,0x00,0x07,0x00,0x13,0x00,0x00,0x00,0xc3,0x43,0x00,0x00,0x01,0x00,0x00,0x00,
0x1a,0x00,0x00,0x00,0x41,0x43,0x00,0x00,0xdc,0x01,0x00,0x00,0x3e,0x00,0x03,0x00,
0x86,0x6f,0x00,0x00,0xc3,0x43,0x00,0x00,0x3d,0x00,0x04,0x00,0x13,0x00,0x00,0x00,
0x47,0x43,0x00,0x00,0x86,0x6f,0x00,0x00,0x0c,0x00,0x07,0x00,0x13,0x00,0x00,0x00,
0xc8,0x43,0x00,0x00,0x01,0x00,0x00,0x00,0x28,0x00,0x00,0x00,0x47,0x43,0x00,0x00,
0x8d,0x03,0x00,0x00,0x3e,0x00,0x03,0x00,0x86,0x6f,0x00,0x00,0xc8,0x43,0x00,0x00,
0xf9,0x00,0x02,0x00,0x4a,0x43,0x00,0x00,0xf8,0x00,0x02,0x00,0x4a,0x43,0x00,0x00,
0x80,0x00,0x05,0x00,0x1a,0x00,0x00,0x00,0x4c,0x43,0x00,0x00,0x1f,0x79,0x00,0x00,
0x91,0x01,0x00,0x00,0xf9,0x00,0x02,0x00,0x2b,0x43,0x00,0x00,0xf8,0x00,0x02,0x00,
0x4d,0x43,0x00,0x00,0xf9,0x00,0x02,0x00,0x4e,0x43,0x00,0x00,0xf8,0x00,0x02,0x00,
0x4e,0x43,0x00,0x00,0x3d,0x00,0x04,0x00,0x82,0x00,0x00,0x00,0x8b,0x6f,0x00,0x00,
0x85,0x6f,0x00,0x00,0xf7,0x00,0x03,0x00,0x66,0x42,0x00,0x00,0x00,0x00,0x00,0x00,
0xfa,0x00,0x04,0x00,0x6e,0x43,0x00,0x00,0x60,0x42,0x00,0x00,0x66,0x42,0x00,0x00,
0xf8,0x00,0x02,0x00,0x60,0x42,0x00,0x00,0x51,0x00,0x05,0x00,0x13,0x00,0x00,0x00,
0x6a,0x6f,0x00,0x00,0x33,0x66,0x00,0x00,0x00,0x00,0x00,0x00,0x51,0x00,0x05,0x00,
0x13,0x00,0x00,0x00,0x6b,0x6f,0x00,0x00,0x33,0x66,0x00,0x00,0x01,0x00,0x00,0x00,
0x51,0x00,0x05,0x00,0x13,0x00,0x00,0x00,0x6c,0x6f,0x00,0x00,0x33,0x66,0x00,0x00,
0x02,0x00,0x00,0x00,0x51,0x00,0x05,0x00,0x13,0x00,0x00,0x00,0x6d,0x6f,0x00,0x00,
0x33,0x66,0x00,0x00,0x03,0x00,0x00,0x00,0x51,0x00,0x05,0x00,0x13,0x00,0x00,0x00,
0x6e,0x6f,0x00,0x00,0x33,0x66,0x00,0x00,0x04,0x00,0x00,0x00,0x0c,0x00,0x07,0x00,
0x13,0x00,0x00,0x00,0xd0,0x44,0x00,0x00,0x01,0x00,0x00,0x00,0x25,0x00,0x00,0x00,
0x6a,0x6f,0x00,0x00,0x6d,0x6f,0x00,0x00,0x0c,0x00,0x07,0x00,0x13,0x00,0x00,0x00,
0xd5,0x44,0x00,0x00,0x01,0x00,0x00,0x00,0x28,0x00,0x00,0x00,0x6a,0x6f,0x00,0x00,
0x6d,0x6f,0x00,0x00,0x0c,0x00,0x07,0x00,0x13,0x00,0x00,0x00,0xda,0x44,0x00,0x00,
0x01,0x00,0x00,0x00,0x25,0x00,0x00,0x00,0x6b,0x6f,0x00,0x00,0x6e,0x6f,0x00,0x00,
0x0c,0x00,0x07,0x00,0x13,0x00,0x00,0x00,0xdf,0x44,0x00,0x00,0x01,0x00,0x00,0x00,
0x28,0x00,0x00,0x00,0x6b,0x6f,0x00,0x00,0x6e,0x6f,0x00,0x00,0x0c,0x00,0x07,0x00,
0x13,0x00,0x00,0x00,0xe4,0x44,0x00,0x00,0x01,0x00,0x00,0x00,0x25,0x00,0x00,0x00,
0xd0,0x44,0x00,0x00,0x6c,0x6f,0x00,0x00,0x0c,0x00,0x07,0x00,0x13,0x00,0x00,0x00,
0xe9,0x44,0x00,0x00,0x01,0x00,0x00,0x00,0x28,0x00,0x00,0x00,0xd0,0x44,0x00,0x00,
0x6c,0x6f,0x00,0x00,0x0c,0x00,0x07,0x00,0x13,0x00,0x00,0x00,0xee,0x44,0x00,0x00,
0x01,0x00,0x00,0x00,0x25,0x00,0x00,0x00,0xda,0x44,0x00,0x00,0xd5,0x44,0x00,0x00,
0x0c,0x00,0x07,0x00,0x13,0x00,0x00,0x00,0xf3,0x44,0x00,0x00,0x01,0x00,0x00,0x00,
0x28,0x00,0x00,0x00,0xda,0x44,0x00,0x00,0xd5,0x44,0x00,0x00,0x0c,0x00,0x07,0x00,
0x13,0x00,0x00,0x00,0xf8,0x44,0x00,0x00,0x01,0x00,0x00,0x00,0x25,0x00,0x00,0x00,
0xe4,0x44,0x00,0x00,0xee,0x44,0x00,0x00,0x0c,0x00,0x07,0x00,0x13,0x00,0x00,0x00,
0xfd,0x44,0x00,0x00,0x01,0x00,0x00,0x00,0x28,0x00,0x00,0x00,0xe4,0x44,0x00,0x00,
0xee,0x44,0x00,0x00,0x0c,0x00,0x07,0x00,0x13,0x00,0x00,0x00,0x02,0x45,0x00,0x00,
0x01,0x00,0x00,0x00,0x25,0x00,0x00,0x00,0xe9,0x44,0x00,0x00,0xdf,0x44,0x00,0x00,
0x0c,0x00,0x07,0x00,0x13,0x00,0x00,0x00,0x07,0x45,0x00,0x00,0x01,0x00,0x00,0x00,
0x28,0x00,0x00,0x00,0xe9,0x44,0x00,0x00,0xdf,0x44,0x00,0x00,0x0c,0x00,0x07,0x00,
0x13,0x00,0x00,0x00,0x0c,0x45,0x00,0x00,0x01,0x00,0x00,0x00,0x25,0x00,0x00,0x00,
0xfd,0x44,0x00,0x00,0x02,0x45,0x00,0x00,0x0c,0x00,0x07,0x00,0x13,0x00,0x00,0x00,
0x11,0x45,0x00,0x00,0x01,0x00,0x00,0x00,0x28,0x00,0x00,0x00,0xfd,0x44,0x00,0x00,
0x02,0x45,0x00,0x00,0x0c,0x00,0x07,0x00,0x13,0x00,0x00,0x00,0x16,0x45,0x00,0x00,
0x01,0x00,0x00,0x00,0x25,0x00,0x00,0x00,0xf3,0x44,0x00,0x00,0x07,0x45,0x00,0x00,
0x0c,0x00,0x07,0x00,0x13,0x00,0x00,0x00,0x1b,0x45,0x00,0x00,0x01,0x00,0x00,0x00,
0x28,0x00,0x00,0x00,0xf3,0x44,0x00,0x00,0x07,0x45,0x00,0x00,0x0c,0x00,0x07,0x00,
0x13,0x00,0x00,0x00,0x20,0x45,0x00,0x00,0x01,0x00,0x00,0x00,0x25,0x00,0x00,0x00,
0x11,0x45,0x00,0x00,0x16,0x45,0x00,0x00,0x0c,0x00,0x07,0x00,0x13,0x00,0x00,0x00,
0x25,0x45,0x00,0x00,0x01,0x00,0x00,0x00,0x28,0x00,0x00,0x00,0x11,0x45,0x00,0x00,
0x16,0x45,0x00,0x00,0x50,0x00,0x08,0x00,0x82,0x00,0x00,0x00,0x74,0x6f,0x00,0x00,
0xf8,0x44,0x00,0x00,0x0c,0x45,0x00,0x00,0x20,0x45,0x00,0x00,0x25,0x45,0x00,0x00,
0x1b,0x45,0x00,0x00,0x3e,0x00,0x03,0x00,0x41,0x66,0x00,0x00,0x74,0x6f,0x00,0x00,
0x51,0x00,0x05,0x00,0x13,0x00,0x00,0x00,0x7a,0x6f,0x00,0x00,0x8b,0x6f,0x00,0x00,
0x00,0x00,0x00,0x00,0x51,0x00,0x05,0x00,0x13,0x00,0x00,0x00,0x7b,0x6f,0x00,0x00,
0x8b,0x6f,0x00,0x00,0x01,0x00,0x00,0x00,0x51,0x00,0x05,0x00,0x13,0x00,0x00,0x00,
0x7c,0x6f,0x00,0x00,0x8b,0x6f,0x00,0x00,0x02,0x00,0x00,0x00,0x51,0x00,0x05,0x00,
0x13,0x00,0x00,0x00,0x7d,0x6f,0x00,0x00,0x8b,0x6f,0x00,0x00,0x03,0x00,0x00,0x00,
0x51,0x00,0x05,0x00,0x13,0x00,0x00,0x00,0x7e,0x6f,0x00,0x00,0x8b,0x6f,0x00,0x00,
0x04,0x00,0x00,0x00,0x0c,0x00,0x07,0x00,0x13,0x00,0x00,0x00,0xcd,0x45,0x00,0x00,
0x01,0x00,0x00,0x00,0x25,0x00,0x00,0x00,0x7a,0x6f,0x00,0x00,0x7d,0x6f,0x00,0x00,
0x0c,0x00,0x07,0x00,0x13,0x00,0x00,0x00,0xd2,0x45,0x00,0x00,0x01,0x00,0x00,0x00,
0x28,0x00,0x00,0x00,0x7a,0x6f,0x00,0x00,0x7d,0x6f,0x00,0x00,0x0c,0x00,0x07,0x00,
0x13,0x00,0x00,0x00,0xd7,0x45,0x00,0x00,0x01,0x00,0x00,0x00,0x25,0x00,0x00,0x00,
0x7b,0x6f,0x00,0x00,0x7e,0x6f,0x00,0x00,0x0c,0x00,0x07,0x00,0x13,0x00,0x00,0x00,
0xdc,0x45,0x00,0x00,0x01,0x00,0x00,0x00,0x28,0x00,0x00,0x00,0x7b,0x6f,0x00,0x00,
0x7e,0x6f,0x00,0x00,0x0c,0x00,0x07,0x00,0x13,0x00,0x00,0x00,0xe1,0x45,0x00,0x00,
0x01,0x00,0x00,0x00,0x25,0x00,0x00,0x00,0xcd,0x45,0x00,0x00,0x7c,0x6f,0x00,0x00,
0x0c,0x00,0x07,0x00,0x13,0x00,0x00,0x00,0xe6,0x45,0x00,0x00,0x01,0x00,0x00,0x00,
0x28,0x00,0x00,0x00,0xcd,0x45,0x00,0x00,0x7c,0x6f,0x00,0x00,0x0c,0x00,0x07,0x00,
0x13,0x00,0x00,0x00,0xeb,0x45,0x00,0x00,0x01,0x00,0x00,0x00,0x25,0x00,0x00,0x00,
0xd7,0x45,0x00,0x00,0xd2,0x45,0x00,0x00,0x0c,0x00,0x07,0x00,0x13,0x00,0x00,0x00,
0xf0,0x45,0x00,0x00,0x01,0x00,0x00,0x00,0x28,0x00,0x00,0x00,0xd7,0x45,0x00,0x00,
0xd2,0x45,0x00,0x00,0x0c,0x00,0x07,0x00,0x13,0x00,0x00,0x00,0xf5,0x45,0x00,0x00,
0x01,0x00,0x00,0x00,0x25,0x00,0x00,0x00,0xe1,0x45,0x00,0x00,0xeb,0x45,0x00,0x00,
0x0c,0x00,0x07,0x00,0x13,0x00,0x00,0x00,0xfa,0x45,0x00,0x00,0x01,0x00,0x00,0x00,
0x28,0x00,0x00,0x00,0xe1,0x45,0x00,0x00,0xeb,0x45,0x00,0x00,0x0c,0x00,0x07,0x00,
0x13,0x00,0x00,0x00,0xff,0x45,0x00,0x00,0x01,0x00,0x00,0x00,0x25,0x00,0x00,0x00,
0xe6,0x45,0x00,0x00,0xdc,0x45,0x00,0x00,0x0c,0x00,0x07,0x00,0x13,0x00,0x00,0x00,
0x04,0x46,0x00,0x00,0x01,0x00,0x00,0x00,0x28,0x00,0x00,0x00,0xe6,0x45,0x00,0x00,
0xdc,0x45,0x00,0x00,0x0c,0x00,0x07,0x00,0x13,0x00,0x00,0x00,0x09,0x46,0x00,0x00,
0x01,0x00,0x00,0x00,0x25,0x00,0x00,0x00,0xfa,0x45,0x00,0x00,0xff,0x45,0x00,0x00,
0x0c,0x00,0x07,0x00,0x13,0x00,0x00,0x00,0x0e,0x46,0x00,0x00,0x01,0x00,0x00,0x00,
0x28,0x00,0x00,0x00,0xfa,0x45,0x00,0x00,0xff,0x45,0x00,0x00,0x0c,0x00,0x07,0x00,
0x13,0x00,0x00,0x00,0x13,0x46,0x00,0x00,0x01,0x00,0x00,0x00,0x25,0x00,0x00,0x00,
0xf0,0x45,0x00,0x00,0x04,0x46,0x00,0x00,0x0c,0x00,0x07,0x00,0x13,0x00,0x00,0x00,
0x18,0x46,0x00,0x00,0x01,0x00,0x00,0x00,0x28,0x00,0x00,0x00,0xf0,0x45,0x00,0x00,
0x04,0x46,0x00,0x00,0x0c,0x00,0x07,0x00,0x13,0x00,0x00,0x00,0x1d,0x46,0x00,0x00,
0x01,0x00,0x00,0x00,0x25,0x00,0x00,0x00,0x0e,0x46,0x00,0x00,0x13,0x46,0x00,0x00,
0x0c,0x00,0x07,0x00,0x13,0x00,0x00,0x00,0x22,0x46,0x00,0x00,0x01,0x00,0x00,0x00,
0x28,0x00,0x00,0x00,0x0e,0x46,0x00,0x00,0x13,0x46,0x00,0x00,0x50,0x00,0x08,0x00,
0x82,0x00,0x00,0x00,0x84,0x6f,0x00,0x00,0xf5,0x45,0x00,0x00,0x09,0x46,0x00,0x00,
0x1d,0x46,0x00,0x00,0x22,0x46,0x00,0x00,0x18,0x46,0x00,0x00,0x3e,0x00,0x03,0x00,
0x4b,0x66,0x00,0x00,0x84,0x6f,0x00,0x00,0x41,0x00,0x05,0x00,0x14,0x00,0x00,0x00,
0x46,0x66,0x00,0x00,0x41,0x66,0x00,0x00,0xcd,0x02,0x00,0x00,0x3d,0x00,0x04,0x00,
0x13,0x00,0x00,0x00,0xdc,0x43,0x00,0x00,0x46,0x66,0x00,0x00,0x41,0x00,0x05,0x00,
0x14,0x00,0x00,0x00,0x50,0x66,0x00,0x00,0x4b,0x66,0x00,0x00,0xcd,0x02,0x00,0x00,
0x3d,0x00,0x04,0x00,0x13,0x00,0x00,0x00,0xde,0x43,0x00,0x00,0x50,0x66,0x00,0x00,
0x0c,0x00,0x07,0x00,0x13,0x00,0x00,0x00,0x27,0x46,0x00,0x00,0x01,0x00,0x00,0x00,
0x25,0x00,0x00,0x00,0xdc,0x43,0x00,0x00,0xde,0x43,0x00,0x00,0xba,0x00,0x05,0x00,
0x6e,0x00,0x00,0x00,0xe1,0x43,0x00,0x00,0x27,0x46,0x00,0x00,0x72,0x03,0x00,0x00,
0xf7,0x00,0x03,0x00,0x23,0x44,0x00,0x00,0x00,0x00,0x00,0x00,0xfa,0x00,0x04,0x00,
0xe1,0x43,0x00,0x00,0xe2,0x43,0x00,0x00,0x23,0x44,0x00,0x00,0xf8,0x00,0x02,0x00,
0xe2,0x43,0x00,0x00,0xf9,0x00,0x02,0x00,0xe3,0x43,0x00,0x00,0xf8,0x00,0x02,0x00,
0xe3,0x43,0x00,0x00,0xf5,0x00,0x07,0x00,0x1a,0x00,0x00,0x00,0x93,0x7a,0x00,0x00,
0x4c,0x01,0x00,0x00,0xe2,0x43,0x00,0x00,0x05,0x7c,0x00,0x00,0x1f,0x44,0x00,0x00,
0xf5,0x00,0x07,0x00,0x1a,0x00,0x00,0x00,0x92,0x7a,0x00,0x00,0x4c,0x01,0x00,0x00,
0xe2,0x43,0x00,0x00,0x04,0x7c,0x00,0x00,0x1f,0x44,0x00,0x00,0xf5,0x00,0x07,0x00,
0x13,0x00,0x00,0x00,0x21,0x79,0x00,0x00,0x5e,0x03,0x00,0x00,0xe2,0x43,0x00,0x00,
0x82,0x7b,0x00,0x00,0x1f,0x44,0x00,0x00,0xf5,0x00,0x07,0x00,0x1a,0x00,0x00,0x00,
0x20,0x79,0x00,0x00,0x4c,0x01,0x00,0x00,0xe2,0x43,0x00,0x00,0x21,0x44,0x00,0x00,
0x1f,0x44,0x00,0x00,0xb1,0x00,0x05,0x00,0x6e,0x00,0x00,0x00,0xe6,0x43,0x00,0x00,
0x20,0x79,0x00,0x00,0x7d,0x03,0x00,0x00,0xb8,0x00,0x05,0x00,0x6e,0x00,0x00,0x00,
0xe8,0x43,0x00,0x00,0x21,0x79,0x00,0x00,0x80,0x03,0x00,0x00,0xa7,0x00,0x05,0x00,
0x6e,0x00,0x00,0x00,0xe9,0x43,0x00,0x00,0xe6,0x43,0x00,0x00,0xe8,0x43,0x00,0x00,
0xf6,0x00,0x04,0x00,0x22,0x44,0x00,0x00,0x1f,0x44,0x00,0x00,0x00,0x00,0x00,0x00,
0xfa,0x00,0x04,0x00,0xe9,0x43,0x00,0x00,0xea,0x43,0x00,0x00,0x22,0x44,0x00,0x00,
0xf8,0x00,0x02,0x00,0xea,0x43,0x00,0x00,0x41,0x00,0x05,0x00,0x14,0x00,0x00,0x00,
0x47,0x66,0x00,0x00,0x41,0x66,0x00,0x00,0x92,0x7a,0x00,0x00,0x3d,0x00,0x04,0x00,
0x13,0x00,0x00,0x00,0xed,0x43,0x00,0x00,0x47,0x66,0x00,0x00,0x41,0x00,0x05,0x00,
0x14,0x00,0x00,0x00,0x51,0x66,0x00,0x00,0x4b,0x66,0x00,0x00,0x93,0x7a,0x00,0x00,
0x3d,0x00,0x04,0x00,0x13,0x00,0x00,0x00,0xf0,0x43,0x00,0x00,0x51,0x66,0x00,0x00,
0x83,0x00,0x05,0x00,0x13,0x00,0x00,0x00,0xf1,0x43,0x00,0x00,0xed,0x43,0x00,0x00,
0xf0,0x43,0x00,0x00,0x0c,0x00,0x06,0x00,0x13,0x00,0x00,0x00,0xf3,0x43,0x00,0x00,
0x01,0x00,0x00,0x00,0x04,0x00,0x00,0x00,0xf1,0x43,0x00,0x00,0xba,0x00,0x05,0x00,
0x6e,0x00,0x00,0x00,0xf4,0x43,0x00,0x00,0xf3,0x43,0x00,0x00,0x8d,0x03,0x00,0x00,
0xf7,0x00,0x03,0x00,0x1e,0x44,0x00,0x00,0x00,0x00,0x00,0x00,0xfa,0x00,0x04,0x00,
0xf4,0x43,0x00,0x00,0xf5,0x43,0x00,0x00,0x1d,0x44,0x00,0x00,0xf8,0x00,0x02,0x00,
0x1d,0x44,0x00,0x00,0xf9,0x00,0x02,0x00,0x1e,0x44,0x00,0x00,0xf8,0x00,0x02,0x00,
0xf5,0x43,0x00,0x00,0x0c,0x00,0x06,0x00,0x13,0x00,0x00,0x00,0xf7,0x43,0x00,0x00,
0x01,0x00,0x00,0x00,0x06,0x00,0x00,0x00,0xf1,0x43,0x00,0x00,0x3d,0x00,0x04,0x00,
0x13,0x00,0x00,0x00,0xfa,0x43,0x00,0x00,0x47,0x66,0x00,0x00,0x3d,0x00,0x04,0x00,
0x13,0x00,0x00,0x00,0xfd,0x43,0x00,0x00,0x51,0x66,0x00,0x00,0x0c,0x00,0x07,0x00,
0x13,0x00,0x00,0x00,0x3e,0x46,0x00,0x00,0x01,0x00,0x00,0x00,0x28,0x00,0x00,0x00,
0xfa,0x43,0x00,0x00,0xfd,0x43,0x00,0x00,0xb7,0x00,0x05,0x00,0x6e,0x00,0x00,0x00,
0x32,0x46,0x00,0x00,0x3e,0x46,0x00,0x00,0xd8,0x01,0x00,0x00,0xf7,0x00,0x03,0x00,
0x38,0x46,0x00,0x00,0x00,0x00,0x00,0x00,0xfa,0x00,0x04,0x00,0x32,0x46,0x00,0x00,
0x33,0x46,0x00,0x00,0x37,0x46,0x00,0x00,0xf8,0x00,0x02,0x00,0x37,0x46,0x00,0x00,
0xf9,0x00,0x02,0x00,0x38,0x46,0x00,0x00,0xf8,0x00,0x02,0x00,0x33,0x46,0x00,0x00,
0x0c,0x00,0x07,0x00,0x13,0x00,0x00,0x00,0x43,0x46,0x00,0x00,0x01,0x00,0x00,0x00,
0x25,0x00,0x00,0x00,0xfa,0x43,0x00,0x00,0xfd,0x43,0x00,0x00,0x88,0x00,0x05,0x00,
0x13,0x00,0x00,0x00,0x36,0x46,0x00,0x00,0x43,0x46,0x00,0x00,0x3e,0x46,0x00,0x00,
0xf9,0x00,0x02,0x00,0x38,0x46,0x00,0x00,0xf8,0x00,0x02,0x00,0x38,0x46,0x00,0x00,
0xf5,0x00,0x07,0x00,0x13,0x00,0x00,0x00,0x94,0x7a,0x00,0x00,0xd8,0x01,0x00,0x00,
0x37,0x46,0x00,0x00,0x36,0x46,0x00,0x00,0x33,0x46,0x00,0x00,0x83,0x00,0x05,0x00,
0x13,0x00,0x00,0x00,0xff,0x43,0x00,0x00,0xdc,0x01,0x00,0x00,0x94,0x7a,0x00,0x00,
0x85,0x00,0x05,0x00,0x13,0x00,0x00,0x00,0x00,0x44,0x00,0x00,0xf7,0x43,0x00,0x00,
0xff,0x43,0x00,0x00,0x0c,0x00,0x06,0x00,0x13,0x00,0x00,0x00,0x02,0x44,0x00,0x00,
0x01,0x00,0x00,0x00,0x04,0x00,0x00,0x00,0x00,0x44,0x00,0x00,0x0c,0x00,0x06,0x00,
0x13,0x00,0x00,0x00,0x04,0x44,0x00,0x00,0x01,0x00,0x00,0x00,0x04,0x00,0x00,0x00,
0x21,0x79,0x00,0x00,0xb8,0x00,0x05,0x00,0x6e,0x00,0x00,0x00,0x05,0x44,0x00,0x00,
0x02,0x44,0x00,0x00,0x04,0x44,0x00,0x00,0xa9,0x00,0x06,0x00,0x13,0x00,0x00,0x00,
0x08,0x44,0x00,0x00,0x05,0x44,0x00,0x00,0x00,0x44,0x00,0x00,0x21,0x79,0x00,0x00,
0x3d,0x00,0x04,0x00,0x13,0x00,0x00,0x00,0x0b,0x44,0x00,0x00,0x47,0x66,0x00,0x00,
0x3d,0x00,0x04,0x00,0x13,0x00,0x00,0x00,0x0e,0x44,0x00,0x00,0x51,0x66,0x00,0x00,
0xb8,0x00,0x05,0x00,0x6e,0x00,0x00,0x00,0x0f,0x44,0x00,0x00,0x0b,0x44,0x00,0x00,
0x0e,0x44,0x00,0x00,0xa9,0x00,0x06,0x00,0x1a,0x00,0x00,0x00,0x10,0x44,0x00,0x00,
0x0f,0x44,0x00,0x00,0x91,0x01,0x00,0x00,0x4c,0x01,0x00,0x00,0x80,0x00,0x05,0x00,
0x1a,0x00,0x00,0x00,0x12,0x44,0x00,0x00,0x92,0x7a,0x00,0x00,0x10,0x44,0x00,0x00,
0x41,0x00,0x05,0x00,0x14,0x00,0x00,0x00,0x4a,0x66,0x00,0x00,0x41,0x66,0x00,0x00,
0x12,0x44,0x00,0x00,0x3d,0x00,0x04,0x00,0x13,0x00,0x00,0x00,0x15,0x44,0x00,0x00,
0x4a,0x66,0x00,0x00,0x3d,0x00,0x04,0x00,0x13,0x00,0x00,0x00,0x18,0x44,0x00,0x00,
0x51,0x66,0x00,0x00,0xbe,0x00,0x05,0x00,0x6e,0x00,0x00,0x00,0x19,0x44,0x00,0x00,
0x15,0x44,0x00,0x00,0x18,0x44,0x00,0x00,0xa9,0x00,0x06,0x00,0x1a,0x00,0x00,0x00,
0x1a,0x44,0x00,0x00,0x19,0x44,0x00,0x00,0x91,0x01,0x00,0x00,0x4c,0x01,0x00,0x00,
0x80,0x00,0x05,0x00,0x1a,0x00,0x00,0x00,0x1c,0x44,0x00,0x00,0x93,0x7a,0x00,0x00,
0x1a,0x44,0x00,0x00,0xf9,0x00,0x02,0x00,0x1e,0x44,0x00,0x00,0xf8,0x00,0x02,0x00,
0x1e,0x44,0x00,0x00,0xf5,0x00,0x07,0x00,0x1a,0x00,0x00,0x00,0x05,0x7c,0x00,0x00,
0x93,0x7a,0x00,0x00,0x1d,0x44,0x00,0x00,0x1c,0x44,0x00,0x00,0x38,0x46,0x00,0x00,
0xf5,0x00,0x07,0x00,0x1a,0x00,0x00,0x00,0x04,0x7c,0x00,0x00,0x92,0x7a,0x00,0x00,
0x1d,0x44,0x00,0x00,0x12,0x44,0x00,0x00,0x38,0x46,0x00,0x00,0xf5,0x00,0x07,0x00,
0x13,0x00,0x00,0x00,0x82,0x7b,0x00,0x00,0x80,0x03,0x00,0x00,0x1d,0x44,0x00,0x00,
0x08,0x44,0x00,0x00,0x38,0x46,0x00,0x00,0xf9,0x00,0x02,0x00,0x1f,0x44,0x00,0x00,
0xf8,0x00,0x02,0x00,0x1f,0x44,0x00,0x00,0x80,0x00,0x05,0x00,0x1a,0x00,0x00,0x00,
0x21,0x44,0x00,0x00,0x20,0x79,0x00,0x00,0x91,0x01,0x00,0x00,0xf9,0x00,0x02,0x00,
0xe3,0x43,0x00,0x00,0xf8,0x00,0x02,0x00,0x22,0x44,0x00,0x00,0xf9,0x00,0x02,0x00,
0x23,0x44,0x00,0x00,0xf8,0x00,0x02,0x00,0x23,0x44,0x00,0x00,0xf5,0x00,0x07,0x00,
0x13,0x00,0x00,0x00,0x22,0x79,0x00,0x00,0x5e,0x03,0x00,0x00,0x60,0x42,0x00,0x00,
0x21,0x79,0x00,0x00,0x22,0x44,0x00,0x00,0xb8,0x00,0x05,0x00,0x6e,0x00,0x00,0x00,
0x26,0x44,0x00,0x00,0x22,0x79,0x00,0x00,0x5e,0x03,0x00,0x00,0xa9,0x00,0x06,0x00,
0x13,0x00,0x00,0x00,0x27,0x44,0x00,0x00,0x26,0x44,0x00,0x00,0xdc,0x01,0x00,0x00,
0xd8,0x01,0x00,0x00,0x85,0x00,0x05,0x00,0x13,0x00,0x00,0x00,0x28,0x44,0x00,0x00,
0x22,0x79,0x00,0x00,0x27,0x44,0x00,0x00,0xf9,0x00,0x02,0x00,0x66,0x42,0x00,0x00,
0xf8,0x00,0x02,0x00,0x66,0x42,0x00,0x00,0xf5,0x00,0x07,0x00,0x13,0x00,0x00,0x00,
0x23,0x79,0x00,0x00,0xd8,0x01,0x00,0x00,0x4e,0x43,0x00,0x00,0x28,0x44,0x00,0x00,
0x23,0x44,0x00,0x00,0x52,0x00,0x06,0x00,0x9f,0x00,0x00,0x00,0x2d,0x77,0x00,0x00,
0x23,0x79,0x00,0x00,0x8e,0x04,0x00,0x00,0x00,0x00,0x00,0x00,0xb7,0x00,0x05,0x00,
0x6e,0x00,0x00,0x00,0x03,0x42,0x00,0x00,0x23,0x79,0x00,0x00,0xd8,0x01,0x00,0x00,
0xf7,0x00,0x03,0x00,0x08,0x42,0x00,0x00,0x00,0x00,0x00,0x00,0xfa,0x00,0x04,0x00,
0x03,0x42,0x00,0x00,0x04,0x42,0x00,0x00,0x07,0x42,0x00,0x00,0xf8,0x00,0x02,0x00,
0x07,0x42,0x00,0x00,0xf9,0x00,0x02,0x00,0x08,0x42,0x00,0x00,0xf8,0x00,0x02,0x00,
0x04,0x42,0x00,0x00,0x0c,0x00,0x06,0x00,0x13,0x00,0x00,0x00,0x06,0x42,0x00,0x00,
0x01,0x00,0x00,0x00,0x06,0x00,0x00,0x00,0x23,0x79,0x00,0x00,0xf9,0x00,0x02,0x00,
0x08,0x42,0x00,0x00,0xf8,0x00,0x02,0x00,0x08,0x42,0x00,0x00,0xf5,0x00,0x07,0x00,
0x13,0x00,0x00,0x00,0x2a,0x79,0x00,0x00,0xd8,0x01,0x00,0x00,0x07,0x42,0x00,0x00,
0x06,0x42,0x00,0x00,0x04,0x42,0x00,0x00,0x52,0x00,0x06,0x00,0x9f,0x00,0x00,0x00,
0x2f,0x77,0x00,0x00,0x2a,0x79,0x00,0x00,0x2d,0x77,0x00,0x00,0x01,0x00,0x00,0x00,
0x52,0x00,0x06,0x00,0x9f,0x00,0x00,0x00,0x31,0x77,0x00,0x00,0xdc,0x01,0x00,0x00,
0x2f,0x77,0x00,0x00,0x02,0x00,0x00,0x00,0x7c,0x00,0x04,0x00,0x32,0x00,0x00,0x00,
0xcd,0x41,0x00,0x00,0xae,0x41,0x00,0x00,0x6f,0x00,0x04,0x00,0x38,0x00,0x00,0x00,
0xce,0x41,0x00,0x00,0xcd,0x41,0x00,0x00,0x6e,0x00,0x04,0x00,0x32,0x00,0x00,0x00,
0x54,0x46,0x00,0x00,0xce,0x41,0x00,0x00,0x51,0x00,0x05,0x00,0x1a,0x00,0x00,0x00,
0x87,0x46,0x00,0x00,0x54,0x46,0x00,0x00,0x00,0x00,0x00,0x00,0x0c,0x00,0x07,0x00,
0x1a,0x00,0x00,0x00,0x98,0x46,0x00,0x00,0x01,0x00,0x00,0x00,0x27,0x00,0x00,0x00,
0x87,0x46,0x00,0x00,0xc1,0x0b,0x00,0x00,0x0c,0x00,0x07,0x00,0x1a,0x00,0x00,0x00,
0x9d,0x46,0x00,0x00,0x01,0x00,0x00,0x00,0x2a,0x00,0x00,0x00,0x4c,0x01,0x00,0x00,
0x98,0x46,0x00,0x00,0x51,0x00,0x05,0x00,0x1a,0x00,0x00,0x00,0x8f,0x46,0x00,0x00,
0x54,0x46,0x00,0x00,0x01,0x00,0x00,0x00,0x0c,0x00,0x07,0x00,0x1a,0x00,0x00,0x00,
0xa2,0x46,0x00,0x00,0x01,0x00,0x00,0x00,0x27,0x00,0x00,0x00,0x8f,0x46,0x00,0x00,
0xc9,0x0b,0x00,0x00,0x0c,0x00,0x07,0x00,0x1a,0x00,0x00,0x00,0xa7,0x46,0x00,0x00,
0x01,0x00,0x00,0x00,0x2a,0x00,0x00,0x00,0x4c,0x01,0x00,0x00,0xa2,0x46,0x00,0x00,
0x50,0x00,0x05,0x00,0x32,0x00,0x00,0x00,0xd4,0x77,0x00,0x00,0x9d,0x46,0x00,0x00,
0xa7,0x46,0x00,0x00,0x3d,0x00,0x04,0x00,0xb9,0x01,0x00,0x00,0xaa,0x46,0x00,0x00,
0xca,0x01,0x00,0x00,0x5f,0x00,0x07,0x00,0x9f,0x00,0x00,0x00,0xac,0x46,0x00,0x00,
0xaa,0x46,0x00,0x00,0xd4,0x77,0x00,0x00,0x02,0x00,0x00,0x00,0x4c,0x01,0x00,0x00,
0x4f,0x00,0x07,0x00,0x38,0x00,0x00,0x00,0xad,0x46,0x00,0x00,0xac,0x46,0x00,0x00,
0xac,0x46,0x00,0x00,0x00,0x00,0x00,0x00,0x01,0x00,0x00,0x00,0x6f,0x00,0x04,0x00,
0x38,0x00,0x00,0x00,0x5a,0x46,0x00,0x00,0xd4,0x77,0x00,0x00,0x81,0x00,0x05,0x00,
0x38,0x00,0x00,0x00,0x5c,0x46,0x00,0x00,0x5a,0x46,0x00,0x00,0xc7,0x77,0x00,0x00,
0x88,0x00,0x05,0x00,0x38,0x00,0x00,0x00,0x5f,0x46,0x00,0x00,0x5c,0x46,0x00,0x00,
0x9a,0x0b,0x00,0x00,0x3e,0x00,0x03,0x00,0xd2,0x46,0x00,0x00,0xdf,0x03,0x00,0x00,
0x81,0x00,0x05,0x00,0x38,0x00,0x00,0x00,0xe1,0x46,0x00,0x00,0x5f,0x46,0x00,0x00,
0x1c,0x0c,0x00,0x00,0x85,0x00,0x05,0x00,0x38,0x00,0x00,0x00,0xe5,0x46,0x00,0x00,
0xe1,0x46,0x00,0x00,0x9a,0x0b,0x00,0x00,0x0c,0x00,0x06,0x00,0x38,0x00,0x00,0x00,
0xe6,0x46,0x00,0x00,0x01,0x00,0x00,0x00,0x08,0x00,0x00,0x00,0xe5,0x46,0x00,0x00,
0x6e,0x00,0x04,0x00,0x32,0x00,0x00,0x00,0xe7,0x46,0x00,0x00,0xe6,0x46,0x00,0x00,
0xf9,0x00,0x02,0x00,0xe8,0x46,0x00,0x00,0xf8,0x00,0x02,0x00,0xe8,0x46,0x00,0x00,
0xf5,0x00,0x07,0x00,0x1a,0x00,0x00,0x00,0x2c,0x79,0x00,0x00,0x4c,0x01,0x00,0x00,
0x08,0x42,0x00,0x00,0x07,0x47,0x00,0x00,0x05,0x47,0x00,0x00,0xb1,0x00,0x05,0x00,
0x6e,0x00,0x00,0x00,0xeb,0x46,0x00,0x00,0x2c,0x79,0x00,0x00,0x7d,0x03,0x00,0x00,
0xf6,0x00,0x04,0x00,0x08,0x47,0x00,0x00,0x05,0x47,0x00,0x00,0x00,0x00,0x00,0x00,
0xfa,0x00,0x04,0x00,0xeb,0x46,0x00,0x00,0xec,0x46,0x00,0x00,0x08,0x47,0x00,0x00,
0xf8,0x00,0x02,0x00,0xec,0x46,0x00,0x00,0x41,0x00,0x05,0x00,0x49,0x00,0x00,0x00,
0xf0,0x46,0x00,0x00,0xd2,0x46,0x00,0x00,0x2c,0x79,0x00,0x00,0x3d,0x00,0x04,0x00,
0x32,0x00,0x00,0x00,0xf1,0x46,0x00,0x00,0xf0,0x46,0x00,0x00,0x80,0x00,0x05,0x00,
0x32,0x00,0x00,0x00,0x27,0x47,0x00,0x00,0xe7,0x46,0x00,0x00,0xf1,0x46,0x00,0x00,
0x51,0x00,0x05,0x00,0x1a,0x00,0x00,0x00,0x2c,0x47,0x00,0x00,0x27,0x47,0x00,0x00,
0x00,0x00,0x00,0x00,0x0c,0x00,0x07,0x00,0x1a,0x00,0x00,0x00,0x3d,0x47,0x00,0x00,
0x01,0x00,0x00,0x00,0x27,0x00,0x00,0x00,0x2c,0x47,0x00,0x00,0xc1,0x0b,0x00,0x00,
0x0c,0x00,0x07,0x00,0x1a,0x00,0x00,0x00,0x42,0x47,0x00,0x00,0x01,0x00,0x00,0x00,
0x2a,0x00,0x00,0x00,0x4c,0x01,0x00,0x00,0x3d,0x47,0x00,0x00,0x51,0x00,0x05,0x00,
0x1a,0x00,0x00,0x00,0x34,0x47,0x00,0x00,0x27,0x47,0x00,0x00,0x01,0x00,0x00,0x00,
0x0c,0x00,0x07,0x00,0x1a,0x00,0x00,0x00,0x47,0x47,0x00,0x00,0x01,0x00,0x00,0x00,
0x27,0x00,0x00,0x00,0x34,0x47,0x00,0x00,0xc9,0x0b,0x00,0x00,0x0c,0x00,0x07,0x00,
0x1a,0x00,0x00,0x00,0x4c,0x47,0x00,0x00,0x01,0x00,0x00,0x00,0x2a,0x00,0x00,0x00,
0x4c,0x01,0x00,0x00,0x47,0x47,0x00,0x00,0x50,0x00,0x05,0x00,0x32,0x00,0x00,0x00,
0xe3,0x77,0x00,0x00,0x42,0x47,0x00,0x00,0x4c,0x47,0x00,0x00,0x3d,0x00,0x04,0x00,
0xb9,0x01,0x00,0x00,0x4f,0x47,0x00,0x00,0xbb,0x01,0x00,0x00,0x5f,0x00,0x07,0x00,
0x9f,0x00,0x00,0x00,0x51,0x47,0x00,0x00,0x4f,0x47,0x00,0x00,0xe3,0x77,0x00,0x00,
0x02,0x00,0x00,0x00,0x4c,0x01,0x00,0x00,0x51,0x00,0x05,0x00,0x13,0x00,0x00,0x00,
0x52,0x47,0x00,0x00,0x51,0x47,0x00,0x00,0x00,0x00,0x00,0x00,0x3d,0x00,0x04,0x00,
0xb9,0x01,0x00,0x00,0x56,0x47,0x00,0x00,0xd2,0x01,0x00,0x00,0x5f,0x00,0x07,0x00,
0x9f,0x00,0x00,0x00,0x57,0x47,0x00,0x00,0x56,0x47,0x00,0x00,0xd4,0x01,0x00,0x00,
0x02,0x00,0x00,0x00,0x4c,0x01,0x00,0x00,0x51,0x00,0x05,0x00,0x13,0x00,0x00,0x00,
0x58,0x47,0x00,0x00,0x57,0x47,0x00,0x00,0x00,0x00,0x00,0x00,0xb4,0x00,0x05,0x00,
0x6e,0x00,0x00,0x00,0x5a,0x47,0x00,0x00,0x58,0x47,0x00,0x00,0xd8,0x01,0x00,0x00,
0xf9,0x00,0x02,0x00,0x5c,0x47,0x00,0x00,0xf8,0x00,0x02,0x00,0x5c,0x47,0x00,0x00,
0xa9,0x00,0x06,0x00,0x13,0x00,0x00,0x00,0x38,0x7c,0x00,0x00,0x5a,0x47,0x00,0x00,
0xdc,0x01,0x00,0x00,0x58,0x47,0x00,0x00,0x85,0x00,0x05,0x00,0x13,0x00,0x00,0x00,
0xf7,0x46,0x00,0x00,0x52,0x47,0x00,0x00,0x38,0x7c,0x00,0x00,0x41,0x00,0x05,0x00,
0x14,0x00,0x00,0x00,0x81,0x65,0x00,0x00,0x80,0x65,0x00,0x00,0x2c,0x79,0x00,0x00,
0x3e,0x00,0x03,0x00,0x81,0x65,0x00,0x00,0xf7,0x46,0x00,0x00,0x3d,0x00,0x04,0x00,
0x13,0x00,0x00,0x00,0xfc,0x46,0x00,0x00,0x81,0x65,0x00,0x00,0x0c,0x00,0x07,0x00,
0x13,0x00,0x00,0x00,0x62,0x47,0x00,0x00,0x01,0x00,0x00,0x00,0x1a,0x00,0x00,0x00,
0xfc,0x46,0x00,0x00,0xdc,0x01,0x00,0x00,0x3e,0x00,0x03,0x00,0x81,0x65,0x00,0x00,
0x62,0x47,0x00,0x00,0x3d,0x00,0x04,0x00,0x13,0x00,0x00,0x00,0x02,0x47,0x00,0x00,
0x81,0x65,0x00,0x00,0x0c,0x00,0x07,0x00,0x13,0x00,0x00,0x00,0x67,0x47,0x00,0x00,
0x01,0x00,0x00,0x00,0x28,0x00,0x00,0x00,0x02,0x47,0x00,0x00,0x8d,0x03,0x00,0x00,
0x3e,0x00,0x03,0x00,0x81,0x65,0x00,0x00,0x67,0x47,0x00,0x00,0xf9,0x00,0x02,0x00,
0x05,0x47,0x00,0x00,0xf8,0x00,0x02,0x00,0x05,0x47,0x00,0x00,0x80,0x00,0x05,0x00,
0x1a,0x00,0x00,0x00,0x07,0x47,0x00,0x00,0x2c,0x79,0x00,0x00,0x91,0x01,0x00,0x00,
0xf9,0x00,0x02,0x00,0xe8,0x46,0x00,0x00,0xf8,0x00,0x02,0x00,0x08,0x47,0x00,0x00,
0x3d,0x00,0x04,0x00,0x82,0x00,0x00,0x00,0x86,0x65,0x00,0x00,0x80,0x65,0x00,0x00,
0x3e,0x00,0x03,0x00,0x71,0x47,0x00,0x00,0xdf,0x03,0x00,0x00,0x81,0x00,0x05,0x00,
0x38,0x00,0x00,0x00,0x7f,0x47,0x00,0x00,0x5f,0x46,0x00,0x00,0xba,0x0c,0x00,0x00,
0x81,0x00,0x05,0x00,0x38,0x00,0x00,0x00,0x82,0x47,0x00,0x00,0x7f,0x47,0x00,0x00,
0xad,0x46,0x00,0x00,0x51,0x00,0x05,0x00,0x13,0x00,0x00,0x00,0xbf,0x47,0x00,0x00,
0x82,0x47,0x00,0x00,0x00,0x00,0x00,0x00,0xbe,0x00,0x05,0x00,0x6e,0x00,0x00,0x00,
0xc0,0x47,0x00,0x00,0xbf,0x47,0x00,0x00,0xd8,0x01,0x00,0x00,0xf7,0x00,0x03,0x00,
0xc5,0x47,0x00,0x00,0x00,0x00,0x00,0x00,0xfa,0x00,0x04,0x00,0xc0,0x47,0x00,0x00,
0xc1,0x47,0x00,0x00,0xc5,0x47,0x00,0x00,0xf8,0x00,0x02,0x00,0xc1,0x47,0x00,0x00,
0xbc,0x00,0x05,0x00,0x6e,0x00,0x00,0x00,0xc4,0x47,0x00,0x00,0xbf,0x47,0x00,0x00,
0xdc,0x01,0x00,0x00,0xf9,0x00,0x02,0x00,0xc5,0x47,0x00,0x00,0xf8,0x00,0x02,0x00,
0xc5,0x47,0x00,0x00,0xf5,0x00,0x07,0x00,0x6e,0x00,0x00,0x00,0xc6,0x47,0x00,0x00,
0xc0,0x47,0x00,0x00,0x08,0x47,0x00,0x00,0xc4,0x47,0x00,0x00,0xc1,0x47,0x00,0x00,
0xf7,0x00,0x03,0x00,0xd1,0x47,0x00,0x00,0x00,0x00,0x00,0x00,0xfa,0x00,0x04,0x00,
0xc6,0x47,0x00,0x00,0xc7,0x47,0x00,0x00,0xd1,0x47,0x00,0x00,0xf8,0x00,0x02,0x00,
0xc7,0x47,0x00,0x00,0x51,0x00,0x05,0x00,0x13,0x00,0x00,0x00,0xc9,0x47,0x00,0x00,
0x82,0x47,0x00,0x00,0x01,0x00,0x00,0x00,0xbe,0x00,0x05,0x00,0x6e,0x00,0x00,0x00,
0xca,0x47,0x00,0x00,0xc9,0x47,0x00,0x00,0xd8,0x01,0x00,0x00,0xf7,0x00,0x03,0x00,
0xcf,0x47,0x00,0x00,0x00,0x00,0x00,0x00,0xfa,0x00,0x04,0x00,0xca,0x47,0x00,0x00,
0xcb,0x47,0x00,0x00,0xcf,0x47,0x00,0x00,0xf8,0x00,0x02,0x00,0xcb,0x47,0x00,0x00,
0xbc,0x00,0x05,0x00,0x6e,0x00,0x00,0x00,0xce,0x47,0x00,0x00,0xc9,0x47,0x00,0x00,
0xdc,0x01,0x00,0x00,0xf9,0x00,0x02,0x00,0xcf,0x47,0x00,0x00,0xf8,0x00,0x02,0x00,
0xcf,0x47,0x00,0x00,0xf5,0x00,0x07,0x00,0x6e,0x00,0x00,0x00,0xd0,0x47,0x00,0x00,
0xca,0x47,0x00,0x00,0xc7,0x47,0x00,0x00,0xce,0x47,0x00,0x00,0xcb,0x47,0x00,0x00,
0xf9,0x00,0x02,0x00,0xd1,0x47,0x00,0x00,0xf8,0x00,0x02,0x00,0xd1,0x47,0x00,0x00,
0xf5,0x00,0x07,0x00,0x6e,0x00,0x00,0x00,0xd2,0x47,0x00,0x00,0xc6,0x47,0x00,0x00,
0xc5,0x47,0x00,0x00,0xd0,0x47,0x00,0x00,0xcf,0x47,0x00,0x00,0xf7,0x00,0x03,0x00,
0xb2,0x47,0x00,0x00,0x00,0x00,0x00,0x00,0xfa,0x00,0x04,0x00,0xd2,0x47,0x00,0x00,
0x88,0x47,0x00,0x00,0xb2,0x47,0x00,0x00,0xf8,0x00,0x02,0x00,0x88,0x47,0x00,0x00,
0x85,0x00,0x05,0x00,0x38,0x00,0x00,0x00,0x8c,0x47,0x00,0x00,0x82,0x47,0x00,0x00,
0xb9,0x0c,0x00,0x00,0x0c,0x00,0x06,0x00,0x38,0x00,0x00,0x00,0x8d,0x47,0x00,0x00,
0x01,0x00,0x00,0x00,0x08,0x00,0x00,0x00,0x8c,0x47,0x00,0x00,0x6e,0x00,0x04,0x00,
0x32,0x00,0x00,0x00,0x8e,0x47,0x00,0x00,0x8d,0x47,0x00,0x00,0xf9,0x00,0x02,0x00,
0x8f,0x47,0x00,0x00,0xf8,0x00,0x02,0x00,0x8f,0x47,0x00,0x00,0xf5,0x00,0x07,0x00,
0x1a,0x00,0x00,0x00,0x2d,0x79,0x00,0x00,0x4c,0x01,0x00,0x00,0x88,0x47,0x00,0x00,
0xb0,0x47,0x00,0x00,0xae,0x47,0x00,0x00,0xb1,0x00,0x05,0x00,0x6e,0x00,0x00,0x00,
0x92,0x47,0x00,0x00,0x2d,0x79,0x00,0x00,0x7d,0x03,0x00,0x00,0xf6,0x00,0x04,0x00,
0xb1,0x47,0x00,0x00,0xae,0x47,0x00,0x00,0x00,0x00,0x00,0x00,0xfa,0x00,0x04,0x00,
0x92,0x47,0x00,0x00,0x93,0x47,0x00,0x00,0xb1,0x47,0x00,0x00,0xf8,0x00,0x02,0x00,
0x93,0x47,0x00,0x00,0x41,0x00,0x05,0x00,0x49,0x00,0x00,0x00,0x97,0x47,0x00,0x00,
0x71,0x47,0x00,0x00,0x2d,0x79,0x00,0x00,0x3d,0x00,0x04,0x00,0x32,0x00,0x00,0x00,
0x98,0x47,0x00,0x00,0x97,0x47,0x00,0x00,0x80,0x00,0x05,0x00,0x32,0x00,0x00,0x00,
0xe8,0x47,0x00,0x00,0x8e,0x47,0x00,0x00,0x98,0x47,0x00,0x00,0x51,0x00,0x05,0x00,
0x1a,0x00,0x00,0x00,0xea,0x47,0x00,0x00,0xf7,0x0c,0x00,0x00,0x00,0x00,0x00,0x00,
0x82,0x00,0x05,0x00,0x1a,0x00,0x00,0x00,0xeb,0x47,0x00,0x00,0xea,0x47,0x00,0x00,
0x91,0x01,0x00,0x00,0x51,0x00,0x05,0x00,0x1a,0x00,0x00,0x00,0xed,0x47,0x00,0x00,
0xe8,0x47,0x00,0x00,0x00,0x00,0x00,0x00,0x0c,0x00,0x07,0x00,0x1a,0x00,0x00,0x00,
0xfe,0x47,0x00,0x00,0x01,0x00,0x00,0x00,0x27,0x00,0x00,0x00,0xed,0x47,0x00,0x00,
0xeb,0x47,0x00,0x00,0x0c,0x00,0x07,0x00,0x1a,0x00,0x00,0x00,0x03,0x48,0x00,0x00,
0x01,0x00,0x00,0x00,0x2a,0x00,0x00,0x00,0x4c,0x01,0x00,0x00,0xfe,0x47,0x00,0x00,
0x51,0x00,0x05,0x00,0x1a,0x00,0x00,0x00,0xf2,0x47,0x00,0x00,0xf7,0x0c,0x00,0x00,
0x01,0x00,0x00,0x00,0x82,0x00,0x05,0x00,0x1a,0x00,0x00,0x00,0xf3,0x47,0x00,0x00,
0xf2,0x47,0x00,0x00,0x91,0x01,0x00,0x00,0x51,0x00,0x05,0x00,0x1a,0x00,0x00,0x00,
0xf5,0x47,0x00,0x00,0xe8,0x47,0x00,0x00,0x01,0x00,0x00,0x00,0x0c,0x00,0x07,0x00,
0x1a,0x00,0x00,0x00,0x08,0x48,0x00,0x00,0x01,0x00,0x00,0x00,0x27,0x00,0x00,0x00,
0xf5,0x47,0x00,0x00,0xf3,0x47,0x00,0x00,0x0c,0x00,0x07,0x00,0x1a,0x00,0x00,0x00,
0x0d,0x48,0x00,0x00,0x01,0x00,0x00,0x00,0x2a,0x00,0x00,0x00,0x4c,0x01,0x00,0x00,
0x08,0x48,0x00,0x00,0x50,0x00,0x05,0x00,0x32,0x00,0x00,0x00,0xe2,0x77,0x00,0x00,
0x03,0x48,0x00,0x00,0x0d,0x48,0x00,0x00,0x3d,0x00,0x04,0x00,0xb9,0x01,0x00,0x00,
0x10,0x48,0x00,0x00,0xc3,0x01,0x00,0x00,0x5f,0x00,0x07,0x00,0x9f,0x00,0x00,0x00,
0x12,0x48,0x00,0x00,0x10,0x48,0x00,0x00,0xe2,0x77,0x00,0x00,0x02,0x00,0x00,0x00,
0x4c,0x01,0x00,0x00,0x51,0x00,0x05,0x00,0x13,0x00,0x00,0x00,0x13,0x48,0x00,0x00,
0x12,0x48,0x00,0x00,0x00,0x00,0x00,0x00,0x41,0x00,0x05,0x00,0xa2,0x01,0x00,0x00,
0x16,0x48,0x00,0x00,0x8b,0x01,0x00,0x00,0xa1,0x01,0x00,0x00,0x3d,0x00,0x04,0x00,
0x13,0x00,0x00,0x00,0x17,0x48,0x00,0x00,0x16,0x48,0x00,0x00,0x85,0x00,0x05,0x00,
0x13,0x00,0x00,0x00,0x9e,0x47,0x00,0x00,0x13,0x48,0x00,0x00,0x17,0x48,0x00,0x00,
0x3d,0x00,0x04,0x00,0xb9,0x01,0x00,0x00,0x1b,0x48,0x00,0x00,0xd2,0x01,0x00,0x00,
0x5f,0x00,0x07,0x00,0x9f,0x00,0x00,0x00,0x1c,0x48,0x00,0x00,0x1b,0x48,0x00,0x00,
0xd4,0x01,0x00,0x00,0x02,0x00,0x00,0x00,0x4c,0x01,0x00,0x00,0x51,0x00,0x05,0x00,
0x13,0x00,0x00,0x00,0x1d,0x48,0x00,0x00,0x1c,0x48,0x00,0x00,0x00,0x00,0x00,0x00,
0xb4,0x00,0x05,0x00,0x6e,0x00,0x00,0x00,0x1f,0x48,0x00,0x00,0x1d,0x48,0x00,0x00,
0xd8,0x01,0x00,0x00,0xf9,0x00,0x02,0x00,0x21,0x48,0x00,0x00,0xf8,0x00,0x02,0x00,
0x21,0x48,0x00,0x00,0xa9,0x00,0x06,0x00,0x13,0x00,0x00,0x00,0x39,0x7c,0x00,0x00,
0x1f,0x48,0x00,0x00,0xdc,0x01,0x00,0x00,0x1d,0x48,0x00,0x00,0x85,0x00,0x05,0x00,
0x13,0x00,0x00,0x00,0xa0,0x47,0x00,0x00,0x9e,0x47,0x00,0x00,0x39,0x7c,0x00,0x00,
0x41,0x00,0x05,0x00,0x14,0x00,0x00,0x00,0x36,0x6f,0x00,0x00,0x35,0x6f,0x00,0x00,
0x2d,0x79,0x00,0x00,0x3e,0x00,0x03,0x00,0x36,0x6f,0x00,0x00,0xa0,0x47,0x00,0x00,
0x3d,0x00,0x04,0x00,0x13,0x00,0x00,0x00,0xa5,0x47,0x00,0x00,0x36,0x6f,0x00,0x00,
0x0c,0x00,0x07,0x00,0x13,0x00,0x00,0x00,0x27,0x48,0x00,0x00,0x01,0x00,0x00,0x00,
0x1a,0x00,0x00,0x00,0xa5,0x47,0x00,0x00,0xdc,0x01,0x00,0x00,0x3e,0x00,0x03,0x00,
0x36,0x6f,0x00,0x00,0x27,0x48,0x00,0x00,0x3d,0x00,0x04,0x00,0x13,0x00,0x00,0x00,
0xab,0x47,0x00,0x00,0x36,0x6f,0x00,0x00,0x0c,0x00,0x07,0x00,0x13,0x00,0x00,0x00,
0x2c,0x48,0x00,0x00,0x01,0x00,0x00,0x00,0x28,0x00,0x00,0x00,0xab,0x47,0x00,0x00,
0x8d,0x03,0x00,0x00,0x3e,0x00,0x03,0x00,0x36,0x6f,0x00,0x00,0x2c,0x48,0x00,0x00,
0xf9,0x00,0x02,0x00,0xae,0x47,0x00,0x00,0xf8,0x00,0x02,0x00,0xae,0x47,0x00,0x00,
0x80,0x00,0x05,0x00,0x1a,0x00,0x00,0x00,0xb0,0x47,0x00,0x00,0x2d,0x79,0x00,0x00,
0x91,0x01,0x00,0x00,0xf9,0x00,0x02,0x00,0x8f,0x47,0x00,0x00,0xf8,0x00,0x02,0x00,
0xb1,0x47,0x00,0x00,0xf9,0x00,0x02,0x00,0xb2,0x47,0x00,0x00,0xf8,0x00,0x02,0x00,
0xb2,0x47,0x00,0x00,0x3d,0x00,0x04,0x00,0x82,0x00,0x00,0x00,0x3b,0x6f,0x00,0x00,
0x35,0x6f,0x00,0x00,0xf7,0x00,0x03,0x00,0xca,0x46,0x00,0x00,0x00,0x00,0x00,0x00,
0xfa,0x00,0x04,0x00,0xd2,0x47,0x00,0x00,0xc4,0x46,0x00,0x00,0xca,0x46,0x00,0x00,
0xf8,0x00,0x02,0x00,0xc4,0x46,0x00,0x00,0x51,0x00,0x05,0x00,0x13,0x00,0x00,0x00,
0x1a,0x6f,0x00,0x00,0x86,0x65,0x00,0x00,0x00,0x00,0x00,0x00,0x51,0x00,0x05,0x00,
0x13,0x00,0x00,0x00,0x1b,0x6f,0x00,0x00,0x86,0x65,0x00,0x00,0x01,0x00,0x00,0x00,
0x51,0x00,0x05,0x00,0x13,0x00,0x00,0x00,0x1c,0x6f,0x00,0x00,0x86,0x65,0x00,0x00,
0x02,0x00,0x00,0x00,0x51,0x00,0x05,0x00,0x13,0x00,0x00,0x00,0x1d,0x6f,0x00,0x00,
0x86,0x65,0x00,0x00,0x03,0x00,0x00,0x00,0x51,0x00,0x05,0x00,0x13,0x00,0x00,0x00,
0x1e,0x6f,0x00,0x00,0x86,0x65,0x00,0x00,0x04,0x00,0x00,0x00,0x0c,0x00,0x07,0x00,
0x13,0x00,0x00,0x00,0x34,0x49,0x00,0x00,0x01,0x00,0x00,0x00,0x25,0x00,0x00,0x00,
0x1a,0x6f,0x00,0x00,0x1d,0x6f,0x00,0x00,0x0c,0x00,0x07,0x00,0x13,0x00,0x00,0x00,
0x39,0x49,0x00,0x00,0x01,0x00,0x00,0x00,0x28,0x00,0x00,0x00,0x1a,0x6f,0x00,0x00,
0x1d,0x6f,0x00,0x00,0x0c,0x00,0x07,0x00,0x13,0x00,0x00,0x00,0x3e,0x49,0x00,0x00,
0x01,0x00,0x00,0x00,0x25,0x00,0x00,0x00,0x1b,0x6f,0x00,0x00,0x1e,0x6f,0x00,0x00,
0x0c,0x00,0x07,0x00,0x13,0x00,0x00,0x00,0x43,0x49,0x00,0x00,0x01,0x00,0x00,0x00,
0x28,0x00,0x00,0x00,0x1b,0x6f,0x00,0x00,0x1e,0x6f,0x00,0x00,0x0c,0x00,0x07,0x00,
0x13,0x00,0x00,0x00,0x48,0x49,0x00,0x00,0x01,0x00,0x00,0x00,0x25,0x00,0x00,0x00,
0x34,0x49,0x00,0x00,0x1c,0x6f,0x00,0x00,0x0c,0x00,0x07,0x00,0x13,0x00,0x00,0x00,
0x4d,0x49,0x00,0x00,0x01,0x00,0x00,0x00,0x28,0x00,0x00,0x00,0x34,0x49,0x00,0x00,
0x1c,0x6f,0x00,0x00,0x0c,0x00,0x07,0x00,0x13,0x00,0x00,0x00,0x52,0x49,0x00,0x00,
0x01,0x00,0x00,0x00,0x25,0x00,0x00,0x00,0x3e,0x49,0x00,0x00,0x39,0x49,0x00,0x00,
0x0c,0x00,0x07,0x00,0x13,0x00,0x00,0x00,0x57,0x49,0x00,0x00,0x01,0x00,0x00,0x00,
0x28,0x00,0x00,0x00,0x3e,0x49,0x00,0x00,0x39,0x49,0x00,0x00,0x0c,0x00,0x07,0x00,
0x13,0x00,0x00,0x00,0x5c,0x49,0x00,0x00,0x01,0x00,0x00,0x00,0x25,0x00,0x00,0x00,
0x48,0x49,0x00,0x00,0x52,0x49,0x00,0x00,0x0c,0x00,0x07,0x00,0x13,0x00,0x00,0x00,
0x61,0x49,0x00,0x00,0x01,0x00,0x00,0x00,0x28,0x00,0x00,0x00,0x48,0x49,0x00,0x00,
0x52,0x49,0x00,0x00,0x0c,0x00,0x07,0x00,0x13,0x00,0x00,0x00,0x66,0x49,0x00,0x00,
0x01,0x00,0x00,0x00,0x25,0x00,0x00,0x00,0x4d,0x49,0x00,0x00,0x43,0x49,0x00,0x00,
0x0c,0x00,0x07,0x00,0x13,0x00,0x00,0x00,0x6b,0x49,0x00,0x00,0x01,0x00,0x00,0x00,
0x28,0x00,0x00,0x00,0x4d,0x49,0x00,0x00,0x43,0x49,0x00,0x00,0x0c,0x00,0x07,0x00,
0x13,0x00,0x00,0x00,0x70,0x49,0x00,0x00,0x01,0x00,0x00,0x00,0x25,0x00,0x00,0x00,
0x61,0x49,0x00,0x00,0x66,0x49,0x00,0x00,0x0c,0x00,0x07,0x00,0x13,0x00,0x00,0x00,
0x75,0x49,0x00,0x00,0x01,0x00,0x00,0x00,0x28,0x00,0x00,0x00,0x61,0x49,0x00,0x00,
0x66,0x49,0x00,0x00,0x0c,0x00,0x07,0x00,0x13,0x00,0x00,0x00,0x7a,0x49,0x00,0x00,
0x01,0x00,0x00,0x00,0x25,0x00,0x00,0x00,0x57,0x49,0x00,0x00,0x6b,0x49,0x00,0x00,
0x0c,0x00,0x07,0x00,0x13,0x00,0x00,0x00,0x7f,0x49,0x00,0x00,0x01,0x00,0x00,0x00,
0x28,0x00,0x00,0x00,0x57,0x49,0x00,0x00,0x6b,0x49,0x00,0x00,0x0c,0x00,0x07,0x00,
0x13,0x00,0x00,0x00,0x84,0x49,0x00,0x00,0x01,0x00,0x00,0x00,0x25,0x00,0x00,0x00,
0x75,0x49,0x00,0x00,0x7a,0x49,0x00,0x00,0x0c,0x00,0x07,0x00,0x13,0x00,0x00,0x00,
0x89,0x49,0x00,0x00,0x01,0x00,0x00,0x00,0x28,0x00,0x00,0x00,0x75,0x49,0x00,0x00,
0x7a,0x49,0x00,0x00,0x50,0x00,0x08,0x00,0x82,0x00,0x00,0x00,0x24,0x6f,0x00,0x00,
0x5c,0x49,0x00,0x00,0x70,0x49,0x00,0x00,0x84,0x49,0x00,0x00,0x89,0x49,0x00,0x00,
0x7f,0x49,0x00,0x00,0x3e,0x00,0x03,0x00,0x94,0x65,0x00,0x00,0x24,0x6f,0x00,0x00,
0x51,0x00,0x05,0x00,0x13,0x00,0x00,0x00,0x2a,0x6f,0x00,0x00,0x3b,0x6f,0x00,0x00,
0x00,0x00,0x00,0x00,0x51,0x00,0x05,0x00,0x13,0x00,0x00,0x00,0x2b,0x6f,0x00,0x00,
0x3b,0x6f,0x00,0x00,0x01,0x00,0x00,0x00,0x51,0x00,0x05,0x00,0x13,0x00,0x00,0x00,
0x2c,0x6f,0x00,0x00,0x3b,0x6f,0x00,0x00,0x02,0x00,0x00,0x00,0x51,0x00,0x05,0x00,
0x13,0x00,0x00,0x00,0x2d,0x6f,0x00,0x00,0x3b,0x6f,0x00,0x00,0x03,0x00,0x00,0x00,
0x51,0x00,0x05,0x00,0x13,0x00,0x00,0x00,0x2e,0x6f,0x00,0x00,0x3b,0x6f,0x00,0x00,
0x04,0x00,0x00,0x00,0x0c,0x00,0x07,0x00,0x13,0x00,0x00,0x00,0x31,0x4a,0x00,0x00,
0x01,0x00,0x00,0x00,0x25,0x00,0x00,0x00,0x2a,0x6f,0x00,0x00,0x2d,0x6f,0x00,0x00,
0x0c,0x00,0x07,0x00,0x13,0x00,0x00,0x00,0x36,0x4a,0x00,0x00,0x01,0x00,0x00,0x00,
0x28,0x00,0x00,0x00,0x2a,0x6f,0x00,0x00,0x2d,0x6f,0x00,0x00,0x0c,0x00,0x07,0x00,
0x13,0x00,0x00,0x00,0x3b,0x4a,0x00,0x00,0x01,0x00,0x00,0x00,0x25,0x00,0x00,0x00,
0x2b,0x6f,0x00,0x00,0x2e,0x6f,0x00,0x00,0x0c,0x00,0x07,0x00,0x13,0x00,0x00,0x00,
0x40,0x4a,0x00,0x00,0x01,0x00,0x00,0x00,0x28,0x00,0x00,0x00,0x2b,0x6f,0x00,0x00,
0x2e,0x6f,0x00,0x00,0x0c,0x00,0x07,0x00,0x13,0x00,0x00,0x00,0x45,0x4a,0x00,0x00,
0x01,0x00,0x00,0x00,0x25,0x00,0x00,0x00,0x31,0x4a,0x00,0x00,0x2c,0x6f,0x00,0x00,
0x0c,0x00,0x07,0x00,0x13,0x00,0x00,0x00,0x4a,0x4a,0x00,0x00,0x01,0x00,0x00,0x00,
0x28,0x00,0x00,0x00,0x31,0x4a,0x00,0x00,0x2c,0x6f,0x00,0x00,0x0c,0x00,0x07,0x00,
0x13,0x00,0x00,0x00,0x4f,0x4a,0x00,0x00,0x01,0x00,0x00,0x00,0x25,0x00,0x00,0x00,
0x3b,0x4a,0x00,0x00,0x36,0x4a,0x00,0x00,0x0c,0x00,0x07,0x00,0x13,0x00,0x00,0x00,
0x54,0x4a,0x00,0x00,0x01,0x00,0x00,0x00,0x28,0x00,0x00,0x00,0x3b,0x4a,0x00,0x00,
0x36,0x4a,0x00,0x00,0x0c,0x00,0x07,0x00,0x13,0x00,0x00,0x00,0x59,0x4a,0x00,0x00,
0x01,0x00,0x00,0x00,0x25,0x00,0x00,0x00,0x45,0x4a,0x00,0x00,0x4f,0x4a,0x00,0x00,
0x0c,0x00,0x07,0x00,0x13,0x00,0x00,0x00,0x5e,0x4a,0x00,0x00,0x01,0x00,0x00,0x00,
0x28,0x00,0x00,0x00,0x45,0x4a,0x00,0x00,0x4f,0x4a,0x00,0x00,0x0c,0x00,0x07,0x00,
0x13,0x00,0x00,0x00,0x63,0x4a,0x00,0x00,0x01,0x00,0x00,0x00,0x25,0x00,0x00,0x00,
0x4a,0x4a,0x00,0x00,0x40,0x4a,0x00,0x00,0x0c,0x00,0x07,0x00,0x13,0x00,0x00,0x00,
0x68,0x4a,0x00,0x00,0x01,0x00,0x00,0x00,0x28,0x00,0x00,0x00,0x4a,0x4a,0x00,0x00,
0x40,0x4a,0x00,0x00,0x0c,0x00,0x07,0x00,0x13,0x00,0x00,0x00,0x6d,0x4a,0x00,0x00,
0x01,0x00,0x00,0x00,0x25,0x00,0x00,0x00,0x5e,0x4a,0x00,0x00,0x63,0x4a,0x00,0x00,
0x0c,0x00,0x07,0x00,0x13,0x00,0x00,0x00,0x72,0x4a,0x00,0x00,0x01,0x00,0x00,0x00,
0x28,0x00,0x00,0x00,0x5e,0x4a,0x00,0x00,0x63,0x4a,0x00,0x00,0x0c,0x00,0x07,0x00,
0x13,0x00,0x00,0x00,0x77,0x4a,0x00,0x00,0x01,0x00,0x00,0x00,0x25,0x00,0x00,0x00,
0x54,0x4a,0x00,0x00,0x68,0x4a,0x00,0x00,0x0c,0x00,0x07,0x00,0x13,0x00,0x00,0x00,
0x7c,0x4a,0x00,0x00,0x01,0x00,0x00,0x00,0x28,0x00,0x00,0x00,0x54,0x4a,0x00,0x00,
0x68,0x4a,0x00,0x00,0x0c,0x00,0x07,0x00,0x13,0x00,0x00,0x00,0x81,0x4a,0x00,0x00,
0x01,0x00,0x00,0x00,0x25,0x00,0x00,0x00,0x72,0x4a,0x00,0x00,0x77,0x4a,0x00,0x00,
0x0c,0x00,0x07,0x00,0x13,0x00,0x00,0x00,0x86,0x4a,0x00,0x00,0x01,0x00,0x00,0x00,
0x28,0x00,0x00,0x00,0x72,0x4a,0x00,0x00,0x77,0x4a,0x00,0x00,0x50,0x00,0x08,0x00,
0x82,0x00,0x00,0x00,0x34,0x6f,0x00,0x00,0x59,0x4a,0x00,0x00,0x6d,0x4a,0x00,0x00,
0x81,0x4a,0x00,0x00,0x86,0x4a,0x00,0x00,0x7c,0x4a,0x00,0x00,0x3e,0x00,0x03,0x00,
0x9e,0x65,0x00,0x00,0x34,0x6f,0x00,0x00,0x41,0x00,0x05,0x00,0x14,0x00,0x00,0x00,
0x99,0x65,0x00,0x00,0x94,0x65,0x00,0x00,0xcd,0x02,0x00,0x00,0x3d,0x00,0x04,0x00,
0x13,0x00,0x00,0x00,0x40,0x48,0x00,0x00,0x99,0x65,0x00,0x00,0x41,0x00,0x05,0x00,
0x14,0x00,0x00,0x00,0xa3,0x65,0x00,0x00,0x9e,0x65,0x00,0x00,0xcd,0x02,0x00,0x00,
0x3d,0x00,0x04,0x00,0x13,0x00,0x00,0x00,0x42,0x48,0x00,0x00,0xa3,0x65,0x00,0x00,
0x0c,0x00,0x07,0x00,0x13,0x00,0x00,0x00,0x8b,0x4a,0x00,0x00,0x01,0x00,0x00,0x00,
0x25,0x00,0x00,0x00,0x40,0x48,0x00,0x00,0x42,0x48,0x00,0x00,0xba,0x00,0x05,0x00,
0x6e,0x00,0x00,0x00,0x45,0x48,0x00,0x00,0x8b,0x4a,0x00,0x00,0x72,0x03,0x00,0x00,
0xf7,0x00,0x03,0x00,0x87,0x48,0x00,0x00,0x00,0x00,0x00,0x00,0xfa,0x00,0x04,0x00,
0x45,0x48,0x00,0x00,0x46,0x48,0x00,0x00,0x87,0x48,0x00,0x00,0xf8,0x00,0x02,0x00,
0x46,0x48,0x00,0x00,0xf9,0x00,0x02,0x00,0x47,0x48,0x00,0x00,0xf8,0x00,0x02,0x00,
0x47,0x48,0x00,0x00,0xf5,0x00,0x07,0x00,0x1a,0x00,0x00,0x00,0x87,0x7a,0x00,0x00,
0x4c,0x01,0x00,0x00,0x46,0x48,0x00,0x00,0x03,0x7c,0x00,0x00,0x83,0x48,0x00,0x00,
0xf5,0x00,0x07,0x00,0x1a,0x00,0x00,0x00,0x86,0x7a,0x00,0x00,0x4c,0x01,0x00,0x00,
0x46,0x48,0x00,0x00,0x02,0x7c,0x00,0x00,0x83,0x48,0x00,0x00,0xf5,0x00,0x07,0x00,
0x13,0x00,0x00,0x00,0x2f,0x79,0x00,0x00,0x5e,0x03,0x00,0x00,0x46,0x48,0x00,0x00,
0x85,0x7b,0x00,0x00,0x83,0x48,0x00,0x00,0xf5,0x00,0x07,0x00,0x1a,0x00,0x00,0x00,
0x2e,0x79,0x00,0x00,0x4c,0x01,0x00,0x00,0x46,0x48,0x00,0x00,0x85,0x48,0x00,0x00,
0x83,0x48,0x00,0x00,0xb1,0x00,0x05,0x00,0x6e,0x00,0x00,0x00,0x4a,0x48,0x00,0x00,
0x2e,0x79,0x00,0x00,0x7d,0x03,0x00,0x00,0xb8,0x00,0x05,0x00,0x6e,0x00,0x00,0x00,
0x4c,0x48,0x00,0x00,0x2f,0x79,0x00,0x00,0x80,0x03,0x00,0x00,0xa7,0x00,0x05,0x00,
0x6e,0x00,0x00,0x00,0x4d,0x48,0x00,0x00,0x4a,0x48,0x00,0x00,0x4c,0x48,0x00,0x00,
0xf6,0x00,0x04,0x00,0x86,0x48,0x00,0x00,0x83,0x48,0x00,0x00,0x00,0x00,0x00,0x00,
0xfa,0x00,0x04,0x00,0x4d,0x48,0x00,0x00,0x4e,0x48,0x00,0x00,0x86,0x48,0x00,0x00,
0xf8,0x00,0x02,0x00,0x4e,0x48,0x00,0x00,0x41,0x00,0x05,0x00,0x14,0x00,0x00,0x00,
0x9a,0x65,0x00,0x00,0x94,0x65,0x00,0x00,0x86,0x7a,0x00,0x00,0x3d,0x00,0x04,0x00,
0x13,0x00,0x00,0x00,0x51,0x48,0x00,0x00,0x9a,0x65,0x00,0x00,0x41,0x00,0x05,0x00,
0x14,0x00,0x00,0x00,0xa4,0x65,0x00,0x00,0x9e,0x65,0x00,0x00,0x87,0x7a,0x00,0x00,
0x3d,0x00,0x04,0x00,0x13,0x00,0x00,0x00,0x54,0x48,0x00,0x00,0xa4,0x65,0x00,0x00,
0x83,0x00,0x05,0x00,0x13,0x00,0x00,0x00,0x55,0x48,0x00,0x00,0x51,0x48,0x00,0x00,
0x54,0x48,0x00,0x00,0x0c,0x00,0x06,0x00,0x13,0x00,0x00,0x00,0x57,0x48,0x00,0x00,
0x01,0x00,0x00,0x00,0x04,0x00,0x00,0x00,0x55,0x48,0x00,0x00,0xba,0x00,0x05,0x00,
0x6e,0x00,0x00,0x00,0x58,0x48,0x00,0x00,0x57,0x48,0x00,0x00,0x8d,0x03,0x00,0x00,
0xf7,0x00,0x03,0x00,0x82,0x48,0x00,0x00,0x00,0x00,0x00,0x00,0xfa,0x00,0x04,0x00,
0x58,0x48,0x00,0x00,0x59,0x48,0x00,0x00,0x81,0x48,0x00,0x00,0xf8,0x00,0x02,0x00,
0x81,0x48,0x00,0x00,0xf9,0x00,0x02,0x00,0x82,0x48,0x00,0x00,0xf8,0x00,0x02,0x00,
0x59,0x48,0x00,0x00,0x0c,0x00,0x06,0x00,0x13,0x00,0x00,0x00,0x5b,0x48,0x00,0x00,
0x01,0x00,0x00,0x00,0x06,0x00,0x00,0x00,0x55,0x48,0x00,0x00,0x3d,0x00,0x04,0x00,
0x13,0x00,0x00,0x00,0x5e,0x48,0x00,0x00,0x9a,0x65,0x00,0x00,0x3d,0x00,0x04,0x00,
0x13,0x00,0x00,0x00,0x61,0x48,0x00,0x00,0xa4,0x65,0x00,0x00,0x0c,0x00,0x07,0x00,
0x13,0x00,0x00,0x00,0xa2,0x4a,0x00,0x00,0x01,0x00,0x00,0x00,0x28,0x00,0x00,0x00,
0x5e,0x48,0x00,0x00,0x61,0x48,0x00,0x00,0xb7,0x00,0x05,0x00,0x6e,0x00,0x00,0x00,
0x96,0x4a,0x00,0x00,0xa2,0x4a,0x00,0x00,0xd8,0x01,0x00,0x00,0xf7,0x00,0x03,0x00,
0x9c,0x4a,0x00,0x00,0x00,0x00,0x00,0x00,0xfa,0x00,0x04,0x00,0x96,0x4a,0x00,0x00,
0x97,0x4a,0x00,0x00,0x9b,0x4a,0x00,0x00,0xf8,0x00,0x02,0x00,0x9b,0x4a,0x00,0x00,
0xf9,0x00,0x02,0x00,0x9c,0x4a,0x00,0x00,0xf8,0x00,0x02,0x00,0x97,0x4a,0x00,0x00,
0x0c,0x00,0x07,0x00,0x13,0x00,0x00,0x00,0xa7,0x4a,0x00,0x00,0x01,0x00,0x00,0x00,
0x25,0x00,0x00,0x00,0x5e,0x48,0x00,0x00,0x61,0x48,0x00,0x00,0x88,0x00,0x05,0x00,
0x13,0x00,0x00,0x00,0x9a,0x4a,0x00,0x00,0xa7,0x4a,0x00,0x00,0xa2,0x4a,0x00,0x00,
0xf9,0x00,0x02,0x00,0x9c,0x4a,0x00,0x00,0xf8,0x00,0x02,0x00,0x9c,0x4a,0x00,0x00,
0xf5,0x00,0x07,0x00,0x13,0x00,0x00,0x00,0x88,0x7a,0x00,0x00,0xd8,0x01,0x00,0x00,
0x9b,0x4a,0x00,0x00,0x9a,0x4a,0x00,0x00,0x97,0x4a,0x00,0x00,0x83,0x00,0x05,0x00,
0x13,0x00,0x00,0x00,0x63,0x48,0x00,0x00,0xdc,0x01,0x00,0x00,0x88,0x7a,0x00,0x00,
0x85,0x00,0x05,0x00,0x13,0x00,0x00,0x00,0x64,0x48,0x00,0x00,0x5b,0x48,0x00,0x00,
0x63,0x48,0x00,0x00,0x0c,0x00,0x06,0x00,0x13,0x00,0x00,0x00,0x66,0x48,0x00,0x00,
0x01,0x00,0x00,0x00,0x04,0x00,0x00,0x00,0x64,0x48,0x00,0x00,0x0c,0x00,0x06,0x00,
0x13,0x00,0x00,0x00,0x68,0x48,0x00,0x00,0x01,0x00,0x00,0x00,0x04,0x00,0x00,0x00,
0x2f,0x79,0x00,0x00,0xb8,0x00,0x05,0x00,0x6e,0x00,0x00,0x00,0x69,0x48,0x00,0x00,
0x66,0x48,0x00,0x00,0x68,0x48,0x00,0x00,0xa9,0x00,0x06,0x00,0x13,0x00,0x00,0x00,
0x6c,0x48,0x00,0x00,0x69,0x48,0x00,0x00,0x64,0x48,0x00,0x00,0x2f,0x79,0x00,0x00,
0x3d,0x00,0x04,0x00,0x13,0x00,0x00,0x00,0x6f,0x48,0x00,0x00,0x9a,0x65,0x00,0x00,
0x3d,0x00,0x04,0x00,0x13,0x00,0x00,0x00,0x72,0x48,0x00,0x00,0xa4,0x65,0x00,0x00,
0xb8,0x00,0x05,0x00,0x6e,0x00,0x00,0x00,0x73,0x48,0x00,0x00,0x6f,0x48,0x00,0x00,
0x72,0x48,0x00,0x00,0xa9,0x00,0x06,0x00,0x1a,0x00,0x00,0x00,0x74,0x48,0x00,0x00,
0x73,0x48,0x00,0x00,0x91,0x01,0x00,0x00,0x4c,0x01,0x00,0x00,0x80,0x00,0x05,0x00,
0x1a,0x00,0x00,0x00,0x76,0x48,0x00,0x00,0x86,0x7a,0x00,0x00,0x74,0x48,0x00,0x00,
0x41,0x00,0x05,0x00,0x14,0x00,0x00,0x00,0x9d,0x65,0x00,0x00,0x94,0x65,0x00,0x00,
0x76,0x48,0x00,0x00,0x3d,0x00,0x04,0x00,0x13,0x00,0x00,0x00,0x79,0x48,0x00,0x00,
0x9d,0x65,0x00,0x00,0x3d,0x00,0x04,0x00,0x13,0x00,0x00,0x00,0x7c,0x48,0x00,0x00,
0xa4,0x65,0x00,0x00,0xbe,0x00,0x05,0x00,0x6e,0x00,0x00,0x00,0x7d,0x48,0x00,0x00,
0x79,0x48,0x00,0x00,0x7c,0x48,0x00,0x00,0xa9,0x00,0x06,0x00,0x1a,0x00,0x00,0x00,
0x7e,0x48,0x00,0x00,0x7d,0x48,0x00,0x00,0x91,0x01,0x00,0x00,0x4c,0x01,0x00,0x00,
0x80,0x00,0x05,0x00,0x1a,0x00,0x00,0x00,0x80,0x48,0x00,0x00,0x87,0x7a,0x00,0x00,
0x7e,0x48,0x00,0x00,0xf9,0x00,0x02,0x00,0x82,0x48,0x00,0x00,0xf8,0x00,0x02,0x00,
0x82,0x48,0x00,0x00,0xf5,0x00,0x07,0x00,0x1a,0x00,0x00,0x00,0x03,0x7c,0x00,0x00,
0x87,0x7a,0x00,0x00,0x81,0x48,0x00,0x00,0x80,0x48,0x00,0x00,0x9c,0x4a,0x00,0x00,
0xf5,0x00,0x07,0x00,0x1a,0x00,0x00,0x00,0x02,0x7c,0x00,0x00,0x86,0x7a,0x00,0x00,
0x81,0x48,0x00,0x00,0x76,0x48,0x00,0x00,0x9c,0x4a,0x00,0x00,0xf5,0x00,0x07,0x00,
0x13,0x00,0x00,0x00,0x85,0x7b,0x00,0x00,0x80,0x03,0x00,0x00,0x81,0x48,0x00,0x00,
0x6c,0x48,0x00,0x00,0x9c,0x4a,0x00,0x00,0xf9,0x00,0x02,0x00,0x83,0x48,0x00,0x00,
0xf8,0x00,0x02,0x00,0x83,0x48,0x00,0x00,0x80,0x00,0x05,0x00,0x1a,0x00,0x00,0x00,
0x85,0x48,0x00,0x00,0x2e,0x79,0x00,0x00,0x91,0x01,0x00,0x00,0xf9,0x00,0x02,0x00,
0x47,0x48,0x00,0x00,0xf8,0x00,0x02,0x00,0x86,0x48,0x00,0x00,0xf9,0x00,0x02,0x00,
0x87,0x48,0x00,0x00,0xf8,0x00,0x02,0x00,0x87,0x48,0x00,0x00,0xf5,0x00,0x07,0x00,
0x13,0x00,0x00,0x00,0x30,0x79,0x00,0x00,0x5e,0x03,0x00,0x00,0xc4,0x46,0x00,0x00,
0x2f,0x79,0x00,0x00,0x86,0x48,0x00,0x00,0xb8,0x00,0x05,0x00,0x6e,0x00,0x00,0x00,
0x8a,0x48,0x00,0x00,0x30,0x79,0x00,0x00,0x5e,0x03,0x00,0x00,0xa9,0x00,0x06,0x00,
0x13,0x00,0x00,0x00,0x8b,0x48,0x00,0x00,0x8a,0x48,0x00,0x00,0xdc,0x01,0x00,0x00,
0xd8,0x01,0x00,0x00,0x85,0x00,0x05,0x00,0x13,0x00,0x00,0x00,0x8c,0x48,0x00,0x00,
0x30,0x79,0x00,0x00,0x8b,0x48,0x00,0x00,0xf9,0x00,0x02,0x00,0xca,0x46,0x00,0x00,
0xf8,0x00,0x02,0x00,0xca,0x46,0x00,0x00,0xf5,0x00,0x07,0x00,0x13,0x00,0x00,0x00,
0x31,0x79,0x00,0x00,0xd8,0x01,0x00,0x00,0xb2,0x47,0x00,0x00,0x8c,0x48,0x00,0x00,
0x87,0x48,0x00,0x00,0x52,0x00,0x06,0x00,0x9f,0x00,0x00,0x00,0x4f,0x77,0x00,0x00,
0x31,0x79,0x00,0x00,0x8e,0x04,0x00,0x00,0x00,0x00,0x00,0x00,0xb7,0x00,0x05,0x00,
0x6e,0x00,0x00,0x00,0x67,0x46,0x00,0x00,0x31,0x79,0x00,0x00,0xd8,0x01,0x00,0x00,
0xf7,0x00,0x03,0x00,0x6c,0x46,0x00,0x00,0x00,0x00,0x00,0x00,0xfa,0x00,0x04,0x00,
0x67,0x46,0x00,0x00,0x68,0x46,0x00,0x00,0x6b,0x46,0x00,0x00,0xf8,0x00,0x02,0x00,
0x6b,0x46,0x00,0x00,0xf9,0x00,0x02,0x00,0x6c,0x46,0x00,0x00,0xf8,0x00,0x02,0x00,
0x68,0x46,0x00,0x00,0x0c,0x00,0x06,0x00,0x13,0x00,0x00,0x00,0x6a,0x46,0x00,0x00,
0x01,0x00,0x00,0x00,0x06,0x00,0x00,0x00,0x31,0x79,0x00,0x00,0xf9,0x00,0x02,0x00,
0x6c,0x46,0x00,0x00,0xf8,0x00,0x02,0x00,0x6c,0x46,0x00,0x00,0xf5,0x00,0x07,0x00,
0x13,0x00,0x00,0x00,0x38,0x79,0x00,0x00,0xd8,0x01,0x00,0x00,0x6b,0x46,0x00,0x00,
0x6a,0x46,0x00,0x00,0x68,0x46,0x00,0x00,0x52,0x00,0x06,0x00,0x9f,0x00,0x00,0x00,
0x51,0x77,0x00,0x00,0x38,0x79,0x00,0x00,0x4f,0x77,0x00,0x00,0x01,0x00,0x00,0x00,
0x52,0x00,0x06,0x00,0x9f,0x00,0x00,0x00,0x53,0x77,0x00,0x00,0xdc,0x01,0x00,0x00,
0x51,0x77,0x00,0x00,0x02,0x00,0x00,0x00,0x7c,0x00,0x04,0x00,0x32,0x00,0x00,0x00,
0xd2,0x41,0x00,0x00,0xb0,0x41,0x00,0x00,0x6f,0x00,0x04,0x00,0x38,0x00,0x00,0x00,
0xd3,0x41,0x00,0x00,0xd2,0x41,0x00,0x00,0x6e,0x00,0x04,0x00,0x32,0x00,0x00,0x00,
0xb8,0x4a,0x00,0x00,0xd3,0x41,0x00,0x00,0x51,0x00,0x05,0x00,0x1a,0x00,0x00,0x00,
0xeb,0x4a,0x00,0x00,0xb8,0x4a,0x00,0x00,0x00,0x00,0x00,0x00,0x0c,0x00,0x07,0x00,
0x1a,0x00,0x00,0x00,0xfc,0x4a,0x00,0x00,0x01,0x00,0x00,0x00,0x27,0x00,0x00,0x00,
0xeb,0x4a,0x00,0x00,0xc1,0x0b,0x00,0x00,0x0c,0x00,0x07,0x00,0x1a,0x00,0x00,0x00,
0x01,0x4b,0x00,0x00,0x01,0x00,0x00,0x00,0x2a,0x00,0x00,0x00,0x4c,0x01,0x00,0x00,
0xfc,0x4a,0x00,0x00,0x51,0x00,0x05,0x00,0x1a,0x00,0x00,0x00,0xf3,0x4a,0x00,0x00,
0xb8,0x4a,0x00,0x00,0x01,0x00,0x00,0x00,0x0c,0x00,0x07,0x00,0x1a,0x00,0x00,0x00,
0x06,0x4b,0x00,0x00,0x01,0x00,0x00,0x00,0x27,0x00,0x00,0x00,0xf3,0x4a,0x00,0x00,
0xc9,0x0b,0x00,0x00,0x0c,0x00,0x07,0x00,0x1a,0x00,0x00,0x00,0x0b,0x4b,0x00,0x00,
0x01,0x00,0x00,0x00,0x2a,0x00,0x00,0x00,0x4c,0x01,0x00,0x00,0x06,0x4b,0x00,0x00,
0x50,0x00,0x05,0x00,0x32,0x00,0x00,0x00,0xd5,0x77,0x00,0x00,0x01,0x4b,0x00,0x00,
0x0b,0x4b,0x00,0x00,0x3d,0x00,0x04,0x00,0xb9,0x01,0x00,0x00,0x0e,0x4b,0x00,0x00,
0xca,0x01,0x00,0x00,0x5f,0x00,0x07,0x00,0x9f,0x00,0x00,0x00,0x10,0x4b,0x00,0x00,
0x0e,0x4b,0x00,0x00,0xd5,0x77,0x00,0x00,0x02,0x00,0x00,0x00,0x4c,0x01,0x00,0x00,
0x4f,0x00,0x07,0x00,0x38,0x00,0x00,0x00,0x11,0x4b,0x00,0x00,0x10,0x4b,0x00,0x00,
0x10,0x4b,0x00,0x00,0x00,0x00,0x00,0x00,0x01,0x00,0x00,0x00,0x6f,0x00,0x04,0x00,
0x38,0x00,0x00,0x00,0xbe,0x4a,0x00,0x00,0xd5,0x77,0x00,0x00,0x81,0x00,0x05,0x00,
0x38,0x00,0x00,0x00,0xc0,0x4a,0x00,0x00,0xbe,0x4a,0x00,0x00,0xc7,0x77,0x00,0x00,
0x88,0x00,0x05,0x00,0x38,0x00,0x00,0x00,0xc3,0x4a,0x00,0x00,0xc0,0x4a,0x00,0x00,
0x9a,0x0b,0x00,0x00,0x3e,0x00,0x03,0x00,0x36,0x4b,0x00,0x00,0xdf,0x03,0x00,0x00,
0x81,0x00,0x05,0x00,0x38,0x00,0x00,0x00,0x45,0x4b,0x00,0x00,0xc3,0x4a,0x00,0x00,
0x1c,0x0c,0x00,0x00,0x85,0x00,0x05,0x00,0x38,0x00,0x00,0x00,0x49,0x4b,0x00,0x00,
0x45,0x4b,0x00,0x00,0x9a,0x0b,0x00,0x00,0x0c,0x00,0x06,0x00,0x38,0x00,0x00,0x00,
0x4a,0x4b,0x00,0x00,0x01,0x00,0x00,0x00,0x08,0x00,0x00,0x00,0x49,0x4b,0x00,0x00,
0x6e,0x00,0x04,0x00,0x32,0x00,0x00,0x00,0x4b,0x4b,0x00,0x00,0x4a,0x4b,0x00,0x00,
0xf9,0x00,0x02,0x00,0x4c,0x4b,0x00,0x00,0xf8,0x00,0x02,0x00,0x4c,0x4b,0x00,0x00,
0xf5,0x00,0x07,0x00,0x1a,0x00,0x00,0x00,0x3a,0x79,0x00,0x00,0x4c,0x01,0x00,0x00,
0x6c,0x46,0x00,0x00,0x6b,0x4b,0x00,0x00,0x69,0x4b,0x00,0x00,0xb1,0x00,0x05,0x00,
0x6e,0x00,0x00,0x00,0x4f,0x4b,0x00,0x00,0x3a,0x79,0x00,0x00,0x7d,0x03,0x00,0x00,
0xf6,0x00,0x04,0x00,0x6c,0x4b,0x00,0x00,0x69,0x4b,0x00,0x00,0x00,0x00,0x00,0x00,
0xfa,0x00,0x04,0x00,0x4f,0x4b,0x00,0x00,0x50,0x4b,0x00,0x00,0x6c,0x4b,0x00,0x00,
0xf8,0x00,0x02,0x00,0x50,0x4b,0x00,0x00,0x41,0x00,0x05,0x00,0x49,0x00,0x00,0x00,
0x54,0x4b,0x00,0x00,0x36,0x4b,0x00,0x00,0x3a,0x79,0x00,0x00,0x3d,0x00,0x04,0x00,
0x32,0x00,0x00,0x00,0x55,0x4b,0x00,0x00,0x54,0x4b,0x00,0x00,0x80,0x00,0x05,0x00,
0x32,0x00,0x00,0x00,0x8b,0x4b,0x00,0x00,0x4b,0x4b,0x00,0x00,0x55,0x4b,0x00,0x00,
0x51,0x00,0x05,0x00,0x1a,0x00,0x00,0x00,0x90,0x4b,0x00,0x00,0x8b,0x4b,0x00,0x00,
0x00,0x00,0x00,0x00,0x0c,0x00,0x07,0x00,0x1a,0x00,0x00,0x00,0xa1,0x4b,0x00,0x00,
0x01,0x00,0x00,0x00,0x27,0x00,0x00,0x00,0x90,0x4b,0x00,0x00,0xc1,0x0b,0x00,0x00,
0x0c,0x00,0x07,0x00,0x1a,0x00,0x00,0x00,0xa6,0x4b,0x00,0x00,0x01,0x00,0x00,0x00,
0x2a,0x00,0x00,0x00,0x4c,0x01,0x00,0x00,0xa1,0x4b,0x00,0x00,0x51,0x00,0x05,0x00,
0x1a,0x00,0x00,0x00,0x98,0x4b,0x00,0x00,0x8b,0x4b,0x00,0x00,0x01,0x00,0x00,0x00,
0x0c,0x00,0x07,0x00,0x1a,0x00,0x00,0x00,0xab,0x4b,0x00,0x00,0x01,0x00,0x00,0x00,
0x27,0x00,0x00,0x00,0x98,0x4b,0x00,0x00,0xc9,0x0b,0x00,0x00,0x0c,0x00,0x07,0x00,
0x1a,0x00,0x00,0x00,0xb0,0x4b,0x00,0x00,0x01,0x00,0x00,0x00,0x2a,0x00,0x00,0x00,
0x4c,0x01,0x00,0x00,0xab,0x4b,0x00,0x00,0x50,0x00,0x05,0x00,0x32,0x00,0x00,0x00,
0xe1,0x77,0x00,0x00,0xa6,0x4b,0x00,0x00,0xb0,0x4b,0x00,0x00,0x3d,0x00,0x04,0x00,
0xb9,0x01,0x00,0x00,0xb3,0x4b,0x00,0x00,0xbb,0x01,0x00,0x00,0x5f,0x00,0x07,0x00,
0x9f,0x00,0x00,0x00,0xb5,0x4b,0x00,0x00,0xb3,0x4b,0x00,0x00,0xe1,0x77,0x00,0x00,
0x02,0x00,0x00,0x00,0x4c,0x01,0x00,0x00,0x51,0x00,0x05,0x00,0x13,0x00,0x00,0x00,
0xb6,0x4b,0x00,0x00,0xb5,0x4b,0x00,0x00,0x00,0x00,0x00,0x00,0x3d,0x00,0x04,0x00,
0xb9,0x01,0x00,0x00,0xba,0x4b,0x00,0x00,0xd2,0x01,0x00,0x00,0x5f,0x00,0x07,0x00,
0x9f,0x00,0x00,0x00,0xbb,0x4b,0x00,0x00,0xba,0x4b,0x00,0x00,0xd4,0x01,0x00,0x00,
0x02,0x00,0x00,0x00,0x4c,0x01,0x00,0x00,0x51,0x00,0x05,0x00,0x13,0x00,0x00,0x00,
0xbc,0x4b,0x00,0x00,0xbb,0x4b,0x00,0x00,0x00,0x00,0x00,0x00,0xb4,0x00,0x05,0x00,
0x6e,0x00,0x00,0x00,0xbe,0x4b,0x00,0x00,0xbc,0x4b,0x00,0x00,0xd8,0x01,0x00,0x00,
0xf9,0x00,0x02,0x00,0xc0,0x4b,0x00,0x00,0xf8,0x00,0x02,0x00,0xc0,0x4b,0x00,0x00,
0xa9,0x00,0x06,0x00,0x13,0x00,0x00,0x00,0x3a,0x7c,0x00,0x00,0xbe,0x4b,0x00,0x00,
0xdc,0x01,0x00,0x00,0xbc,0x4b,0x00,0x00,0x85,0x00,0x05,0x00,0x13,0x00,0x00,0x00,
0x5b,0x4b,0x00,0x00,0xb6,0x4b,0x00,0x00,0x3a,0x7c,0x00,0x00,0x41,0x00,0x05,0x00,
0x14,0x00,0x00,0x00,0xd4,0x64,0x00,0x00,0xd3,0x64,0x00,0x00,0x3a,0x79,0x00,0x00,
0x3e,0x00,0x03,0x00,0xd4,0x64,0x00,0x00,0x5b,0x4b,0x00,0x00,0x3d,0x00,0x04,0x00,
0x13,0x00,0x00,0x00,0x60,0x4b,0x00,0x00,0xd4,0x64,0x00,0x00,0x0c,0x00,0x07,0x00,
0x13,0x00,0x00,0x00,0xc6,0x4b,0x00,0x00,0x01,0x00,0x00,0x00,0x1a,0x00,0x00,0x00,
0x60,0x4b,0x00,0x00,0xdc,0x01,0x00,0x00,0x3e,0x00,0x03,0x00,0xd4,0x64,0x00,0x00,
0xc6,0x4b,0x00,0x00,0x3d,0x00,0x04,0x00,0x13,0x00,0x00,0x00,0x66,0x4b,0x00,0x00,
0xd4,0x64,0x00,0x00,0x0c,0x00,0x07,0x00,0x13,0x00,0x00,0x00,0xcb,0x4b,0x00,0x00,
0x01,0x00,0x00,0x00,0x28,0x00,0x00,0x00,0x66,0x4b,0x00,0x00,0x8d,0x03,0x00,0x00,
0x3e,0x00,0x03,0x00,0xd4,0x64,0x00,0x00,0xcb,0x4b,0x00,0x00,0xf9,0x00,0x02,0x00,
0x69,0x4b,0x00,0x00,0xf8,0x00,0x02,0x00,0x69,0x4b,0x00,0x00,0x80,0x00,0x05,0x00,
0x1a,0x00,0x00,0x00,0x6b,0x4b,0x00,0x00,0x3a,0x79,0x00,0x00,0x91,0x01,0x00,0x00,
0xf9,0x00,0x02,0x00,0x4c,0x4b,0x00,0x00,0xf8,0x00,0x02,0x00,0x6c,0x4b,0x00,0x00,
0x3d,0x00,0x04,0x00,0x82,0x00,0x00,0x00,0xd9,0x64,0x00,0x00,0xd3,0x64,0x00,0x00,
0x3e,0x00,0x03,0x00,0xd5,0x4b,0x00,0x00,0xdf,0x03,0x00,0x00,0x81,0x00,0x05,0x00,
0x38,0x00,0x00,0x00,0xe3,0x4b,0x00,0x00,0xc3,0x4a,0x00,0x00,0xba,0x0c,0x00,0x00,
0x81,0x00,0x05,0x00,0x38,0x00,0x00,0x00,0xe6,0x4b,0x00,0x00,0xe3,0x4b,0x00,0x00,
0x11,0x4b,0x00,0x00,0x51,0x00,0x05,0x00,0x13,0x00,0x00,0x00,0x23,0x4c,0x00,0x00,
0xe6,0x4b,0x00,0x00,0x00,0x00,0x00,0x00,0xbe,0x00,0x05,0x00,0x6e,0x00,0x00,0x00,
0x24,0x4c,0x00,0x00,0x23,0x4c,0x00,0x00,0xd8,0x01,0x00,0x00,0xf7,0x00,0x03,0x00,
0x29,0x4c,0x00,0x00,0x00,0x00,0x00,0x00,0xfa,0x00,0x04,0x00,0x24,0x4c,0x00,0x00,
0x25,0x4c,0x00,0x00,0x29,0x4c,0x00,0x00,0xf8,0x00,0x02,0x00,0x25,0x4c,0x00,0x00,
0xbc,0x00,0x05,0x00,0x6e,0x00,0x00,0x00,0x28,0x4c,0x00,0x00,0x23,0x4c,0x00,0x00,
0xdc,0x01,0x00,0x00,0xf9,0x00,0x02,0x00,0x29,0x4c,0x00,0x00,0xf8,0x00,0x02,0x00,
0x29,0x4c,0x00,0x00,0xf5,0x00,0x07,0x00,0x6e,0x00,0x00,0x00,0x2a,0x4c,0x00,0x00,
0x24,0x4c,0x00,0x00,0x6c,0x4b,0x00,0x00,0x28,0x4c,0x00,0x00,0x25,0x4c,0x00,0x00,
0xf7,0x00,0x03,0x00,0x35,0x4c,0x00,0x00,0x00,0x00,0x00,0x00,0xfa,0x00,0x04,0x00,
0x2a,0x4c,0x00,0x00,0x2b,0x4c,0x00,0x00,0x35,0x4c,0x00,0x00,0xf8,0x00,0x02,0x00,
0x2b,0x4c,0x00,0x00,0x51,0x00,0x05,0x00,0x13,0x00,0x00,0x00,0x2d,0x4c,0x00,0x00,
0xe6,0x4b,0x00,0x00,0x01,0x00,0x00,0x00,0xbe,0x00,0x05,0x00,0x6e,0x00,0x00,0x00,
0x2e,0x4c,0x00,0x00,0x2d,0x4c,0x00,0x00,0xd8,0x01,0x00,0x00,0xf7,0x00,0x03,0x00,
0x33,0x4c,0x00,0x00,0x00,0x00,0x00,0x00,0xfa,0x00,0x04,0x00,0x2e,0x4c,0x00,0x00,
0x2f,0x4c,0x00,0x00,0x33,0x4c,0x00,0x00,0xf8,0x00,0x02,0x00,0x2f,0x4c,0x00,0x00,
0xbc,0x00,0x05,0x00,0x6e,0x00,0x00,0x00,0x32,0x4c,0x00,0x00,0x2d,0x4c,0x00,0x00,
0xdc,0x01,0x00,0x00,0xf9,0x00,0x02,0x00,0x33,0x4c,0x00,0x00,0xf8,0x00,0x02,0x00,
0x33,0x4c,0x00,0x00,0xf5,0x00,0x07,0x00,0x6e,0x00,0x00,0x00,0x34,0x4c,0x00,0x00,
0x2e,0x4c,0x00,0x00,0x2b,0x4c,0x00,0x00,0x32,0x4c,0x00,0x00,0x2f,0x4c,0x00,0x00,
0xf9,0x00,0x02,0x00,0x35,0x4c,0x00,0x00,0xf8,0x00,0x02,0x00,0x35,0x4c,0x00,0x00,
0xf5,0x00,0x07,0x00,0x6e,0x00,0x00,0x00,0x36,0x4c,0x00,0x00,0x2a,0x4c,0x00,0x00,
0x29,0x4c,0x00,0x00,0x34,0x4c,0x00,0x00,0x33,0x4c,0x00,0x00,0xf7,0x00,0x03,0x00,
0x16,0x4c,0x00,0x00,0x00,0x00,0x00,0x00,0xfa,0x00,0x04,0x00,0x36,0x4c,0x00,0x00,
0xec,0x4b,0x00,0x00,0x16,0x4c,0x00,0x00,0xf8,0x00,0x02,0x00,0xec,0x4b,0x00,0x00,
0x85,0x00,0x05,0x00,0x38,0x00,0x00,0x00,0xf0,0x4b,0x00,0x00,0xe6,0x4b,0x00,0x00,
0xb9,0x0c,0x00,0x00,0x0c,0x00,0x06,0x00,0x38,0x00,0x00,0x00,0xf1,0x4b,0x00,0x00,
0x01,0x00,0x00,0x00,0x08,0x00,0x00,0x00,0xf0,0x4b,0x00,0x00,0x6e,0x00,0x04,0x00,
0x32,0x00,0x00,0x00,0xf2,0x4b,0x00,0x00,0xf1,0x4b,0x00,0x00,0xf9,0x00,0x02,0x00,
0xf3,0x4b,0x00,0x00,0xf8,0x00,0x02,0x00,0xf3,0x4b,0x00,0x00,0xf5,0x00,0x07,0x00,
0x1a,0x00,0x00,0x00,0x3b,0x79,0x00,0x00,0x4c,0x01,0x00,0x00,0xec,0x4b,0x00,0x00,
0x14,0x4c,0x00,0x00,0x12,0x4c,0x00,0x00,0xb1,0x00,0x05,0x00,0x6e,0x00,0x00,0x00,
0xf6,0x4b,0x00,0x00,0x3b,0x79,0x00,0x00,0x7d,0x03,0x00,0x00,0xf6,0x00,0x04,0x00,
0x15,0x4c,0x00,0x00,0x12,0x4c,0x00,0x00,0x00,0x00,0x00,0x00,0xfa,0x00,0x04,0x00,
0xf6,0x4b,0x00,0x00,0xf7,0x4b,0x00,0x00,0x15,0x4c,0x00,0x00,0xf8,0x00,0x02,0x00,
0xf7,0x4b,0x00,0x00,0x41,0x00,0x05,0x00,0x49,0x00,0x00,0x00,0xfb,0x4b,0x00,0x00,
0xd5,0x4b,0x00,0x00,0x3b,0x79,0x00,0x00,0x3d,0x00,0x04,0x00,0x32,0x00,0x00,0x00,
0xfc,0x4b,0x00,0x00,0xfb,0x4b,0x00,0x00,0x80,0x00,0x05,0x00,0x32,0x00,0x00,0x00,
0x4c,0x4c,0x00,0x00,0xf2,0x4b,0x00,0x00,0xfc,0x4b,0x00,0x00,0x51,0x00,0x05,0x00,
0x1a,0x00,0x00,0x00,0x4e,0x4c,0x00,0x00,0xf7,0x0c,0x00,0x00,0x00,0x00,0x00,0x00,
0x82,0x00,0x05,0x00,0x1a,0x00,0x00,0x00,0x4f,0x4c,0x00,0x00,0x4e,0x4c,0x00,0x00,
0x91,0x01,0x00,0x00,0x51,0x00,0x05,0x00,0x1a,0x00,0x00,0x00,0x51,0x4c,0x00,0x00,
0x4c,0x4c,0x00,0x00,0x00,0x00,0x00,0x00,0x0c,0x00,0x07,0x00,0x1a,0x00,0x00,0x00,
0x62,0x4c,0x00,0x00,0x01,0x00,0x00,0x00,0x27,0x00,0x00,0x00,0x51,0x4c,0x00,0x00,
0x4f,0x4c,0x00,0x00,0x0c,0x00,0x07,0x00,0x1a,0x00,0x00,0x00,0x67,0x4c,0x00,0x00,
0x01,0x00,0x00,0x00,0x2a,0x00,0x00,0x00,0x4c,0x01,0x00,0x00,0x62,0x4c,0x00,0x00,
0x51,0x00,0x05,0x00,0x1a,0x00,0x00,0x00,0x56,0x4c,0x00,0x00,0xf7,0x0c,0x00,0x00,
0x01,0x00,0x00,0x00,0x82,0x00,0x05,0x00,0x1a,0x00,0x00,0x00,0x57,0x4c,0x00,0x00,
0x56,0x4c,0x00,0x00,0x91,0x01,0x00,0x00,0x51,0x00,0x05,0x00,0x1a,0x00,0x00,0x00,
0x59,0x4c,0x00,0x00,0x4c,0x4c,0x00,0x00,0x01,0x00,0x00,0x00,0x0c,0x00,0x07,0x00,
0x1a,0x00,0x00,0x00,0x6c,0x4c,0x00,0x00,0x01,0x00,0x00,0x00,0x27,0x00,0x00,0x00,
0x59,0x4c,0x00,0x00,0x57,0x4c,0x00,0x00,0x0c,0x00,0x07,0x00,0x1a,0x00,0x00,0x00,
0x71,0x4c,0x00,0x00,0x01,0x00,0x00,0x00,0x2a,0x00,0x00,0x00,0x4c,0x01,0x00,0x00,
0x6c,0x4c,0x00,0x00,0x50,0x00,0x05,0x00,0x32,0x00,0x00,0x00,0xe0,0x77,0x00,0x00,
0x67,0x4c,0x00,0x00,0x71,0x4c,0x00,0x00,0x3d,0x00,0x04,0x00,0xb9,0x01,0x00,0x00,
0x74,0x4c,0x00,0x00,0xc3,0x01,0x00,0x00,0x5f,0x00,0x07,0x00,0x9f,0x00,0x00,0x00,
0x76,0x4c,0x00,0x00,0x74,0x4c,0x00,0x00,0xe0,0x77,0x00,0x00,0x02,0x00,0x00,0x00,
0x4c,0x01,0x00,0x00,0x51,0x00,0x05,0x00,0x13,0x00,0x00,0x00,0x77,0x4c,0x00,0x00,
0x76,0x4c,0x00,0x00,0x00,0x00,0x00,0x00,0x41,0x00,0x05,0x00,0xa2,0x01,0x00,0x00,
0x7a,0x4c,0x00,0x00,0x8b,0x01,0x00,0x00,0xa1,0x01,0x00,0x00,0x3d,0x00,0x04,0x00,
0x13,0x00,0x00,0x00,0x7b,0x4c,0x00,0x00,0x7a,0x4c,0x00,0x00,0x85,0x00,0x05,0x00,
0x13,0x00,0x00,0x00,0x02,0x4c,0x00,0x00,0x77,0x4c,0x00,0x00,0x7b,0x4c,0x00,0x00,
0x3d,0x00,0x04,0x00,0xb9,0x01,0x00,0x00,0x7f,0x4c,0x00,0x00,0xd2,0x01,0x00,0x00,
0x5f,0x00,0x07,0x00,0x9f,0x00,0x00,0x00,0x80,0x4c,0x00,0x00,0x7f,0x4c,0x00,0x00,
0xd4,0x01,0x00,0x00,0x02,0x00,0x00,0x00,0x4c,0x01,0x00,0x00,0x51,0x00,0x05,0x00,
0x13,0x00,0x00,0x00,0x81,0x4c,0x00,0x00,0x80,0x4c,0x00,0x00,0x00,0x00,0x00,0x00,
0xb4,0x00,0x05,0x00,0x6e,0x00,0x00,0x00,0x83,0x4c,0x00,0x00,0x81,0x4c,0x00,0x00,
0xd8,0x01,0x00,0x00,0xf9,0x00,0x02,0x00,0x85,0x4c,0x00,0x00,0xf8,0x00,0x02,0x00,
0x85,0x4c,0x00,0x00,0xa9,0x00,0x06,0x00,0x13,0x00,0x00,0x00,0x3b,0x7c,0x00,0x00,
0x83,0x4c,0x00,0x00,0xdc,0x01,0x00,0x00,0x81,0x4c,0x00,0x00,0x85,0x00,0x05,0x00,
0x13,0x00,0x00,0x00,0x04,0x4c,0x00,0x00,0x02,0x4c,0x00,0x00,0x3b,0x7c,0x00,0x00,
0x41,0x00,0x05,0x00,0x14,0x00,0x00,0x00,0xe6,0x6e,0x00,0x00,0xe5,0x6e,0x00,0x00,
0x3b,0x79,0x00,0x00,0x3e,0x00,0x03,0x00,0xe6,0x6e,0x00,0x00,0x04,0x4c,0x00,0x00,
0x3d,0x00,0x04,0x00,0x13,0x00,0x00,0x00,0x09,0x4c,0x00,0x00,0xe6,0x6e,0x00,0x00,
0x0c,0x00,0x07,0x00,0x13,0x00,0x00,0x00,0x8b,0x4c,0x00,0x00,0x01,0x00,0x00,0x00,
0x1a,0x00,0x00,0x00,0x09,0x4c,0x00,0x00,0xdc,0x01,0x00,0x00,0x3e,0x00,0x03,0x00,
0xe6,0x6e,0x00,0x00,0x8b,0x4c,0x00,0x00,0x3d,0x00,0x04,0x00,0x13,0x00,0x00,0x00,
0x0f,0x4c,0x00,0x00,0xe6,0x6e,0x00,0x00,0x0c,0x00,0x07,0x00,0x13,0x00,0x00,0x00,
0x90,0x4c,0x00,0x00,0x01,0x00,0x00,0x00,0x28,0x00,0x00,0x00,0x0f,0x4c,0x00,0x00,
0x8d,0x03,0x00,0x00,0x3e,0x00,0x03,0x00,0xe6,0x6e,0x00,0x00,0x90,0x4c,0x00,0x00,
0xf9,0x00,0x02,0x00,0x12,0x4c,0x00,0x00,0xf8,0x00,0x02,0x00,0x12,0x4c,0x00,0x00,
0x80,0x00,0x05,0x00,0x1a,0x00,0x00,0x00,0x14,0x4c,0x00,0x00,0x3b,0x79,0x00,0x00,
0x91,0x01,0x00,0x00,0xf9,0x00,0x02,0x00,0xf3,0x4b,0x00,0x00,0xf8,0x00,0x02,0x00,
0x15,0x4c,0x00,0x00,0xf9,0x00,0x02,0x00,0x16,0x4c,0x00,0x00,0xf8,0x00,0x02,0x00,
0x16,0x4c,0x00,0x00,0x3d,0x00,0x04,0x00,0x82,0x00,0x00,0x00,0xeb,0x6e,0x00,0x00,
0xe5,0x6e,0x00,0x00,0xf7,0x00,0x03,0x00,0x2e,0x4b,0x00,0x00,0x00,0x00,0x00,0x00,
0xfa,0x00,0x04,0x00,0x36,0x4c,0x00,0x00,0x28,0x4b,0x00,0x00,0x2e,0x4b,0x00,0x00,
0xf8,0x00,0x02,0x00,0x28,0x4b,0x00,0x00,0x51,0x00,0x05,0x00,0x13,0x00,0x00,0x00,
0xca,0x6e,0x00,0x00,0xd9,0x64,0x00,0x00,0x00,0x00,0x00,0x00,0x51,0x00,0x05,0x00,
0x13,0x00,0x00,0x00,0xcb,0x6e,0x00,0x00,0xd9,0x64,0x00,0x00,0x01,0x00,0x00,0x00,
0x51,0x00,0x05,0x00,0x13,0x00,0x00,0x00,0xcc,0x6e,0x00,0x00,0xd9,0x64,0x00,0x00,
0x02,0x00,0x00,0x00,0x51,0x00,0x05,0x00,0x13,0x00,0x00,0x00,0xcd,0x6e,0x00,0x00,
0xd9,0x64,0x00,0x00,0x03,0x00,0x00,0x00,0x51,0x00,0x05,0x00,0x13,0x00,0x00,0x00,
0xce,0x6e,0x00,0x00,0xd9,0x64,0x00,0x00,0x04,0x00,0x00,0x00,0x0c,0x00,0x07,0x00,
0x13,0x00,0x00,0x00,0x98,0x4d,0x00,0x00,0x01,0x00,0x00,0x00,0x25,0x00,0x00,0x00,
0xca,0x6e,0x00,0x00,0xcd,0x6e,0x00,0x00,0x0c,0x00,0x07,0x00,0x13,0x00,0x00,0x00,
0x9d,0x4d,0x00,0x00,0x01,0x00,0x00,0x00,0x28,0x00,0x00,0x00,0xca,0x6e,0x00,0x00,
0xcd,0x6e,0x00,0x00,0x0c,0x00,0x07,0x00,0x13,0x00,0x00,0x00,0xa2,0x4d,0x00,0x00,
0x01,0x00,0x00,0x00,0x25,0x00,0x00,0x00,0xcb,0x6e,0x00,0x00,0xce,0x6e,0x00,0x00,
0x0c,0x00,0x07,0x00,0x13,0x00,0x00,0x00,0xa7,0x4d,0x00,0x00,0x01,0x00,0x00,0x00,
0x28,0x00,0x00,0x00,0xcb,0x6e,0x00,0x00,0xce,0x6e,0x00,0x00,0x0c,0x00,0x07,0x00,
0x13,0x00,0x00,0x00,0xac,0x4d,0x00,0x00,0x01,0x00,0x00,0x00,0x25,0x00,0x00,0x00,
0x98,0x4d,0x00,0x00,0xcc,0x6e,0x00,0x00,0x0c,0x00,0x07,0x00,0x13,0x00,0x00,0x00,
0xb1,0x4d,0x00,0x00,0x01,0x00,0x00,0x00,0x28,0x00,0x00,0x00,0x98,0x4d,0x00,0x00,
0xcc,0x6e,0x00,0x00,0x0c,0x00,0x07,0x00,0x13,0x00,0x00,0x00,0xb6,0x4d,0x00,0x00,
0x01,0x00,0x00,0x00,0x25,0x00,0x00,0x00,0xa2,0x4d,0x00,0x00,0x9d,0x4d,0x00,0x00,
0x0c,0x00,0x07,0x00,0x13,0x00,0x00,0x00,0xbb,0x4d,0x00,0x00,0x01,0x00,0x00,0x00,
0x28,0x00,0x00,0x00,0xa2,0x4d,0x00,0x00,0x9d,0x4d,0x00,0x00,0x0c,0x00,0x07,0x00,
0x13,0x00,0x00,0x00,0xc0,0x4d,0x00,0x00,0x01,0x00,0x00,0x00,0x25,0x00,0x00,0x00,
0xac,0x4d,0x00,0x00,0xb6,0x4d,0x00,0x00,0x0c,0x00,0x07,0x00,0x13,0x00,0x00,0x00,
0xc5,0x4d,0x00,0x00,0x01,0x00,0x00,0x00,0x28,0x00,0x00,0x00,0xac,0x4d,0x00,0x00,
0xb6,0x4d,0x00,0x00,0x0c,0x00,0x07,0x00,0x13,0x00,0x00,0x00,0xca,0x4d,0x00,0x00,
0x01,0x00,0x00,0x00,0x25,0x00,0x00,0x00,0xb1,0x4d,0x00,0x00,0xa7,0x4d,0x00,0x00,
0x0c,0x00,0x07,0x00,0x13,0x00,0x00,0x00,0xcf,0x4d,0x00,0x00,0x01,0x00,0x00,0x00,
0x28,0x00,0x00,0x00,0xb1,0x4d,0x00,0x00,0xa7,0x4d,0x00,0x00,0x0c,0x00,0x07,0x00,
0x13,0x00,0x00,0x00,0xd4,0x4d,0x00,0x00,0x01,0x00,0x00,0x00,0x25,0x00,0x00,0x00,
0xc5,0x4d,0x00,0x00,0xca,0x4d,0x00,0x00,0x0c,0x00,0x07,0x00,0x13,0x00,0x00,0x00,
0xd9,0x4d,0x00,0x00,0x01,0x00,0x00,0x00,0x28,0x00,0x00,0x00,0xc5,0x4d,0x00,0x00,
0xca,0x4d,0x00,0x00,0x0c,0x00,0x07,0x00,0x13,0x00,0x00,0x00,0xde,0x4d,0x00,0x00,
0x01,0x00,0x00,0x00,0x25,0x00,0x00,0x00,0xbb,0x4d,0x00,0x00,0xcf,0x4d,0x00,0x00,
0x0c,0x00,0x07,0x00,0x13,0x00,0x00,0x00,0xe3,0x4d,0x00,0x00,0x01,0x00,0x00,0x00,
0x28,0x00,0x00,0x00,0xbb,0x4d,0x00,0x00,0xcf,0x4d,0x00,0x00,0x0c,0x00,0x07,0x00,
0x13,0x00,0x00,0x00,0xe8,0x4d,0x00,0x00,0x01,0x00,0x00,0x00,0x25,0x00,0x00,0x00,
0xd9,0x4d,0x00,0x00,0xde,0x4d,0x00,0x00,0x0c,0x00,0x07,0x00,0x13,0x00,0x00,0x00,
0xed,0x4d,0x00,0x00,0x01,0x00,0x00,0x00,0x28,0x00,0x00,0x00,0xd9,0x4d,0x00,0x00,
0xde,0x4d,0x00,0x00,0x50,0x00,0x08,0x00,0x82,0x00,0x00,0x00,0xd4,0x6e,0x00,0x00,
0xc0,0x4d,0x00,0x00,0xd4,0x4d,0x00,0x00,0xe8,0x4d,0x00,0x00,0xed,0x4d,0x00,0x00,
0xe3,0x4d,0x00,0x00,0x3e,0x00,0x03,0x00,0xe7,0x64,0x00,0x00,0xd4,0x6e,0x00,0x00,
0x51,0x00,0x05,0x00,0x13,0x00,0x00,0x00,0xda,0x6e,0x00,0x00,0xeb,0x6e,0x00,0x00,
0x00,0x00,0x00,0x00,0x51,0x00,0x05,0x00,0x13,0x00,0x00,0x00,0xdb,0x6e,0x00,0x00,
0xeb,0x6e,0x00,0x00,0x01,0x00,0x00,0x00,0x51,0x00,0x05,0x00,0x13,0x00,0x00,0x00,
0xdc,0x6e,0x00,0x00,0xeb,0x6e,0x00,0x00,0x02,0x00,0x00,0x00,0x51,0x00,0x05,0x00,
0x13,0x00,0x00,0x00,0xdd,0x6e,0x00,0x00,0xeb,0x6e,0x00,0x00,0x03,0x00,0x00,0x00,
0x51,0x00,0x05,0x00,0x13,0x00,0x00,0x00,0xde,0x6e,0x00,0x00,0xeb,0x6e,0x00,0x00,
0x04,0x00,0x00,0x00,0x0c,0x00,0x07,0x00,0x13,0x00,0x00,0x00,0x95,0x4e,0x00,0x00,
0x01,0x00,0x00,0x00,0x25,0x00,0x00,0x00,0xda,0x6e,0x00,0x00,0xdd,0x6e,0x00,0x00,
0x0c,0x00,0x07,0x00,0x13,0x00,0x00,0x00,0x9a,0x4e,0x00,0x00,0x01,0x00,0x00,0x00,
0x28,0x00,0x00,0x00,0xda,0x6e,0x00,0x00,0xdd,0x6e,0x00,0x00,0x0c,0x00,0x07,0x00,
0x13,0x00,0x00,0x00,0x9f,0x4e,0x00,0x00,0x01,0x00,0x00,0x00,0x25,0x00,0x00,0x00,
0xdb,0x6e,0x00,0x00,0xde,0x6e,0x00,0x00,0x0c,0x00,0x07,0x00,0x13,0x00,0x00,0x00,
0xa4,0x4e,0x00,0x00,0x01,0x00,0x00,0x00,0x28,0x00,0x00,0x00,0xdb,0x6e,0x00,0x00,
0xde,0x6e,0x00,0x00,0x0c,0x00,0x07,0x00,0x13,0x00,0x00,0x00,0xa9,0x4e,0x00,0x00,
0x01,0x00,0x00,0x00,0x25,0x00,0x00,0x00,0x95,0x4e,0x00,0x00,0xdc,0x6e,0x00,0x00,
0x0c,0x00,0x07,0x00,0x13,0x00,0x00,0x00,0xae,0x4e,0x00,0x00,0x01,0x00,0x00,0x00,
0x28,0x00,0x00,0x00,0x95,0x4e,0x00,0x00,0xdc,0x6e,0x00,0x00,0x0c,0x00,0x07,0x00,
0x13,0x00,0x00,0x00,0xb3,0x4e,0x00,0x00,0x01,0x00,0x00,0x00,0x25,0x00,0x00,0x00,
0x9f,0x4e,0x00,0x00,0x9a,0x4e,0x00,0x00,0x0c,0x00,0x07,0x00,0x13,0x00,0x00,0x00,
0xb8,0x4e,0x00,0x00,0x01,0x00,0x00,0x00,0x28,0x00,0x00,0x00,0x9f,0x4e,0x00,0x00,
0x9a,0x4e,0x00,0x00,0x0c,0x00,0x07,0x00,0x13,0x00,0x00,0x00,0xbd,0x4e,0x00,0x00,
0x01,0x00,0x00,0x00,0x25,0x00,0x00,0x00,0xa9,0x4e,0x00,0x00,0xb3,0x4e,0x00,0x00,
0x0c,0x00,0x07,0x00,0x13,0x00,0x00,0x00,0xc2,0x4e,0x00,0x00,0x01,0x00,0x00,0x00,
0x28,0x00,0x00,0x00,0xa9,0x4e,0x00,0x00,0xb3,0x4e,0x00,0x00,0x0c,0x00,0x07,0x00,
0x13,0x00,0x00,0x00,0xc7,0x4e,0x00,0x00,0x01,0x00,0x00,0x00,0x25,0x00,0x00,0x00,
0xae,0x4e,0x00,0x00,0xa4,0x4e,0x00,0x00,0x0c,0x00,0x07,0x00,0x13,0x00,0x00,0x00,
0xcc,0x4e,0x00,0x00,0x01,0x00,0x00,0x00,0x28,0x00,0x00,0x00,0xae,0x4e,0x00,0x00,
0xa4,0x4e,0x00,0x00,0x0c,0x00,0x07,0x00,0x13,0x00,0x00,0x00,0xd1,0x4e,0x00,0x00,
0x01,0x00,0x00,0x00,0x25,0x00,0x00,0x00,0xc2,0x4e,0x00,0x00,0xc7,0x4e,0x00,0x00,
0x0c,0x00,0x07,0x00,0x13,0x00,0x00,0x00,0xd6,0x4e,0x00,0x00,0x01,0x00,0x00,0x00,
0x28,0x00,0x00,0x00,0xc2,0x4e,0x00,0x00,0xc7,0x4e,0x00,0x00,0x0c,0x00,0x07,0x00,
0x13,0x00,0x00,0x00,0xdb,0x4e,0x00,0x00,0x01,0x00,0x00,0x00,0x25,0x00,0x00,0x00,
0xb8,0x4e,0x00,0x00,0xcc,0x4e,0x00,0x00,0x0c,0x00,0x07,0x00,0x13,0x00,0x00,0x00,
0xe0,0x4e,0x00,0x00,0x01,0x00,0x00,0x00,0x28,0x00,0x00,0x00,0xb8,0x4e,0x00,0x00,
0xcc,0x4e,0x00,0x00,0x0c,0x00,0x07,0x00,0x13,0x00,0x00,0x00,0xe5,0x4e,0x00,0x00,
0x01,0x00,0x00,0x00,0x25,0x00,0x00,0x00,0xd6,0x4e,0x00,0x00,0xdb,0x4e,0x00,0x00,
0x0c,0x00,0x07,0x00,0x13,0x00,0x00,0x00,0xea,0x4e,0x00,0x00,0x01,0x00,0x00,0x00,
0x28,0x00,0x00,0x00,0xd6,0x4e,0x00,0x00,0xdb,0x4e,0x00,0x00,0x50,0x00,0x08,0x00,
0x82,0x00,0x00,0x00,0xe4,0x6e,0x00,0x00,0xbd,0x4e,0x00,0x00,0xd1,0x4e,0x00,0x00,
0xe5,0x4e,0x00,0x00,0xea,0x4e,0x00,0x00,0xe0,0x4e,0x00,0x00,0x3e,0x00,0x03,0x00,
0xf1,0x64,0x00,0x00,0xe4,0x6e,0x00,0x00,0x41,0x00,0x05,0x00,0x14,0x00,0x00,0x00,
0xec,0x64,0x00,0x00,0xe7,0x64,0x00,0x00,0xcd,0x02,0x00,0x00,0x3d,0x00,0x04,0x00,
0x13,0x00,0x00,0x00,0xa4,0x4c,0x00,0x00,0xec,0x64,0x00,0x00,0x41,0x00,0x05,0x00,
0x14,0x00,0x00,0x00,0xf6,0x64,0x00,0x00,0xf1,0x64,0x00,0x00,0xcd,0x02,0x00,0x00,
0x3d,0x00,0x04,0x00,0x13,0x00,0x00,0x00,0xa6,0x4c,0x00,0x00,0xf6,0x64,0x00,0x00,
0x0c,0x00,0x07,0x00,0x13,0x00,0x00,0x00,0xef,0x4e,0x00,0x00,0x01,0x00,0x00,0x00,
0x25,0x00,0x00,0x00,0xa4,0x4c,0x00,0x00,0xa6,0x4c,0x00,0x00,0xba,0x00,0x05,0x00,
0x6e,0x00,0x00,0x00,0xa9,0x4c,0x00,0x00,0xef,0x4e,0x00,0x00,0x72,0x03,0x00,0x00,
0xf7,0x00,0x03,0x00,0xeb,0x4c,0x00,0x00,0x00,0x00,0x00,0x00,0xfa,0x00,0x04,0x00,
0xa9,0x4c,0x00,0x00,0xaa,0x4c,0x00,0x00,0xeb,0x4c,0x00,0x00,0xf8,0x00,0x02,0x00,
0xaa,0x4c,0x00,0x00,0xf9,0x00,0x02,0x00,0xab,0x4c,0x00,0x00,0xf8,0x00,0x02,0x00,
0xab,0x4c,0x00,0x00,0xf5,0x00,0x07,0x00,0x1a,0x00,0x00,0x00,0x7b,0x7a,0x00,0x00,
0x4c,0x01,0x00,0x00,0xaa,0x4c,0x00,0x00,0x01,0x7c,0x00,0x00,0xe7,0x4c,0x00,0x00,
0xf5,0x00,0x07,0x00,0x1a,0x00,0x00,0x00,0x7a,0x7a,0x00,0x00,0x4c,0x01,0x00,0x00,
0xaa,0x4c,0x00,0x00,0x00,0x7c,0x00,0x00,0xe7,0x4c,0x00,0x00,0xf5,0x00,0x07,0x00,
0x13,0x00,0x00,0x00,0x3d,0x79,0x00,0x00,0x5e,0x03,0x00,0x00,0xaa,0x4c,0x00,0x00,
0x88,0x7b,0x00,0x00,0xe7,0x4c,0x00,0x00,0xf5,0x00,0x07,0x00,0x1a,0x00,0x00,0x00,
0x3c,0x79,0x00,0x00,0x4c,0x01,0x00,0x00,0xaa,0x4c,0x00,0x00,0xe9,0x4c,0x00,0x00,
0xe7,0x4c,0x00,0x00,0xb1,0x00,0x05,0x00,0x6e,0x00,0x00,0x00,0xae,0x4c,0x00,0x00,
0x3c,0x79,0x00,0x00,0x7d,0x03,0x00,0x00,0xb8,0x00,0x05,0x00,0x6e,0x00,0x00,0x00,
0xb0,0x4c,0x00,0x00,0x3d,0x79,0x00,0x00,0x80,0x03,0x00,0x00,0xa7,0x00,0x05,0x00,
0x6e,0x00,0x00,0x00,0xb1,0x4c,0x00,0x00,0xae,0x4c,0x00,0x00,0xb0,0x4c,0x00,0x00,
0xf6,0x00,0x04,0x00,0xea,0x4c,0x00,0x00,0xe7,0x4c,0x00,0x00,0x00,0x00,0x00,0x00,
0xfa,0x00,0x04,0x00,0xb1,0x4c,0x00,0x00,0xb2,0x4c,0x00,0x00,0xea,0x4c,0x00,0x00,
0xf8,0x00,0x02,0x00,0xb2,0x4c,0x00,0x00,0x41,0x00,0x05,0x00,0x14,0x00,0x00,0x00,
0xed,0x64,0x00,0x00,0xe7,0x64,0x00,0x00,0x7a,0x7a,0x00,0x00,0x3d,0x00,0x04,0x00,
0x13,0x00,0x00,0x00,0xb5,0x4c,0x00,0x00,0xed,0x64,0x00,0x00,0x41,0x00,0x05,0x00,
0x14,0x00,0x00,0x00,0xf7,0x64,0x00,0x00,0xf1,0x64,0x00,0x00,0x7b,0x7a,0x00,0x00,
0x3d,0x00,0x04,0x00,0x13,0x00,0x00,0x00,0xb8,0x4c,0x00,0x00,0xf7,0x64,0x00,0x00,
0x83,0x00,0x05,0x00,0x13,0x00,0x00,0x00,0xb9,0x4c,0x00,0x00,0xb5,0x4c,0x00,0x00,
0xb8,0x4c,0x00,0x00,0x0c,0x00,0x06,0x00,0x13,0x00,0x00,0x00,0xbb,0x4c,0x00,0x00,
0x01,0x00,0x00,0x00,0x04,0x00,0x00,0x00,0xb9,0x4c,0x00,0x00,0xba,0x00,0x05,0x00,
0x6e,0x00,0x00,0x00,0xbc,0x4c,0x00,0x00,0xbb,0x4c,0x00,0x00,0x8d,0x03,0x00,0x00,
0xf7,0x00,0x03,0x00,0xe6,0x4c,0x00,0x00,0x00,0x00,0x00,0x00,0xfa,0x00,0x04,0x00,
0xbc,0x4c,0x00,0x00,0xbd,0x4c,0x00,0x00,0xe5,0x4c,0x00,0x00,0xf8,0x00,0x02,0x00,
0xe5,0x4c,0x00,0x00,0xf9,0x00,0x02,0x00,0xe6,0x4c,0x00,0x00,0xf8,0x00,0x02,0x00,
0xbd,0x4c,0x00,0x00,0x0c,0x00,0x06,0x00,0x13,0x00,0x00,0x00,0xbf,0x4c,0x00,0x00,
0x01,0x00,0x00,0x00,0x06,0x00,0x00,0x00,0xb9,0x4c,0x00,0x00,0x3d,0x00,0x04,0x00,
0x13,0x00,0x00,0x00,0xc2,0x4c,0x00,0x00,0xed,0x64,0x00,0x00,0x3d,0x00,0x04,0x00,
0x13,0x00,0x00,0x00,0xc5,0x4c,0x00,0x00,0xf7,0x64,0x00,0x00,0x0c,0x00,0x07,0x00,
0x13,0x00,0x00,0x00,0x06,0x4f,0x00,0x00,0x01,0x00,0x00,0x00,0x28,0x00,0x00,0x00,
0xc2,0x4c,0x00,0x00,0xc5,0x4c,0x00,0x00,0xb7,0x00,0x05,0x00,0x6e,0x00,0x00,0x00,
0xfa,0x4e,0x00,0x00,0x06,0x4f,0x00,0x00,0xd8,0x01,0x00,0x00,0xf7,0x00,0x03,0x00,
0x00,0x4f,0x00,0x00,0x00,0x00,0x00,0x00,0xfa,0x00,0x04,0x00,0xfa,0x4e,0x00,0x00,
0xfb,0x4e,0x00,0x00,0xff,0x4e,0x00,0x00,0xf8,0x00,0x02,0x00,0xff,0x4e,0x00,0x00,
0xf9,0x00,0x02,0x00,0x00,0x4f,0x00,0x00,0xf8,0x00,0x02,0x00,0xfb,0x4e,0x00,0x00,
0x0c,0x00,0x07,0x00,0x13,0x00,0x00,0x00,0x0b,0x4f,0x00,0x00,0x01,0x00,0x00,0x00,
0x25,0x00,0x00,0x00,0xc2,0x4c,0x00,0x00,0xc5,0x4c,0x00,0x00,0x88,0x00,0x05,0x00,
0x13,0x00,0x00,0x00,0xfe,0x4e,0x00,0x00,0x0b,0x4f,0x00,0x00,0x06,0x4f,0x00,0x00,
0xf9,0x00,0x02,0x00,0x00,0x4f,0x00,0x00,0xf8,0x00,0x02,0x00,0x00,0x4f,0x00,0x00,
0xf5,0x00,0x07,0x00,0x13,0x00,0x00,0x00,0x7c,0x7a,0x00,0x00,0xd8,0x01,0x00,0x00,
0xff,0x4e,0x00,0x00,0xfe,0x4e,0x00,0x00,0xfb,0x4e,0x00,0x00,0x83,0x00,0x05,0x00,
0x13,0x00,0x00,0x00,0xc7,0x4c,0x00,0x00,0xdc,0x01,0x00,0x00,0x7c,0x7a,0x00,0x00,
0x85,0x00,0x05,0x00,0x13,0x00,0x00,0x00,0xc8,0x4c,0x00,0x00,0xbf,0x4c,0x00,0x00,
0xc7,0x4c,0x00,0x00,0x0c,0x00,0x06,0x00,0x13,0x00,0x00,0x00,0xca,0x4c,0x00,0x00,
0x01,0x00,0x00,0x00,0x04,0x00,0x00,0x00,0xc8,0x4c,0x00,0x00,0x0c,0x00,0x06,0x00,
0x13,0x00,0x00,0x00,0xcc,0x4c,0x00,0x00,0x01,0x00,0x00,0x00,0x04,0x00,0x00,0x00,
0x3d,0x79,0x00,0x00,0xb8,0x00,0x05,0x00,0x6e,0x00,0x00,0x00,0xcd,0x4c,0x00,0x00,
0xca,0x4c,0x00,0x00,0xcc,0x4c,0x00,0x00,0xa9,0x00,0x06,0x00,0x13,0x00,0x00,0x00,
0xd0,0x4c,0x00,0x00,0xcd,0x4c,0x00,0x00,0xc8,0x4c,0x00,0x00,0x3d,0x79,0x00,0x00,
0x3d,0x00,0x04,0x00,0x13,0x00,0x00,0x00,0xd3,0x4c,0x00,0x00,0xed,0x64,0x00,0x00,
0x3d,0x00,0x04,0x00,0x13,0x00,0x00,0x00,0xd6,0x4c,0x00,0x00,0xf7,0x64,0x00,0x00,
0xb8,0x00,0x05,0x00,0x6e,0x00,0x00,0x00,0xd7,0x4c,0x00,0x00,0xd3,0x4c,0x00,0x00,
0xd6,0x4c,0x00,0x00,0xa9,0x00,0x06,0x00,0x1a,0x00,0x00,0x00,0xd8,0x4c,0x00,0x00,
0xd7,0x4c,0x00,0x00,0x91,0x01,0x00,0x00,0x4c,0x01,0x00,0x00,0x80,0x00,0x05,0x00,
0x1a,0x00,0x00,0x00,0xda,0x4c,0x00,0x00,0x7a,0x7a,0x00,0x00,0xd8,0x4c,0x00,0x00,
0x41,0x00,0x05,0x00,0x14,0x00,0x00,0x00,0xf0,0x64,0x00,0x00,0xe7,0x64,0x00,0x00,
0xda,0x4c,0x00,0x00,0x3d,0x00,0x04,0x00,0x13,0x00,0x00,0x00,0xdd,0x4c,0x00,0x00,
0xf0,0x64,0x00,0x00,0x3d,0x00,0x04,0x00,0x13,0x00,0x00,0x00,0xe0,0x4c,0x00,0x00,
0xf7,0x64,0x00,0x00,0xbe,0x00,0x05,0x00,0x6e,0x00,0x00,0x00,0xe1,0x4c,0x00,0x00,
0xdd,0x4c,0x00,0x00,0xe0,0x4c,0x00,0x00,0xa9,0x00,0x06,0x00,0x1a,0x00,0x00,0x00,
0xe2,0x4c,0x00,0x00,0xe1,0x4c,0x00,0x00,0x91,0x01,0x00,0x00,0x4c,0x01,0x00,0x00,
0x80,0x00,0x05,0x00,0x1a,0x00,0x00,0x00,0xe4,0x4c,0x00,0x00,0x7b,0x7a,0x00,0x00,
0xe2,0x4c,0x00,0x00,0xf9,0x00,0x02,0x00,0xe6,0x4c,0x00,0x00,0xf8,0x00,0x02,0x00,
0xe6,0x4c,0x00,0x00,0xf5,0x00,0x07,0x00,0x1a,0x00,0x00,0x00,0x01,0x7c,0x00,0x00,
0x7b,0x7a,0x00,0x00,0xe5,0x4c,0x00,0x00,0xe4,0x4c,0x00,0x00,0x00,0x4f,0x00,0x00,
0xf5,0x00,0x07,0x00,0x1a,0x00,0x00,0x00,0x00,0x7c,0x00,0x00,0x7a,0x7a,0x00,0x00,
0xe5,0x4c,0x00,0x00,0xda,0x4c,0x00,0x00,0x00,0x4f,0x00,0x00,0xf5,0x00,0x07,0x00,
0x13,0x00,0x00,0x00,0x88,0x7b,0x00,0x00,0x80,0x03,0x00,0x00,0xe5,0x4c,0x00,0x00,
0xd0,0x4c,0x00,0x00,0x00,0x4f,0x00,0x00,0xf9,0x00,0x02,0x00,0xe7,0x4c,0x00,0x00,
0xf8,0x00,0x02,0x00,0xe7,0x4c,0x00,0x00,0x80,0x00,0x05,0x00,0x1a,0x00,0x00,0x00,
0xe9,0x4c,0x00,0x00,0x3c,0x79,0x00,0x00,0x91,0x01,0x00,0x00,0xf9,0x00,0x02,0x00,
0xab,0x4c,0x00,0x00,0xf8,0x00,0x02,0x00,0xea,0x4c,0x00,0x00,0xf9,0x00,0x02,0x00,
0xeb,0x4c,0x00,0x00,0xf8,0x00,0x02,0x00,0xeb,0x4c,0x00,0x00,0xf5,0x00,0x07,0x00,
0x13,0x00,0x00,0x00,0x3e,0x79,0x00,0x00,0x5e,0x03,0x00,0x00,0x28,0x4b,0x00,0x00,
0x3d,0x79,0x00,0x00,0xea,0x4c,0x00,0x00,0xb8,0x00,0x05,0x00,0x6e,0x00,0x00,0x00,
0xee,0x4c,0x00,0x00,0x3e,0x79,0x00,0x00,0x5e,0x03,0x00,0x00,0xa9,0x00,0x06,0x00,
0x13,0x00,0x00,0x00,0xef,0x4c,0x00,0x00,0xee,0x4c,0x00,0x00,0xdc,0x01,0x00,0x00,
0xd8,0x01,0x00,0x00,0x85,0x00,0x05,0x00,0x13,0x00,0x00,0x00,0xf0,0x4c,0x00,0x00,
0x3e,0x79,0x00,0x00,0xef,0x4c,0x00,0x00,0xf9,0x00,0x02,0x00,0x2e,0x4b,0x00,0x00,
0xf8,0x00,0x02,0x00,0x2e,0x4b,0x00,0x00,0xf5,0x00,0x07,0x00,0x13,0x00,0x00,0x00,
0x3f,0x79,0x00,0x00,0xd8,0x01,0x00,0x00,0x16,0x4c,0x00,0x00,0xf0,0x4c,0x00,0x00,
0xeb,0x4c,0x00,0x00,0x52,0x00,0x06,0x00,0x9f,0x00,0x00,0x00,0x71,0x77,0x00,0x00,
0x3f,0x79,0x00,0x00,0x8e,0x04,0x00,0x00,0x00,0x00,0x00,0x00,0xb7,0x00,0x05,0x00,
0x6e,0x00,0x00,0x00,0xcb,0x4a,0x00,0x00,0x3f,0x79,0x00,0x00,0xd8,0x01,0x00,0x00,
0xf7,0x00,0x03,0x00,0xd0,0x4a,0x00,0x00,0x00,0x00,0x00,0x00,0xfa,0x00,0x04,0x00,
0xcb,0x4a,0x00,0x00,0xcc,0x4a,0x00,0x00,0xcf,0x4a,0x00,0x00,0xf8,0x00,0x02,0x00,
0xcf,0x4a,0x00,0x00,0xf9,0x00,0x02,0x00,0xd0,0x4a,0x00,0x00,0xf8,0x00,0x02,0x00,
0xcc,0x4a,0x00,0x00,0x0c,0x00,0x06,0x00,0x13,0x00,0x00,0x00,0xce,0x4a,0x00,0x00,
0x01,0x00,0x00,0x00,0x06,0x00,0x00,0x00,0x3f,0x79,0x00,0x00,0xf9,0x00,0x02,0x00,
0xd0,0x4a,0x00,0x00,0xf8,0x00,0x02,0x00,0xd0,0x4a,0x00,0x00,0xf5,0x00,0x07,0x00,
0x13,0x00,0x00,0x00,0x46,0x79,0x00,0x00,0xd8,0x01,0x00,0x00,0xcf,0x4a,0x00,0x00,
0xce,0x4a,0x00,0x00,0xcc,0x4a,0x00,0x00,0x52,0x00,0x06,0x00,0x9f,0x00,0x00,0x00,
0x73,0x77,0x00,0x00,0x46,0x79,0x00,0x00,0x71,0x77,0x00,0x00,0x01,0x00,0x00,0x00,
0x52,0x00,0x06,0x00,0x9f,0x00,0x00,0x00,0x75,0x77,0x00,0x00,0xdc,0x01,0x00,0x00,
0x73,0x77,0x00,0x00,0x02,0x00,0x00,0x00,0x7c,0x00,0x04,0x00,0x32,0x00,0x00,0x00,
0xd7,0x41,0x00,0x00,0xb2,0x41,0x00,0x00,0x6f,0x00,0x04,0x00,0x38,0x00,0x00,0x00,
0xd8,0x41,0x00,0x00,0xd7,0x41,0x00,0x00,0x6e,0x00,0x04,0x00,0x32,0x00,0x00,0x00,
0x1c,0x4f,0x00,0x00,0xd8,0x41,0x00,0x00,0x51,0x00,0x05,0x00,0x1a,0x00,0x00,0x00,
0x4f,0x4f,0x00,0x00,0x1c,0x4f,0x00,0x00,0x00,0x00,0x00,0x00,0x0c,0x00,0x07,0x00,
0x1a,0x00,0x00,0x00,0x60,0x4f,0x00,0x00,0x01,0x00,0x00,0x00,0x27,0x00,0x00,0x00,
0x4f,0x4f,0x00,0x00,0xc1,0x0b,0x00,0x00,0x0c,0x00,0x07,0x00,0x1a,0x00,0x00,0x00,
0x65,0x4f,0x00,0x00,0x01,0x00,0x00,0x00,0x2a,0x00,0x00,0x00,0x4c,0x01,0x00,0x00,
0x60,0x4f,0x00,0x00,0x51,0x00,0x05,0x00,0x1a,0x00,0x00,0x00,0x57,0x4f,0x00,0x00,
0x1c,0x4f,0x00,0x00,0x01,0x00,0x00,0x00,0x0c,0x00,0x07,0x00,0x1a,0x00,0x00,0x00,
0x6a,0x4f,0x00,0x00,0x01,0x00,0x00,0x00,0x27,0x00,0x00,0x00,0x57,0x4f,0x00,0x00,
0xc9,0x0b,0x00,0x00,0x0c,0x00,0x07,0x00,0x1a,0x00,0x00,0x00,0x6f,0x4f,0x00,0x00,
0x01,0x00,0x00,0x00,0x2a,0x00,0x00,0x00,0x4c,0x01,0x00,0x00,0x6a,0x4f,0x00,0x00,
0x50,0x00,0x05,0x00,0x32,0x00,0x00,0x00,0xd6,0x77,0x00,0x00,0x65,0x4f,0x00,0x00,
0x6f,0x4f,0x00,0x00,0x3d,0x00,0x04,0x00,0xb9,0x01,0x00,0x00,0x72,0x4f,0x00,0x00,
0xca,0x01,0x00,0x00,0x5f,0x00,0x07,0x00,0x9f,0x00,0x00,0x00,0x74,0x4f,0x00,0x00,
0x72,0x4f,0x00,0x00,0xd6,0x77,0x00,0x00,0x02,0x00,0x00,0x00,0x4c,0x01,0x00,0x00,
0x4f,0x00,0x07,0x00,0x38,0x00,0x00,0x00,0x75,0x4f,0x00,0x00,0x74,0x4f,0x00,0x00,
0x74,0x4f,0x00,0x00,0x00,0x00,0x00,0x00,0x01,0x00,0x00,0x00,0x6f,0x00,0x04,0x00,
0x38,0x00,0x00,0x00,0x22,0x4f,0x00,0x00,0xd6,0x77,0x00,0x00,0x81,0x00,0x05,0x00,
0x38,0x00,0x00,0x00,0x24,0x4f,0x00,0x00,0x22,0x4f,0x00,0x00,0xc7,0x77,0x00,0x00,
0x88,0x00,0x05,0x00,0x38,0x00,0x00,0x00,0x27,0x4f,0x00,0x00,0x24,0x4f,0x00,0x00,
0x9a,0x0b,0x00,0x00,0x3e,0x00,0x03,0x00,0x9a,0x4f,0x00,0x00,0xdf,0x03,0x00,0x00,
0x81,0x00,0x05,0x00,0x38,0x00,0x00,0x00,0xa9,0x4f,0x00,0x00,0x27,0x4f,0x00,0x00,
0x1c,0x0c,0x00,0x00,0x85,0x00,0x05,0x00,0x38,0x00,0x00,0x00,0xad,0x4f,0x00,0x00,
0xa9,0x4f,0x00,0x00,0x9a,0x0b,0x00,0x00,0x0c,0x00,0x06,0x00,0x38,0x00,0x00,0x00,
0xae,0x4f,0x00,0x00,0x01,0x00,0x00,0x00,0x08,0x00,0x00,0x00,0xad,0x4f,0x00,0x00,
0x6e,0x00,0x04,0x00,0x32,0x00,0x00,0x00,0xaf,0x4f,0x00,0x00,0xae,0x4f,0x00,0x00,
0xf9,0x00,0x02,0x00,0xb0,0x4f,0x00,0x00,0xf8,0x00,0x02,0x00,0xb0,0x4f,0x00,0x00,
0xf5,0x00,0x07,0x00,0x1a,0x00,0x00,0x00,0x48,0x79,0x00,0x00,0x4c,0x01,0x00,0x00,
0xd0,0x4a,0x00,0x00,0xcf,0x4f,0x00,0x00,0xcd,0x4f,0x00,0x00,0xb1,0x00,0x05,0x00,
0x6e,0x00,0x00,0x00,0xb3,0x4f,0x00,0x00,0x48,0x79,0x00,0x00,0x7d,0x03,0x00,0x00,
0xf6,0x00,0x04,0x00,0xd0,0x4f,0x00,0x00,0xcd,0x4f,0x00,0x00,0x00,0x00,0x00,0x00,
0xfa,0x00,0x04,0x00,0xb3,0x4f,0x00,0x00,0xb4,0x4f,0x00,0x00,0xd0,0x4f,0x00,0x00,
0xf8,0x00,0x02,0x00,0xb4,0x4f,0x00,0x00,0x41,0x00,0x05,0x00,0x49,0x00,0x00,0x00,
0xb8,0x4f,0x00,0x00,0x9a,0x4f,0x00,0x00,0x48,0x79,0x00,0x00,0x3d,0x00,0x04,0x00,
0x32,0x00,0x00,0x00,0xb9,0x4f,0x00,0x00,0xb8,0x4f,0x00,0x00,0x80,0x00,0x05,0x00,
0x32,0x00,0x00,0x00,0xef,0x4f,0x00,0x00,0xaf,0x4f,0x00,0x00,0xb9,0x4f,0x00,0x00,
0x51,0x00,0x05,0x00,0x1a,0x00,0x00,0x00,0xf4,0x4f,0x00,0x00,0xef,0x4f,0x00,0x00,
0x00,0x00,0x00,0x00,0x0c,0x00,0x07,0x00,0x1a,0x00,0x00,0x00,0x05,0x50,0x00,0x00,
0x01,0x00,0x00,0x00,0x27,0x00,0x00,0x00,0xf4,0x4f,0x00,0x00,0xc1,0x0b,0x00,0x00,
0x0c,0x00,0x07,0x00,0x1a,0x00,0x00,0x00,0x0a,0x50,0x00,0x00,0x01,0x00,0x00,0x00,
0x2a,0x00,0x00,0x00,0x4c,0x01,0x00,0x00,0x05,0x50,0x00,0x00,0x51,0x00,0x05,0x00,
0x1a,0x00,0x00,0x00,0xfc,0x4f,0x00,0x00,0xef,0x4f,0x00,0x00,0x01,0x00,0x00,0x00,
0x0c,0x00,0x07,0x00,0x1a,0x00,0x00,0x00,0x0f,0x50,0x00,0x00,0x01,0x00,0x00,0x00,
0x27,0x00,0x00,0x00,0xfc,0x4f,0x00,0x00,0xc9,0x0b,0x00,0x00,0x0c,0x00,0x07,0x00,
0x1a,0x00,0x00,0x00,0x14,0x50,0x00,0x00,0x01,0x00,0x00,0x00,0x2a,0x00,0x00,0x00,
0x4c,0x01,0x00,0x00,0x0f,0x50,0x00,0x00,0x50,0x00,0x05,0x00,0x32,0x00,0x00,0x00,
0xdf,0x77,0x00,0x00,0x0a,0x50,0x00,0x00,0x14,0x50,0x00,0x00,0x3d,0x00,0x04,0x00,
0xb9,0x01,0x00,0x00,0x17,0x50,0x00,0x00,0xbb,0x01,0x00,0x00,0x5f,0x00,0x07,0x00,
0x9f,0x00,0x00,0x00,0x19,0x50,0x00,0x00,0x17,0x50,0x00,0x00,0xdf,0x77,0x00,0x00,
0x02,0x00,0x00,0x00,0x4c,0x01,0x00,0x00,0x51,0x00,0x05,0x00,0x13,0x00,0x00,0x00,
0x1a,0x50,0x00,0x00,0x19,0x50,0x00,0x00,0x00,0x00,0x00,0x00,0x3d,0x00,0x04,0x00,
0xb9,0x01,0x00,0x00,0x1e,0x50,0x00,0x00,0xd2,0x01,0x00,0x00,0x5f,0x00,0x07,0x00,
0x9f,0x00,0x00,0x00,0x1f,0x50,0x00,0x00,0x1e,0x50,0x00,0x00,0xd4,0x01,0x00,0x00,
0x02,0x00,0x00,0x00,0x4c,0x01,0x00,0x00,0x51,0x00,0x05,0x00,0x13,0x00,0x00,0x00,
0x20,0x50,0x00,0x00,0x1f,0x50,0x00,0x00,0x00,0x00,0x00,0x00,0xb4,0x00,0x05,0x00,
0x6e,0x00,0x00,0x00,0x22,0x50,0x00,0x00,0x20,0x50,0x00,0x00,0xd8,0x01,0x00,0x00,
0xf9,0x00,0x02,0x00,0x24,0x50,0x00,0x00,0xf8,0x00,0x02,0x00,0x24,0x50,0x00,0x00,
0xa9,0x00,0x06,0x00,0x13,0x00,0x00,0x00,0x3c,0x7c,0x00,0x00,0x22,0x50,0x00,0x00,
0xdc,0x01,0x00,0x00,0x20,0x50,0x00,0x00,0x85,0x00,0x05,0x00,0x13,0x00,0x00,0x00,
0xbf,0x4f,0x00,0x00,0x1a,0x50,0x00,0x00,0x3c,0x7c,0x00,0x00,0x41,0x00,0x05,0x00,
0x14,0x00,0x00,0x00,0x27,0x64,0x00,0x00,0x26,0x64,0x00,0x00,0x48,0x79,0x00,0x00,
0x3e,0x00,0x03,0x00,0x27,0x64,0x00,0x00,0xbf,0x4f,0x00,0x00,0x3d,0x00,0x04,0x00,
0x13,0x00,0x00,0x00,0xc4,0x4f,0x00,0x00,0x27,0x64,0x00,0x00,0x0c,0x00,0x07,0x00,
0x13,0x00,0x00,0x00,0x2a,0x50,0x00,0x00,0x01,0x00,0x00,0x00,0x1a,0x00,0x00,0x00,
0xc4,0x4f,0x00,0x00,0xdc,0x01,0x00,0x00,0x3e,0x00,0x03,0x00,0x27,0x64,0x00,0x00,
0x2a,0x50,0x00,0x00,0x3d,0x00,0x04,0x00,0x13,0x00,0x00,0x00,0xca,0x4f,0x00,0x00,
0x27,0x64,0x00,0x00,0x0c,0x00,0x07,0x00,0x13,0x00,0x00,0x00,0x2f,0x50,0x00,0x00,
0x01,0x00,0x00,0x00,0x28,0x00,0x00,0x00,0xca,0x4f,0x00,0x00,0x8d,0x03,0x00,0x00,
0x3e,0x00,0x03,0x00,0x27,0x64,0x00,0x00,0x2f,0x50,0x00,0x00,0xf9,0x00,0x02,0x00,
0xcd,0x4f,0x00,0x00,0xf8,0x00,0x02,0x00,0xcd,0x4f,0x00,0x00,0x80,0x00,0x05,0x00,
0x1a,0x00,0x00,0x00,0xcf,0x4f,0x00,0x00,0x48,0x79,0x00,0x00,0x91,0x01,0x00,0x00,
0xf9,0x00,0x02,0x00,0xb0,0x4f,0x00,0x00,0xf8,0x00,0x02,0x00,0xd0,0x4f,0x00,0x00,
0x3d,0x00,0x04,0x00,0x82,0x00,0x00,0x00,0x2c,0x64,0x00,0x00,0x26,0x64,0x00,0x00,
0x3e,0x00,0x03,0x00,0x39,0x50,0x00,0x00,0xdf,0x03,0x00,0x00,0x81,0x00,0x05,0x00,
0x38,0x00,0x00,0x00,0x47,0x50,0x00,0x00,0x27,0x4f,0x00,0x00,0xba,0x0c,0x00,0x00,
0x81,0x00,0x05,0x00,0x38,0x00,0x00,0x00,0x4a,0x50,0x00,0x00,0x47,0x50,0x00,0x00,
0x75,0x4f,0x00,0x00,0x51,0x00,0x05,0x00,0x13,0x00,0x00,0x00,0x87,0x50,0x00,0x00,
0x4a,0x50,0x00,0x00,0x00,0x00,0x00,0x00,0xbe,0x00,0x05,0x00,0x6e,0x00,0x00,0x00,
0x88,0x50,0x00,0x00,0x87,0x50,0x00,0x00,0xd8,0x01,0x00,0x00,0xf7,0x00,0x03,0x00,
0x8d,0x50,0x00,0x00,0x00,0x00,0x00,0x00,0xfa,0x00,0x04,0x00,0x88,0x50,0x00,0x00,
0x89,0x50,0x00,0x00,0x8d,0x50,0x00,0x00,0xf8,0x00,0x02,0x00,0x89,0x50,0x00,0x00,
0xbc,0x00,0x05,0x00,0x6e,0x00,0x00,0x00,0x8c,0x50,0x00,0x00,0x87,0x50,0x00,0x00,
0xdc,0x01,0x00,0x00,0xf9,0x00,0x02,0x00,0x8d,0x50,0x00,0x00,0xf8,0x00,0x02,0x00,
0x8d,0x50,0x00,0x00,0xf5,0x00,0x07,0x00,0x6e,0x00,0x00,0x00,0x8e,0x50,0x00,0x00,
0x88,0x50,0x00,0x00,0xd0,0x4f,0x00,0x00,0x8c,0x50,0x00,0x00,0x89,0x50,0x00,0x00,
0xf7,0x00,0x03,0x00,0x99,0x50,0x00,0x00,0x00,0x00,0x00,0x00,0xfa,0x00,0x04,0x00,
0x8e,0x50,0x00,0x00,0x8f,0x50,0x00,0x00,0x99,0x50,0x00,0x00,0xf8,0x00,0x02,0x00,
0x8f,0x50,0x00,0x00,0x51,0x00,0x05,0x00,0x13,0x00,0x00,0x00,0x91,0x50,0x00,0x00,
0x4a,0x50,0x00,0x00,0x01,0x00,0x00,0x00,0xbe,0x00,0x05,0x00,0x6e,0x00,0x00,0x00,
0x92,0x50,0x00,0x00,0x91,0x50,0x00,0x00,0xd8,0x01,0x00,0x00,0xf7,0x00,0x03,0x00,
0x97,0x50,0x00,0x00,0x00,0x00,0x00,0x00,0xfa,0x00,0x04,0x00,0x92,0x50,0x00,0x00,
0x93,0x50,0x00,0x00,0x97,0x50,0x00,0x00,0xf8,0x00,0x02,0x00,0x93,0x50,0x00,0x00,
0xbc,0x00,0x05,0x00,0x6e,0x00,0x00,0x00,0x96,0x50,0x00,0x00,0x91,0x50,0x00,0x00,
0xdc,0x01,0x00,0x00,0xf9,0x00,0x02,0x00,0x97,0x50,0x00,0x00,0xf8,0x00,0x02,0x00,
0x97,0x50,0x00,0x00,0xf5,0x00,0x07,0x00,0x6e,0x00,0x00,0x00,0x98,0x50,0x00,0x00,
0x92,0x50,0x00,0x00,0x8f,0x50,0x00,0x00,0x96,0x50,0x00,0x00,0x93,0x50,0x00,0x00,
0xf9,0x00,0x02,0x00,0x99,0x50,0x00,0x00,0xf8,0x00,0x02,0x00,0x99,0x50,0x00,0x00,
0xf5,0x00,0x07,0x00,0x6e,0x00,0x00,0x00,0x9a,0x50,0x00,0x00,0x8e,0x50,0x00,0x00,
0x8d,0x50,0x00,0x00,0x98,0x50,0x00,0x00,0x97,0x50,0x00,0x00,0xf7,0x00,0x03,0x00,
0x7a,0x50,0x00,0x00,0x00,0x00,0x00,0x00,0xfa,0x00,0x04,0x00,0x9a,0x50,0x00,0x00,
0x50,0x50,0x00,0x00,0x7a,0x50,0x00,0x00,0xf8,0x00,0x02,0x00,0x50,0x50,0x00,0x00,
0x85,0x00,0x05,0x00,0x38,0x00,0x00,0x00,0x54,0x50,0x00,0x00,0x4a,0x50,0x00,0x00,
0xb9,0x0c,0x00,0x00,0x0c,0x00,0x06,0x00,0x38,0x00,0x00,0x00,0x55,0x50,0x00,0x00,
0x01,0x00,0x00,0x00,0x08,0x00,0x00,0x00,0x54,0x50,0x00,0x00,0x6e,0x00,0x04,0x00,
0x32,0x00,0x00,0x00,0x56,0x50,0x00,0x00,0x55,0x50,0x00,0x00,0xf9,0x00,0x02,0x00,
0x57,0x50,0x00,0x00,0xf8,0x00,0x02,0x00,0x57,0x50,0x00,0x00,0xf5,0x00,0x07,0x00,
0x1a,0x00,0x00,0x00,0x49,0x79,0x00,0x00,0x4c,0x01,0x00,0x00,0x50,0x50,0x00,0x00,
0x78,0x50,0x00,0x00,0x76,0x50,0x00,0x00,0xb1,0x00,0x05,0x00,0x6e,0x00,0x00,0x00,
0x5a,0x50,0x00,0x00,0x49,0x79,0x00,0x00,0x7d,0x03,0x00,0x00,0xf6,0x00,0x04,0x00,
0x79,0x50,0x00,0x00,0x76,0x50,0x00,0x00,0x00,0x00,0x00,0x00,0xfa,0x00,0x04,0x00,
0x5a,0x50,0x00,0x00,0x5b,0x50,0x00,0x00,0x79,0x50,0x00,0x00,0xf8,0x00,0x02,0x00,
0x5b,0x50,0x00,0x00,0x41,0x00,0x05,0x00,0x49,0x00,0x00,0x00,0x5f,0x50,0x00,0x00,
0x39,0x50,0x00,0x00,0x49,0x79,0x00,0x00,0x3d,0x00,0x04,0x00,0x32,0x00,0x00,0x00,
0x60,0x50,0x00,0x00,0x5f,0x50,0x00,0x00,0x80,0x00,0x05,0x00,0x32,0x00,0x00,0x00,
0xb0,0x50,0x00,0x00,0x56,0x50,0x00,0x00,0x60,0x50,0x00,0x00,0x51,0x00,0x05,0x00,
0x1a,0x00,0x00,0x00,0xb2,0x50,0x00,0x00,0xf7,0x0c,0x00,0x00,0x00,0x00,0x00,0x00,
0x82,0x00,0x05,0x00,0x1a,0x00,0x00,0x00,0xb3,0x50,0x00,0x00,0xb2,0x50,0x00,0x00,
0x91,0x01,0x00,0x00,0x51,0x00,0x05,0x00,0x1a,0x00,0x00,0x00,0xb5,0x50,0x00,0x00,
0xb0,0x50,0x00,0x00,0x00,0x00,0x00,0x00,0x0c,0x00,0x07,0x00,0x1a,0x00,0x00,0x00,
0xc6,0x50,0x00,0x00,0x01,0x00,0x00,0x00,0x27,0x00,0x00,0x00,0xb5,0x50,0x00,0x00,
0xb3,0x50,0x00,0x00,0x0c,0x00,0x07,0x00,0x1a,0x00,0x00,0x00,0xcb,0x50,0x00,0x00,
0x01,0x00,0x00,0x00,0x2a,0x00,0x00,0x00,0x4c,0x01,0x00,0x00,0xc6,0x50,0x00,0x00,
0x51,0x00,0x05,0x00,0x1a,0x00,0x00,0x00,0xba,0x50,0x00,0x00,0xf7,0x0c,0x00,0x00,
0x01,0x00,0x00,0x00,0x82,0x00,0x05,0x00,0x1a,0x00,0x00,0x00,0xbb,0x50,0x00,0x00,
0xba,0x50,0x00,0x00,0x91,0x01,0x00,0x00,0x51,0x00,0x05,0x00,0x1a,0x00,0x00,0x00,
0xbd,0x50,0x00,0x00,0xb0,0x50,0x00,0x00,0x01,0x00,0x00,0x00,0x0c,0x00,0x07,0x00,
0x1a,0x00,0x00,0x00,0xd0,0x50,0x00,0x00,0x01,0x00,0x00,0x00,0x27,0x00,0x00,0x00,
0xbd,0x50,0x00,0x00,0xbb,0x50,0x00,0x00,0x0c,0x00,0x07,0x00,0x1a,0x00,0x00,0x00,
0xd5,0x50,0x00,0x00,0x01,0x00,0x00,0x00,0x2a,0x00,0x00,0x00,0x4c,0x01,0x00,0x00,
0xd0,0x50,0x00,0x00,0x50,0x00,0x05,0x00,0x32,0x00,0x00,0x00,0xde,0x77,0x00,0x00,
0xcb,0x50,0x00,0x00,0xd5,0x50,0x00,0x00,0x3d,0x00,0x04,0x00,0xb9,0x01,0x00,0x00,
0xd8,0x50,0x00,0x00,0xc3,0x01,0x00,0x00,0x5f,0x00,0x07,0x00,0x9f,0x00,0x00,0x00,
0xda,0x50,0x00,0x00,0xd8,0x50,0x00,0x00,0xde,0x77,0x00,0x00,0x02,0x00,0x00,0x00,
0x4c,0x01,0x00,0x00,0x51,0x00,0x05,0x00,0x13,0x00,0x00,0x00,0xdb,0x50,0x00,0x00,
0xda,0x50,0x00,0x00,0x00,0x00,0x00,0x00,0x41,0x00,0x05,0x00,0xa2,0x01,0x00,0x00,
0xde,0x50,0x00,0x00,0x8b,0x01,0x00,0x00,0xa1,0x01,0x00,0x00,0x3d,0x00,0x04,0x00,
0x13,0x00,0x00,0x00,0xdf,0x50,0x00,0x00,0xde,0x50,0x00,0x00,0x85,0x00,0x05,0x00,
0x13,0x00,0x00,0x00,0x66,0x50,0x00,0x00,0xdb,0x50,0x00,0x00,0xdf,0x50,0x00,0x00,
0x3d,0x00,0x04,0x00,0xb9,0x01,0x00,0x00,0xe3,0x50,0x00,0x00,0xd2,0x01,0x00,0x00,
0x5f,0x00,0x07,0x00,0x9f,0x00,0x00,0x00,0xe4,0x50,0x00,0x00,0xe3,0x50,0x00,0x00,
0xd4,0x01,0x00,0x00,0x02,0x00,0x00,0x00,0x4c,0x01,0x00,0x00,0x51,0x00,0x05,0x00,
0x13,0x00,0x00,0x00,0xe5,0x50,0x00,0x00,0xe4,0x50,0x00,0x00,0x00,0x00,0x00,0x00,
0xb4,0x00,0x05,0x00,0x6e,0x00,0x00,0x00,0xe7,0x50,0x00,0x00,0xe5,0x50,0x00,0x00,
0xd8,0x01,0x00,0x00,0xf9,0x00,0x02,0x00,0xe9,0x50,0x00,0x00,0xf8,0x00,0x02,0x00,
0xe9,0x50,0x00,0x00,0xa9,0x00,0x06,0x00,0x13,0x00,0x00,0x00,0x3d,0x7c,0x00,0x00,
0xe7,0x50,0x00,0x00,0xdc,0x01,0x00,0x00,0xe5,0x50,0x00,0x00,0x85,0x00,0x05,0x00,
0x13,0x00,0x00,0x00,0x68,0x50,0x00,0x00,0x66,0x50,0x00,0x00,0x3d,0x7c,0x00,0x00,
0x41,0x00,0x05,0x00,0x14,0x00,0x00,0x00,0x96,0x6e,0x00,0x00,0x95,0x6e,0x00,0x00,
0x49,0x79,0x00,0x00,0x3e,0x00,0x03,0x00,0x96,0x6e,0x00,0x00,0x68,0x50,0x00,0x00,
0x3d,0x00,0x04,0x00,0x13,0x00,0x00,0x00,0x6d,0x50,0x00,0x00,0x96,0x6e,0x00,0x00,
0x0c,0x00,0x07,0x00,0x13,0x00,0x00,0x00,0xef,0x50,0x00,0x00,0x01,0x00,0x00,0x00,
0x1a,0x00,0x00,0x00,0x6d,0x50,0x00,0x00,0xdc,0x01,0x00,0x00,0x3e,0x00,0x03,0x00,
0x96,0x6e,0x00,0x00,0xef,0x50,0x00,0x00,0x3d,0x00,0x04,0x00,0x13,0x00,0x00,0x00,
0x73,0x50,0x00,0x00,0x96,0x6e,0x00,0x00,0x0c,0x00,0x07,0x00,0x13,0x00,0x00,0x00,
0xf4,0x50,0x00,0x00,0x01,0x00,0x00,0x00,0x28,0x00,0x00,0x00,0x73,0x50,0x00,0x00,
0x8d,0x03,0x00,0x00,0x3e,0x00,0x03,0x00,0x96,0x6e,0x00,0x00,0xf4,0x50,0x00,0x00,
0xf9,0x00,0x02,0x00,0x76,0x50,0x00,0x00,0xf8,0x00,0x02,0x00,0x76,0x50,0x00,0x00,
0x80,0x00,0x05,0x00,0x1a,0x00,0x00,0x00,0x78,0x50,0x00,0x00,0x49,0x79,0x00,0x00,
0x91,0x01,0x00,0x00,0xf9,0x00,0x02,0x00,0x57,0x50,0x00,0x00,0xf8,0x00,0x02,0x00,
0x79,0x50,0x00,0x00,0xf9,0x00,0x02,0x00,0x7a,0x50,0x00,0x00,0xf8,0x00,0x02,0x00,
0x7a,0x50,0x00,0x00,0x3d,0x00,0x04,0x00,0x82,0x00,0x00,0x00,0x9b,0x6e,0x00,0x00,
0x95,0x6e,0x00,0x00,0xf7,0x00,0x03,0x00,0x92,0x4f,0x00,0x00,0x00,0x00,0x00,0x00,
0xfa,0x00,0x04,0x00,0x9a,0x50,0x00,0x00,0x8c,0x4f,0x00,0x00,0x92,0x4f,0x00,0x00,
0xf8,0x00,0x02,0x00,0x8c,0x4f,0x00,0x00,0x51,0x00,0x05,0x00,0x13,0x00,0x00,0x00,
0x7a,0x6e,0x00,0x00,0x2c,0x64,0x00,0x00,0x00,0x00,0x00,0x00,0x51,0x00,0x05,0x00,
0x13,0x00,0x00,0x00,0x7b,0x6e,0x00,0x00,0x2c,0x64,0x00,0x00,0x01,0x00,0x00,0x00,
0x51,0x00,0x05,0x00,0x13,0x00,0x00,0x00,0x7c,0x6e,0x00,0x00,0x2c,0x64,0x00,0x00,
0x02,0x00,0x00,0x00,0x51,0x00,0x05,0x00,0x13,0x00,0x00,0x00,0x7d,0x6e,0x00,0x00,
0x2c,0x64,0x00,0x00,0x03,0x00,0x00,0x00,0x51,0x00,0x05,0x00,0x13,0x00,0x00,0x00,
0x7e,0x6e,0x00,0x00,0x2c,0x64,0x00,0x00,0x04,0x00,0x00,0x00,0x0c,0x00,0x07,0x00,
0x13,0x00,0x00,0x00,0xfc,0x51,0x00,0x00,0x01,0x00,0x00,0x00,0x25,0x00,0x00,0x00,
0x7a,0x6e,0x00,0x00,0x7d,0x6e,0x00,0x00,0x0c,0x00,0x07,0x00,0x13,0x00,0x00,0x00,
0x01,0x52,0x00,0x00,0x01,0x00,0x00,0x00,0x28,0x00,0x00,0x00,0x7a,0x6e,0x00,0x00,
0x7d,0x6e,0x00,0x00,0x0c,0x00,0x07,0x00,0x13,0x00,0x00,0x00,0x06,0x52,0x00,0x00,
0x01,0x00,0x00,0x00,0x25,0x00,0x00,0x00,0x7b,0x6e,0x00,0x00,0x7e,0x6e,0x00,0x00,
0x0c,0x00,0x07,0x00,0x13,0x00,0x00,0x00,0x0b,0x52,0x00,0x00,0x01,0x00,0x00,0x00,
0x28,0x00,0x00,0x00,0x7b,0x6e,0x00,0x00,0x7e,0x6e,0x00,0x00,0x0c,0x00,0x07,0x00,
0x13,0x00,0x00,0x00,0x10,0x52,0x00,0x00,0x01,0x00,0x00,0x00,0x25,0x00,0x00,0x00,
0xfc,0x51,0x00,0x00,0x7c,0x6e,0x00,0x00,0x0c,0x00,0x07,0x00,0x13,0x00,0x00,0x00,
0x15,0x52,0x00,0x00,0x01,0x00,0x00,0x00,0x28,0x00,0x00,0x00,0xfc,0x51,0x00,0x00,
0x7c,0x6e,0x00,0x00,0x0c,0x00,0x07,0x00,0x13,0x00,0x00,0x00,0x1a,0x52,0x00,0x00,
0x01,0x00,0x00,0x00,0x25,0x00,0x00,0x00,0x06,0x52,0x00,0x00,0x01,0x52,0x00,0x00,
0x0c,0x00,0x07,0x00,0x13,0x00,0x00,0x00,0x1f,0x52,0x00,0x00,0x01,0x00,0x00,0x00,
0x28,0x00,0x00,0x00,0x06,0x52,0x00,0x00,0x01,0x52,0x00,0x00,0x0c,0x00,0x07,0x00,
0x13,0x00,0x00,0x00,0x24,0x52,0x00,0x00,0x01,0x00,0x00,0x00,0x25,0x00,0x00,0x00,
0x10,0x52,0x00,0x00,0x1a,0x52,0x00,0x00,0x0c,0x00,0x07,0x00,0x13,0x00,0x00,0x00,
0x29,0x52,0x00,0x00,0x01,0x00,0x00,0x00,0x28,0x00,0x00,0x00,0x10,0x52,0x00,0x00,
0x1a,0x52,0x00,0x00,0x0c,0x00,0x07,0x00,0x13,0x00,0x00,0x00,0x2e,0x52,0x00,0x00,
0x01,0x00,0x00,0x00,0x25,0x00,0x00,0x00,0x15,0x52,0x00,0x00,0x0b,0x52,0x00,0x00,
0x0c,0x00,0x07,0x00,0x13,0x00,0x00,0x00,0x33,0x52,0x00,0x00,0x01,0x00,0x00,0x00,
0x28,0x00,0x00,0x00,0x15,0x52,0x00,0x00,0x0b,0x52,0x00,0x00,0x0c,0x00,0x07,0x00,
0x13,0x00,0x00,0x00,0x38,0x52,0x00,0x00,0x01,0x00,0x00,0x00,0x25,0x00,0x00,0x00,
0x29,0x52,0x00,0x00,0x2e,0x52,0x00,0x00,0x0c,0x00,0x07,0x00,0x13,0x00,0x00,0x00,
0x3d,0x52,0x00,0x00,0x01,0x00,0x00,0x00,0x28,0x00,0x00,0x00,0x29,0x52,0x00,0x00,
0x2e,0x52,0x00,0x00,0x0c,0x00,0x07,0x00,0x13,0x00,0x00,0x00,0x42,0x52,0x00,0x00,
0x01,0x00,0x00,0x00,0x25,0x00,0x00,0x00,0x1f,0x52,0x00,0x00,0x33,0x52,0x00,0x00,
0x0c,0x00,0x07,0x00,0x13,0x00,0x00,0x00,0x47,0x52,0x00,0x00,0x01,0x00,0x00,0x00,
0x28,0x00,0x00,0x00,0x1f,0x52,0x00,0x00,0x33,0x52,0x00,0x00,0x0c,0x00,0x07,0x00,
0x13,0x00,0x00,0x00,0x4c,0x52,0x00,0x00,0x01,0x00,0x00,0x00,0x25,0x00,0x00,0x00,
0x3d,0x52,0x00,0x00,0x42,0x52,0x00,0x00,0x0c,0x00,0x07,0x00,0x13,0x00,0x00,0x00,
0x51,0x52,0x00,0x00,0x01,0x00,0x00,0x00,0x28,0x00,0x00,0x00,0x3d,0x52,0x00,0x00,
0x42,0x52,0x00,0x00,0x50,0x00,0x08,0x00,0x82,0x00,0x00,0x00,0x84,0x6e,0x00,0x00,
0x24,0x52,0x00,0x00,0x38,0x52,0x00,0x00,0x4c,0x52,0x00,0x00,0x51,0x52,0x00,0x00,
0x47,0x52,0x00,0x00,0x3e,0x00,0x03,0x00,0x3a,0x64,0x00,0x00,0x84,0x6e,0x00,0x00,
0x51,0x00,0x05,0x00,0x13,0x00,0x00,0x00,0x8a,0x6e,0x00,0x00,0x9b,0x6e,0x00,0x00,
0x00,0x00,0x00,0x00,0x51,0x00,0x05,0x00,0x13,0x00,0x00,0x00,0x8b,0x6e,0x00,0x00,
0x9b,0x6e,0x00,0x00,0x01,0x00,0x00,0x00,0x51,0x00,0x05,0x00,0x13,0x00,0x00,0x00,
0x8c,0x6e,0x00,0x00,0x9b,0x6e,0x00,0x00,0x02,0x00,0x00,0x00,0x51,0x00,0x05,0x00,
0x13,0x00,0x00,0x00,0x8d,0x6e,0x00,0x00,0x9b,0x6e,0x00,0x00,0x03,0x00,0x00,0x00,
0x51,0x00,0x05,0x00,0x13,0x00,0x00,0x00,0x8e,0x6e,0x00,0x00,0x9b,0x6e,0x00,0x00,
0x04,0x00,0x00,0x00,0x0c,0x00,0x07,0x00,0x13,0x00,0x00,0x00,0xf9,0x52,0x00,0x00,
0x01,0x00,0x00,0x00,0x25,0x00,0x00,0x00,0x8a,0x6e,0x00,0x00,0x8d,0x6e,0x00,0x00,
0x0c,0x00,0x07,0x00,0x13,0x00,0x00,0x00,0xfe,0x52,0x00,0x00,0x01,0x00,0x00,0x00,
0x28,0x00,0x00,0x00,0x8a,0x6e,0x00,0x00,0x8d,0x6e,0x00,0x00,0x0c,0x00,0x07,0x00,
0x13,0x00,0x00,0x00,0x03,0x53,0x00,0x00,0x01,0x00,0x00,0x00,0x25,0x00,0x00,0x00,
0x8b,0x6e,0x00,0x00,0x8e,0x6e,0x00,0x00,0x0c,0x00,0x07,0x00,0x13,0x00,0x00,0x00,
0x08,0x53,0x00,0x00,0x01,0x00,0x00,0x00,0x28,0x00,0x00,0x00,0x8b,0x6e,0x00,0x00,
0x8e,0x6e,0x00,0x00,0x0c,0x00,0x07,0x00,0x13,0x00,0x00,0x00,0x0d,0x53,0x00,0x00,
0x01,0x00,0x00,0x00,0x25,0x00,0x00,0x00,0xf9,0x52,0x00,0x00,0x8c,0x6e,0x00,0x00,
0x0c,0x00,0x07,0x00,0x13,0x00,0x00,0x00,0x12,0x53,0x00,0x00,0x01,0x00,0x00,0x00,
0x28,0x00,0x00,0x00,0xf9,0x52,0x00,0x00,0x8c,0x6e,0x00,0x00,0x0c,0x00,0x07,0x00,
0x13,0x00,0x00,0x00,0x17,0x53,0x00,0x00,0x01,0x00,0x00,0x00,0x25,0x00,0x00,0x00,
0x03,0x53,0x00,0x00,0xfe,0x52,0x00,0x00,0x0c,0x00,0x07,0x00,0x13,0x00,0x00,0x00,
0x1c,0x53,0x00,0x00,0x01,0x00,0x00,0x00,0x28,0x00,0x00,0x00,0x03,0x53,0x00,0x00,
0xfe,0x52,0x00,0x00,0x0c,0x00,0x07,0x00,0x13,0x00,0x00,0x00,0x21,0x53,0x00,0x00,
0x01,0x00,0x00,0x00,0x25,0x00,0x00,0x00,0x0d,0x53,0x00,0x00,0x17,0x53,0x00,0x00,
0x0c,0x00,0x07,0x00,0x13,0x00,0x00,0x00,0x26,0x53,0x00,0x00,0x01,0x00,0x00,0x00,
0x28,0x00,0x00,0x00,0x0d,0x53,0x00,0x00,0x17,0x53,0x00,0x00,0x0c,0x00,0x07,0x00,
0x13,0x00,0x00,0x00,0x2b,0x53,0x00,0x00,0x01,0x00,0x00,0x00,0x25,0x00,0x00,0x00,
0x12,0x53,0x00,0x00,0x08,0x53,0x00,0x00,0x0c,0x00,0x07,0x00,0x13,0x00,0x00,0x00,
0x30,0x53,0x00,0x00,0x01,0x00,0x00,0x00,0x28,0x00,0x00,0x00,0x12,0x53,0x00,0x00,
0x08,0x53,0x00,0x00,0x0c,0x00,0x07,0x00,0x13,0x00,0x00,0x00,0x35,0x53,0x00,0x00,
0x01,0x00,0x00,0x00,0x25,0x00,0x00,0x00,0x26,0x53,0x00,0x00,0x2b,0x53,0x00,0x00,
0x0c,0x00,0x07,0x00,0x13,0x00,0x00,0x00,0x3a,0x53,0x00,0x00,0x01,0x00,0x00,0x00,
0x28,0x00,0x00,0x00,0x26,0x53,0x00,0x00,0x2b,0x53,0x00,0x00,0x0c,0x00,0x07,0x00,
0x13,0x00,0x00,0x00,0x3f,0x53,0x00,0x00,0x01,0x00,0x00,0x00,0x25,0x00,0x00,0x00,
0x1c,0x53,0x00,0x00,0x30,0x53,0x00,0x00,0x0c,0x00,0x07,0x00,0x13,0x00,0x00,0x00,
0x44,0x53,0x00,0x00,0x01,0x00,0x00,0x00,0x28,0x00,0x00,0x00,0x1c,0x53,0x00,0x00,
0x30,0x53,0x00,0x00,0x0c,0x00,0x07,0x00,0x13,0x00,0x00,0x00,0x49,0x53,0x00,0x00,
0x01,0x00,0x00,0x00,0x25,0x00,0x00,0x00,0x3a,0x53,0x00,0x00,0x3f,0x53,0x00,0x00,
0x0c,0x00,0x07,0x00,0x13,0x00,0x00,0x00,0x4e,0x53,0x00,0x00,0x01,0x00,0x00,0x00,
0x28,0x00,0x00,0x00,0x3a,0x53,0x00,0x00,0x3f,0x53,0x00,0x00,0x50,0x00,0x08,0x00,
0x82,0x00,0x00,0x00,0x94,0x6e,0x00,0x00,0x21,0x53,0x00,0x00,0x35,0x53,0x00,0x00,
0x49,0x53,0x00,0x00,0x4e,0x53,0x00,0x00,0x44,0x53,0x00,0x00,0x3e,0x00,0x03,0x00,
0x44,0x64,0x00,0x00,0x94,0x6e,0x00,0x00,0x41,0x00,0x05,0x00,0x14,0x00,0x00,0x00,
0x3f,0x64,0x00,0x00,0x3a,0x64,0x00,0x00,0xcd,0x02,0x00,0x00,0x3d,0x00,0x04,0x00,
0x13,0x00,0x00,0x00,0x08,0x51,0x00,0x00,0x3f,0x64,0x00,0x00,0x41,0x00,0x05,0x00,
0x14,0x00,0x00,0x00,0x49,0x64,0x00,0x00,0x44,0x64,0x00,0x00,0xcd,0x02,0x00,0x00,
0x3d,0x00,0x04,0x00,0x13,0x00,0x00,0x00,0x0a,0x51,0x00,0x00,0x49,0x64,0x00,0x00,
0x0c,0x00,0x07,0x00,0x13,0x00,0x00,0x00,0x53,0x53,0x00,0x00,0x01,0x00,0x00,0x00,
0x25,0x00,0x00,0x00,0x08,0x51,0x00,0x00,0x0a,0x51,0x00,0x00,0xba,0x00,0x05,0x00,
0x6e,0x00,0x00,0x00,0x0d,0x51,0x00,0x00,0x53,0x53,0x00,0x00,0x72,0x03,0x00,0x00,
0xf7,0x00,0x03,0x00,0x4f,0x51,0x00,0x00,0x00,0x00,0x00,0x00,0xfa,0x00,0x04,0x00,
0x0d,0x51,0x00,0x00,0x0e,0x51,0x00,0x00,0x4f,0x51,0x00,0x00,0xf8,0x00,0x02,0x00,
0x0e,0x51,0x00,0x00,0xf9,0x00,0x02,0x00,0x0f,0x51,0x00,0x00,0xf8,0x00,0x02,0x00,
0x0f,0x51,0x00,0x00,0xf5,0x00,0x07,0x00,0x1a,0x00,0x00,0x00,0x6f,0x7a,0x00,0x00,
0x4c,0x01,0x00,0x00,0x0e,0x51,0x00,0x00,0xff,0x7b,0x00,0x00,0x4b,0x51,0x00,0x00,
0xf5,0x00,0x07,0x00,0x1a,0x00,0x00,0x00,0x6e,0x7a,0x00,0x00,0x4c,0x01,0x00,0x00,
0x0e,0x51,0x00,0x00,0xfe,0x7b,0x00,0x00,0x4b,0x51,0x00,0x00,0xf5,0x00,0x07,0x00,
0x13,0x00,0x00,0x00,0x4b,0x79,0x00,0x00,0x5e,0x03,0x00,0x00,0x0e,0x51,0x00,0x00,
0x8b,0x7b,0x00,0x00,0x4b,0x51,0x00,0x00,0xf5,0x00,0x07,0x00,0x1a,0x00,0x00,0x00,
0x4a,0x79,0x00,0x00,0x4c,0x01,0x00,0x00,0x0e,0x51,0x00,0x00,0x4d,0x51,0x00,0x00,
0x4b,0x51,0x00,0x00,0xb1,0x00,0x05,0x00,0x6e,0x00,0x00,0x00,0x12,0x51,0x00,0x00,
0x4a,0x79,0x00,0x00,0x7d,0x03,0x00,0x00,0xb8,0x00,0x05,0x00,0x6e,0x00,0x00,0x00,
0x14,0x51,0x00,0x00,0x4b,0x79,0x00,0x00,0x80,0x03,0x00,0x00,0xa7,0x00,0x05,0x00,
0x6e,0x00,0x00,0x00,0x15,0x51,0x00,0x00,0x12,0x51,0x00,0x00,0x14,0x51,0x00,0x00,
0xf6,0x00,0x04,0x00,0x4e,0x51,0x00,0x00,0x4b,0x51,0x00,0x00,0x00,0x00,0x00,0x00,
0xfa,0x00,0x04,0x00,0x15,0x51,0x00,0x00,0x16,0x51,0x00,0x00,0x4e,0x51,0x00,0x00,
0xf8,0x00,0x02,0x00,0x16,0x51,0x00,0x00,0x41,0x00,0x05,0x00,0x14,0x00,0x00,0x00,
0x40,0x64,0x00,0x00,0x3a,0x64,0x00,0x00,0x6e,0x7a,0x00,0x00,0x3d,0x00,0x04,0x00,
0x13,0x00,0x00,0x00,0x19,0x51,0x00,0x00,0x40,0x64,0x00,0x00,0x41,0x00,0x05,0x00,
0x14,0x00,0x00,0x00,0x4a,0x64,0x00,0x00,0x44,0x64,0x00,0x00,0x6f,0x7a,0x00,0x00,
0x3d,0x00,0x04,0x00,0x13,0x00,0x00,0x00,0x1c,0x51,0x00,0x00,0x4a,0x64,0x00,0x00,
0x83,0x00,0x05,0x00,0x13,0x00,0x00,0x00,0x1d,0x51,0x00,0x00,0x19,0x51,0x00,0x00,
0x1c,0x51,0x00,0x00,0x0c,0x00,0x06,0x00,0x13,0x00,0x00,0x00,0x1f,0x51,0x00,0x00,
0x01,0x00,0x00,0x00,0x04,0x00,0x00,0x00,0x1d,0x51,0x00,0x00,0xba,0x00,0x05,0x00,
0x6e,0x00,0x00,0x00,0x20,0x51,0x00,0x00,0x1f,0x51,0x00,0x00,0x8d,0x03,0x00,0x00,
0xf7,0x00,0x03,0x00,0x4a,0x51,0x00,0x00,0x00,0x00,0x00,0x00,0xfa,0x00,0x04,0x00,
0x20,0x51,0x00,0x00,0x21,0x51,0x00,0x00,0x49,0x51,0x00,0x00,0xf8,0x00,0x02,0x00,
0x49,0x51,0x00,0x00,0xf9,0x00,0x02,0x00,0x4a,0x51,0x00,0x00,0xf8,0x00,0x02,0x00,
0x21,0x51,0x00,0x00,0x0c,0x00,0x06,0x00,0x13,0x00,0x00,0x00,0x23,0x51,0x00,0x00,
0x01,0x00,0x00,0x00,0x06,0x00,0x00,0x00,0x1d,0x51,0x00,0x00,0x3d,0x00,0x04,0x00,
0x13,0x00,0x00,0x00,0x26,0x51,0x00,0x00,0x40,0x64,0x00,0x00,0x3d,0x00,0x04,0x00,
0x13,0x00,0x00,0x00,0x29,0x51,0x00,0x00,0x4a,0x64,0x00,0x00,0x0c,0x00,0x07,0x00,
0x13,0x00,0x00,0x00,0x6a,0x53,0x00,0x00,0x01,0x00,0x00,0x00,0x28,0x00,0x00,0x00,
0x26,0x51,0x00,0x00,0x29,0x51,0x00,0x00,0xb7,0x00,0x05,0x00,0x6e,0x00,0x00,0x00,
0x5e,0x53,0x00,0x00,0x6a,0x53,0x00,0x00,0xd8,0x01,0x00,0x00,0xf7,0x00,0x03,0x00,
0x64,0x53,0x00,0x00,0x00,0x00,0x00,0x00,0xfa,0x00,0x04,0x00,0x5e,0x53,0x00,0x00,
0x5f,0x53,0x00,0x00,0x63,0x53,0x00,0x00,0xf8,0x00,0x02,0x00,0x63,0x53,0x00,0x00,
0xf9,0x00,0x02,0x00,0x64,0x53,0x00,0x00,0xf8,0x00,0x02,0x00,0x5f,0x53,0x00,0x00,
0x0c,0x00,0x07,0x00,0x13,0x00,0x00,0x00,0x6f,0x53,0x00,0x00,0x01,0x00,0x00,0x00,
0x25,0x00,0x00,0x00,0x26,0x51,0x00,0x00,0x29,0x51,0x00,0x00,0x88,0x00,0x05,0x00,
0x13,0x00,0x00,0x00,0x62,0x53,0x00,0x00,0x6f,0x53,0x00,0x00,0x6a,0x53,0x00,0x00,
0xf9,0x00,0x02,0x00,0x64,0x53,0x00,0x00,0xf8,0x00,0x02,0x00,0x64,0x53,0x00,0x00,
0xf5,0x00,0x07,0x00,0x13,0x00,0x00,0x00,0x70,0x7a,0x00,0x00,0xd8,0x01,0x00,0x00,
0x63,0x53,0x00,0x00,0x62,0x53,0x00,0x00,0x5f,0x53,0x00,0x00,0x83,0x00,0x05,0x00,
0x13,0x00,0x00,0x00,0x2b,0x51,0x00,0x00,0xdc,0x01,0x00,0x00,0x70,0x7a,0x00,0x00,
0x85,0x00,0x05,0x00,0x13,0x00,0x00,0x00,0x2c,0x51,0x00,0x00,0x23,0x51,0x00,0x00,
0x2b,0x51,0x00,0x00,0x0c,0x00,0x06,0x00,0x13,0x00,0x00,0x00,0x2e,0x51,0x00,0x00,
0x01,0x00,0x00,0x00,0x04,0x00,0x00,0x00,0x2c,0x51,0x00,0x00,0x0c,0x00,0x06,0x00,
0x13,0x00,0x00,0x00,0x30,0x51,0x00,0x00,0x01,0x00,0x00,0x00,0x04,0x00,0x00,0x00,
0x4b,0x79,0x00,0x00,0xb8,0x00,0x05,0x00,0x6e,0x00,0x00,0x00,0x31,0x51,0x00,0x00,
0x2e,0x51,0x00,0x00,0x30,0x51,0x00,0x00,0xa9,0x00,0x06,0x00,0x13,0x00,0x00,0x00,
0x34,0x51,0x00,0x00,0x31,0x51,0x00,0x00,0x2c,0x51,0x00,0x00,0x4b,0x79,0x00,0x00,
0x3d,0x00,0x04,0x00,0x13,0x00,0x00,0x00,0x37,0x51,0x00,0x00,0x40,0x64,0x00,0x00,
0x3d,0x00,0x04,0x00,0x13,0x00,0x00,0x00,0x3a,0x51,0x00,0x00,0x4a,0x64,0x00,0x00,
0xb8,0x00,0x05,0x00,0x6e,0x00,0x00,0x00,0x3b,0x51,0x00,0x00,0x37,0x51,0x00,0x00,
0x3a,0x51,0x00,0x00,0xa9,0x00,0x06,0x00,0x1a,0x00,0x00,0x00,0x3c,0x51,0x00,0x00,
0x3b,0x51,0x00,0x00,0x91,0x01,0x00,0x00,0x4c,0x01,0x00,0x00,0x80,0x00,0x05,0x00,
0x1a,0x00,0x00,0x00,0x3e,0x51,0x00,0x00,0x6e,0x7a,0x00,0x00,0x3c,0x51,0x00,0x00,
0x41,0x00,0x05,0x00,0x14,0x00,0x00,0x00,0x43,0x64,0x00,0x00,0x3a,0x64,0x00,0x00,
0x3e,0x51,0x00,0x00,0x3d,0x00,0x04,0x00,0x13,0x00,0x00,0x00,0x41,0x51,0x00,0x00,
0x43,0x64,0x00,0x00,0x3d,0x00,0x04,0x00,0x13,0x00,0x00,0x00,0x44,0x51,0x00,0x00,
0x4a,0x64,0x00,0x00,0xbe,0x00,0x05,0x00,0x6e,0x00,0x00,0x00,0x45,0x51,0x00,0x00,
0x41,0x51,0x00,0x00,0x44,0x51,0x00,0x00,0xa9,0x00,0x06,0x00,0x1a,0x00,0x00,0x00,
0x46,0x51,0x00,0x00,0x45,0x51,0x00,0x00,0x91,0x01,0x00,0x00,0x4c,0x01,0x00,0x00,
0x80,0x00,0x05,0x00,0x1a,0x00,0x00,0x00,0x48,0x51,0x00,0x00,0x6f,0x7a,0x00,0x00,
0x46,0x51,0x00,0x00,0xf9,0x00,0x02,0x00,0x4a,0x51,0x00,0x00,0xf8,0x00,0x02,0x00,
0x4a,0x51,0x00,0x00,0xf5,0x00,0x07,0x00,0x1a,0x00,0x00,0x00,0xff,0x7b,0x00,0x00,
0x6f,0x7a,0x00,0x00,0x49,0x51,0x00,0x00,0x48,0x51,0x00,0x00,0x64,0x53,0x00,0x00,
0xf5,0x00,0x07,0x00,0x1a,0x00,0x00,0x00,0xfe,0x7b,0x00,0x00,0x6e,0x7a,0x00,0x00,
0x49,0x51,0x00,0x00,0x3e,0x51,0x00,0x00,0x64,0x53,0x00,0x00,0xf5,0x00,0x07,0x00,
0x13,0x00,0x00,0x00,0x8b,0x7b,0x00,0x00,0x80,0x03,0x00,0x00,0x49,0x51,0x00,0x00,
0x34,0x51,0x00,0x00,0x64,0x53,0x00,0x00,0xf9,0x00,0x02,0x00,0x4b,0x51,0x00,0x00,
0xf8,0x00,0x02,0x00,0x4b,0x51,0x00,0x00,0x80,0x00,0x05,0x00,0x1a,0x00,0x00,0x00,
0x4d,0x51,0x00,0x00,0x4a,0x79,0x00,0x00,0x91,0x01,0x00,0x00,0xf9,0x00,0x02,0x00,
0x0f,0x51,0x00,0x00,0xf8,0x00,0x02,0x00,0x4e,0x51,0x00,0x00,0xf9,0x00,0x02,0x00,
0x4f,0x51,0x00,0x00,0xf8,0x00,0x02,0x00,0x4f,0x51,0x00,0x00,0xf5,0x00,0x07,0x00,
0x13,0x00,0x00,0x00,0x4c,0x79,0x00,0x00,0x5e,0x03,0x00,0x00,0x8c,0x4f,0x00,0x00,
0x4b,0x79,0x00,0x00,0x4e,0x51,0x00,0x00,0xb8,0x00,0x05,0x00,0x6e,0x00,0x00,0x00,
0x52,0x51,0x00,0x00,0x4c,0x79,0x00,0x00,0x5e,0x03,0x00,0x00,0xa9,0x00,0x06,0x00,
0x13,0x00,0x00,0x00,0x53,0x51,0x00,0x00,0x52,0x51,0x00,0x00,0xdc,0x01,0x00,0x00,
0xd8,0x01,0x00,0x00,0x85,0x00,0x05,0x00,0x13,0x00,0x00,0x00,0x54,0x51,0x00,0x00,
0x4c,0x79,0x00,0x00,0x53,0x51,0x00,0x00,0xf9,0x00,0x02,0x00,0x92,0x4f,0x00,0x00,
0xf8,0x00,0x02,0x00,0x92,0x4f,0x00,0x00,0xf5,0x00,0x07,0x00,0x13,0x00,0x00,0x00,
0x4d,0x79,0x00,0x00,0xd8,0x01,0x00,0x00,0x7a,0x50,0x00,0x00,0x54,0x51,0x00,0x00,
0x4f,0x51,0x00,0x00,0x52,0x00,0x06,0x00,0x9f,0x00,0x00,0x00,0x93,0x77,0x00,0x00,
0x4d,0x79,0x00,0x00,0x8e,0x04,0x00,0x00,0x00,0x00,0x00,0x00,0xb7,0x00,0x05,0x00,
0x6e,0x00,0x00,0x00,0x2f,0x4f,0x00,0x00,0x4d,0x79,0x00,0x00,0xd8,0x01,0x00,0x00,
0xf7,0x00,0x03,0x00,0x34,0x4f,0x00,0x00,0x00,0x00,0x00,0x00,0xfa,0x00,0x04,0x00,
0x2f,0x4f,0x00,0x00,0x30,0x4f,0x00,0x00,0x33,0x4f,0x00,0x00,0xf8,0x00,0x02,0x00,
0x33,0x4f,0x00,0x00,0xf9,0x00,0x02,0x00,0x34,0x4f,0x00,0x00,0xf8,0x00,0x02,0x00,
0x30,0x4f,0x00,0x00,0x0c,0x00,0x06,0x00,0x13,0x00,0x00,0x00,0x32,0x4f,0x00,0x00,
0x01,0x00,0x00,0x00,0x06,0x00,0x00,0x00,0x4d,0x79,0x00,0x00,0xf9,0x00,0x02,0x00,
0x34,0x4f,0x00,0x00,0xf8,0x00,0x02,0x00,0x34,0x4f,0x00,0x00,0xf5,0x00,0x07,0x00,
0x13,0x00,0x00,0x00,0x54,0x79,0x00,0x00,0xd8,0x01,0x00,0x00,0x33,0x4f,0x00,0x00,
0x32,0x4f,0x00,0x00,0x30,0x4f,0x00,0x00,0x52,0x00,0x06,0x00,0x9f,0x00,0x00,0x00,
0x95,0x77,0x00,0x00,0x54,0x79,0x00,0x00,0x93,0x77,0x00,0x00,0x01,0x00,0x00,0x00,
0x52,0x00,0x06,0x00,0x9f,0x00,0x00,0x00,0x97,0x77,0x00,0x00,0xdc,0x01,0x00,0x00,
0x95,0x77,0x00,0x00,0x02,0x00,0x00,0x00,0x81,0x00,0x05,0x00,0x9f,0x00,0x00,0x00,
0x74,0x53,0x00,0x00,0x31,0x77,0x00,0x00,0x53,0x77,0x00,0x00,0x81,0x00,0x05,0x00,
0x9f,0x00,0x00,0x00,0x76,0x53,0x00,0x00,0x74,0x53,0x00,0x00,0x75,0x77,0x00,0x00,
0x81,0x00,0x05,0x00,0x9f,0x00,0x00,0x00,0x78,0x53,0x00,0x00,0x76,0x53,0x00,0x00,
0x97,0x77,0x00,0x00,0x8e,0x00,0x05,0x00,0x9f,0x00,0x00,0x00,0x79,0x53,0x00,0x00,
0x78,0x53,0x00,0x00,0xaf,0x04,0x00,0x00,0x3d,0x00,0x04,0x00,0xe4,0x01,0x00,0x00,
0x8b,0x53,0x00,0x00,0xe6,0x01,0x00,0x00,0x51,0x00,0x05,0x00,0x13,0x00,0x00,0x00,
0x8e,0x53,0x00,0x00,0x79,0x53,0x00,0x00,0x00,0x00,0x00,0x00,0x51,0x00,0x05,0x00,
0x13,0x00,0x00,0x00,0x8f,0x53,0x00,0x00,0x79,0x53,0x00,0x00,0x01,0x00,0x00,0x00,
0x50,0x00,0x07,0x00,0x9f,0x00,0x00,0x00,0x90,0x53,0x00,0x00,0x8e,0x53,0x00,0x00,
0x8f,0x53,0x00,0x00,0xd8,0x01,0x00,0x00,0xd8,0x01,0x00,0x00,0x63,0x00,0x04,0x00,
0x8b,0x53,0x00,0x00,0xbb,0x0a,0x00,0x00,0x90,0x53,0x00,0x00,0xb2,0x00,0x05,0x00,
0x6e,0x00,0x00,0x00,0xc7,0x0a,0x00,0x00,0x41,0x09,0x00,0x00,0x72,0x01,0x00,0x00,
0xf7,0x00,0x03,0x00,0xc9,0x0a,0x00,0x00,0x00,0x00,0x00,0x00,0xfa,0x00,0x04,0x00,
0xc7,0x0a,0x00,0x00,0xc8,0x0a,0x00,0x00,0xc9,0x0a,0x00,0x00,0xf8,0x00,0x02,0x00,
0xc8,0x0a,0x00,0x00,0xf9,0x00,0x02,0x00,0x43,0x0b,0x00,0x00,0xf8,0x00,0x02,0x00,
0xc9,0x0a,0x00,0x00,0x6e,0x01,0x06,0x00,0x9f,0x00,0x00,0x00,0xd0,0x53,0x00,0x00,
0x6c,0x01,0x00,0x00,0x19,0x1d,0x00,0x00,0xbf,0x01,0x00,0x00,0x6e,0x01,0x06,0x00,
0x9f,0x00,0x00,0x00,0xd2,0x53,0x00,0x00,0x6c,0x01,0x00,0x00,0x19,0x1d,0x00,0x00,
0x72,0x01,0x00,0x00,0x6e,0x01,0x06,0x00,0x9f,0x00,0x00,0x00,0xd4,0x53,0x00,0x00,
0x6c,0x01,0x00,0x00,0x19,0x1d,0x00,0x00,0x6b,0x01,0x00,0x00,0x81,0x00,0x05,0x00,
0x9f,0x00,0x00,0x00,0xde,0x53,0x00,0x00,0x19,0x1d,0x00,0x00,0xd0,0x53,0x00,0x00,
0x81,0x00,0x05,0x00,0x9f,0x00,0x00,0x00,0xe0,0x53,0x00,0x00,0xde,0x53,0x00,0x00,
0xd2,0x53,0x00,0x00,0x81,0x00,0x05,0x00,0x9f,0x00,0x00,0x00,0xe2,0x53,0x00,0x00,
0xe0,0x53,0x00,0x00,0xd4,0x53,0x00,0x00,0x8e,0x00,0x05,0x00,0x9f,0x00,0x00,0x00,
0xe3,0x53,0x00,0x00,0xe2,0x53,0x00,0x00,0xaf,0x04,0x00,0x00,0x6e,0x01,0x06,0x00,
0x9f,0x00,0x00,0x00,0xf0,0x53,0x00,0x00,0x6c,0x01,0x00,0x00,0x39,0x2f,0x00,0x00,
0xbf,0x01,0x00,0x00,0x6e,0x01,0x06,0x00,0x9f,0x00,0x00,0x00,0xf2,0x53,0x00,0x00,
0x6c,0x01,0x00,0x00,0x39,0x2f,0x00,0x00,0x72,0x01,0x00,0x00,0x6e,0x01,0x06,0x00,
0x9f,0x00,0x00,0x00,0xf4,0x53,0x00,0x00,0x6c,0x01,0x00,0x00,0x39,0x2f,0x00,0x00,
0x6b,0x01,0x00,0x00,0x81,0x00,0x05,0x00,0x9f,0x00,0x00,0x00,0xfe,0x53,0x00,0x00,
0x39,0x2f,0x00,0x00,0xf0,0x53,0x00,0x00,0x81,0x00,0x05,0x00,0x9f,0x00,0x00,0x00,
0x00,0x54,0x00,0x00,0xfe,0x53,0x00,0x00,0xf2,0x53,0x00,0x00,0x81,0x00,0x05,0x00,
0x9f,0x00,0x00,0x00,0x02,0x54,0x00,0x00,0x00,0x54,0x00,0x00,0xf4,0x53,0x00,0x00,
0x8e,0x00,0x05,0x00,0x9f,0x00,0x00,0x00,0x03,0x54,0x00,0x00,0x02,0x54,0x00,0x00,
0xaf,0x04,0x00,0x00,0x6e,0x01,0x06,0x00,0x9f,0x00,0x00,0x00,0x10,0x54,0x00,0x00,
0x6c,0x01,0x00,0x00,0x59,0x41,0x00,0x00,0xbf,0x01,0x00,0x00,0x6e,0x01,0x06,0x00,
0x9f,0x00,0x00,0x00,0x12,0x54,0x00,0x00,0x6c,0x01,0x00,0x00,0x59,0x41,0x00,0x00,
0x72,0x01,0x00,0x00,0x6e,0x01,0x06,0x00,0x9f,0x00,0x00,0x00,0x14,0x54,0x00,0x00,
0x6c,0x01,0x00,0x00,0x59,0x41,0x00,0x00,0x6b,0x01,0x00,0x00,0x81,0x00,0x05,0x00,
0x9f,0x00,0x00,0x00,0x1e,0x54,0x00,0x00,0x59,0x41,0x00,0x00,0x10,0x54,0x00,0x00,
0x81,0x00,0x05,0x00,0x9f,0x00,0x00,0x00,0x20,0x54,0x00,0x00,0x1e,0x54,0x00,0x00,
0x12,0x54,0x00,0x00,0x81,0x00,0x05,0x00,0x9f,0x00,0x00,0x00,0x22,0x54,0x00,0x00,
0x20,0x54,0x00,0x00,0x14,0x54,0x00,0x00,0x8e,0x00,0x05,0x00,0x9f,0x00,0x00,0x00,
0x23,0x54,0x00,0x00,0x22,0x54,0x00,0x00,0xaf,0x04,0x00,0x00,0x6e,0x01,0x06,0x00,
0x9f,0x00,0x00,0x00,0x30,0x54,0x00,0x00,0x6c,0x01,0x00,0x00,0x79,0x53,0x00,0x00,
0xbf,0x01,0x00,0x00,0x6e,0x01,0x06,0x00,0x9f,0x00,0x00,0x00,0x32,0x54,0x00,0x00,
0x6c,0x01,0x00,0x00,0x79,0x53,0x00,0x00,0x72,0x01,0x00,0x00,0x6e,0x01,0x06,0x00,
0x9f,0x00,0x00,0x00,0x34,0x54,0x00,0x00,0x6c,0x01,0x00,0x00,0x79,0x53,0x00,0x00,
0x6b,0x01,0x00,0x00,0x81,0x00,0x05,0x00,0x9f,0x00,0x00,0x00,0x3e,0x54,0x00,0x00,
0x79,0x53,0x00,0x00,0x30,0x54,0x00,0x00,0x81,0x00,0x05,0x00,0x9f,0x00,0x00,0x00,
0x40,0x54,0x00,0x00,0x3e,0x54,0x00,0x00,0x32,0x54,0x00,0x00,0x81,0x00,0x05,0x00,
0x9f,0x00,0x00,0x00,0x42,0x54,0x00,0x00,0x40,0x54,0x00,0x00,0x34,0x54,0x00,0x00,
0x8e,0x00,0x05,0x00,0x9f,0x00,0x00,0x00,0x43,0x54,0x00,0x00,0x42,0x54,0x00,0x00,
0xaf,0x04,0x00,0x00,0x89,0x00,0x05,0x00,0x06,0x00,0x00,0x00,0xdb,0x0a,0x00,0x00,
0x0b,0x09,0x00,0x00,0x0b,0x02,0x00,0x00,0xaa,0x00,0x05,0x00,0x6e,0x00,0x00,0x00,
0xdc,0x0a,0x00,0x00,0xdb,0x0a,0x00,0x00,0xbf,0x01,0x00,0x00,0xf7,0x00,0x03,0x00,
0x42,0x0b,0x00,0x00,0x00,0x00,0x00,0x00,0xfa,0x00,0x04,0x00,0xdc,0x0a,0x00,0x00,
0xdd,0x0a,0x00,0x00,0x42,0x0b,0x00,0x00,0xf8,0x00,0x02,0x00,0xdd,0x0a,0x00,0x00,
0x84,0x00,0x05,0x00,0x2d,0x00,0x00,0x00,0xe0,0x0a,0x00,0x00,0x52,0x09,0x00,0x00,
0xd7,0x77,0x00,0x00,0x7c,0x00,0x04,0x00,0x32,0x00,0x00,0x00,0xe1,0x0a,0x00,0x00,
0xe0,0x0a,0x00,0x00,0x86,0x00,0x05,0x00,0x06,0x00,0x00,0x00,0xe3,0x0a,0x00,0x00,
0x84,0x09,0x00,0x00,0x6b,0x01,0x00,0x00,0x7c,0x00,0x04,0x00,0x1a,0x00,0x00,0x00,
0xe4,0x0a,0x00,0x00,0xe3,0x0a,0x00,0x00,0x86,0x00,0x05,0x00,0x06,0x00,0x00,0x00,
0xe6,0x0a,0x00,0x00,0x8a,0x09,0x00,0x00,0x6b,0x01,0x00,0x00,0x7c,0x00,0x04,0x00,
0x1a,0x00,0x00,0x00,0xe7,0x0a,0x00,0x00,0xe6,0x0a,0x00,0x00,0x50,0x00,0x05,0x00,
0x32,0x00,0x00,0x00,0xe8,0x0a,0x00,0x00,0xe4,0x0a,0x00,0x00,0xe7,0x0a,0x00,0x00,
0x80,0x00,0x05,0x00,0x32,0x00,0x00,0x00,0xe9,0x0a,0x00,0x00,0xe1,0x0a,0x00,0x00,
0xe8,0x0a,0x00,0x00,0x3d,0x00,0x04,0x00,0xe4,0x01,0x00,0x00,0x5f,0x54,0x00,0x00,
0xf0,0x01,0x00,0x00,0x51,0x00,0x05,0x00,0x13,0x00,0x00,0x00,0x62,0x54,0x00,0x00,
0xe3,0x53,0x00,0x00,0x00,0x00,0x00,0x00,0x51,0x00,0x05,0x00,0x13,0x00,0x00,0x00,
0x63,0x54,0x00,0x00,0xe3,0x53,0x00,0x00,0x01,0x00,0x00,0x00,0x50,0x00,0x07,0x00,
0x9f,0x00,0x00,0x00,0x64,0x54,0x00,0x00,0x62,0x54,0x00,0x00,0x63,0x54,0x00,0x00,
0xd8,0x01,0x00,0x00,0xd8,0x01,0x00,0x00,0x63,0x00,0x04,0x00,0x5f,0x54,0x00,0x00,
0xe9,0x0a,0x00,0x00,0x64,0x54,0x00,0x00,0x41,0x00,0x06,0x00,0xc6,0x04,0x00,0x00,
0x93,0x54,0x00,0x00,0xc3,0x04,0x00,0x00,0xe3,0x0a,0x00,0x00,0xe6,0x0a,0x00,0x00,
0x3e,0x00,0x03,0x00,0x93,0x54,0x00,0x00,0x62,0x54,0x00,0x00,0x41,0x00,0x06,0x00,
0xc6,0x04,0x00,0x00,0x98,0x54,0x00,0x00,0xc9,0x04,0x00,0x00,0xe3,0x0a,0x00,0x00,
0xe6,0x0a,0x00,0x00,0x3e,0x00,0x03,0x00,0x98,0x54,0x00,0x00,0x63,0x54,0x00,0x00,
0x51,0x00,0x05,0x00,0x13,0x00,0x00,0x00,0x9c,0x54,0x00,0x00,0xe3,0x53,0x00,0x00,
0x02,0x00,0x00,0x00,0x41,0x00,0x06,0x00,0xc6,0x04,0x00,0x00,0x9d,0x54,0x00,0x00,
0xce,0x04,0x00,0x00,0xe3,0x0a,0x00,0x00,0xe6,0x0a,0x00,0x00,0x3e,0x00,0x03,0x00,
0x9d,0x54,0x00,0x00,0x9c,0x54,0x00,0x00,0x51,0x00,0x05,0x00,0x13,0x00,0x00,0x00,
0xa1,0x54,0x00,0x00,0xe3,0x53,0x00,0x00,0x03,0x00,0x00,0x00,0x41,0x00,0x06,0x00,
0xc6,0x04,0x00,0x00,0xa2,0x54,0x00,0x00,0xd3,0x04,0x00,0x00,0xe3,0x0a,0x00,0x00,
0xe6,0x0a,0x00,0x00,0x3e,0x00,0x03,0x00,0xa2,0x54,0x00,0x00,0xa1,0x54,0x00,0x00,
0x80,0x00,0x05,0x00,0x06,0x00,0x00,0x00,0xfb,0x0a,0x00,0x00,0xe3,0x0a,0x00,0x00,
0x78,0x06,0x00,0x00,0x7c,0x00,0x04,0x00,0x1a,0x00,0x00,0x00,0xfc,0x0a,0x00,0x00,
0xfb,0x0a,0x00,0x00,0x50,0x00,0x05,0x00,0x32,0x00,0x00,0x00,0x00,0x0b,0x00,0x00,
0xfc,0x0a,0x00,0x00,0xe7,0x0a,0x00,0x00,0x80,0x00,0x05,0x00,0x32,0x00,0x00,0x00,
0x01,0x0b,0x00,0x00,0xe1,0x0a,0x00,0x00,0x00,0x0b,0x00,0x00,0x3d,0x00,0x04,0x00,
0xe4,0x01,0x00,0x00,0xbe,0x54,0x00,0x00,0xf0,0x01,0x00,0x00,0x51,0x00,0x05,0x00,
0x13,0x00,0x00,0x00,0xc1,0x54,0x00,0x00,0x03,0x54,0x00,0x00,0x00,0x00,0x00,0x00,
0x51,0x00,0x05,0x00,0x13,0x00,0x00,0x00,0xc2,0x54,0x00,0x00,0x03,0x54,0x00,0x00,
0x01,0x00,0x00,0x00,0x50,0x00,0x07,0x00,0x9f,0x00,0x00,0x00,0xc3,0x54,0x00,0x00,
0xc1,0x54,0x00,0x00,0xc2,0x54,0x00,0x00,0xd8,0x01,0x00,0x00,0xd8,0x01,0x00,0x00,
0x63,0x00,0x04,0x00,0xbe,0x54,0x00,0x00,0x01,0x0b,0x00,0x00,0xc3,0x54,0x00,0x00,
0x41,0x00,0x06,0x00,0xc6,0x04,0x00,0x00,0xf2,0x54,0x00,0x00,0xc3,0x04,0x00,0x00,
0xfb,0x0a,0x00,0x00,0xe6,0x0a,0x00,0x00,0x3e,0x00,0x03,0x00,0xf2,0x54,0x00,0x00,
0xc1,0x54,0x00,0x00,0x41,0x00,0x06,0x00,0xc6,0x04,0x00,0x00,0xf7,0x54,0x00,0x00,
0xc9,0x04,0x00,0x00,0xfb,0x0a,0x00,0x00,0xe6,0x0a,0x00,0x00,0x3e,0x00,0x03,0x00,
0xf7,0x54,0x00,0x00,0xc2,0x54,0x00,0x00,0x51,0x00,0x05,0x00,0x13,0x00,0x00,0x00,
0xfb,0x54,0x00,0x00,0x03,0x54,0x00,0x00,0x02,0x00,0x00,0x00,0x41,0x00,0x06,0x00,
0xc6,0x04,0x00,0x00,0xfc,0x54,0x00,0x00,0xce,0x04,0x00,0x00,0xfb,0x0a,0x00,0x00,
0xe6,0x0a,0x00,0x00,0x3e,0x00,0x03,0x00,0xfc,0x54,0x00,0x00,0xfb,0x54,0x00,0x00,
0x51,0x00,0x05,0x00,0x13,0x00,0x00,0x00,0x00,0x55,0x00,0x00,0x03,0x54,0x00,0x00,
0x03,0x00,0x00,0x00,0x41,0x00,0x06,0x00,0xc6,0x04,0x00,0x00,0x01,0x55,0x00,0x00,
0xd3,0x04,0x00,0x00,0xfb,0x0a,0x00,0x00,0xe6,0x0a,0x00,0x00,0x3e,0x00,0x03,0x00,
0x01,0x55,0x00,0x00,0x00,0x55,0x00,0x00,0x80,0x00,0x05,0x00,0x06,0x00,0x00,0x00,
0x17,0x0b,0x00,0x00,0xe6,0x0a,0x00,0x00,0x78,0x06,0x00,0x00,0x7c,0x00,0x04,0x00,
0x1a,0x00,0x00,0x00,0x18,0x0b,0x00,0x00,0x17,0x0b,0x00,0x00,0x50,0x00,0x05,0x00,
0x32,0x00,0x00,0x00,0x19,0x0b,0x00,0x00,0xe4,0x0a,0x00,0x00,0x18,0x0b,0x00,0x00,
0x80,0x00,0x05,0x00,0x32,0x00,0x00,0x00,0x1a,0x0b,0x00,0x00,0xe1,0x0a,0x00,0x00,
0x19,0x0b,0x00,0x00,0x3d,0x00,0x04,0x00,0xe4,0x01,0x00,0x00,0x1d,0x55,0x00,0x00,
0xf0,0x01,0x00,0x00,0x51,0x00,0x05,0x00,0x13,0x00,0x00,0x00,0x20,0x55,0x00,0x00,
0x23,0x54,0x00,0x00,0x00,0x00,0x00,0x00,0x51,0x00,0x05,0x00,0x13,0x00,0x00,0x00,
0x21,0x55,0x00,0x00,0x23,0x54,0x00,0x00,0x01,0x00,0x00,0x00,0x50,0x00,0x07,0x00,
0x9f,0x00,0x00,0x00,0x22,0x55,0x00,0x00,0x20,0x55,0x00,0x00,0x21,0x55,0x00,0x00,
0xd8,0x01,0x00,0x00,0xd8,0x01,0x00,0x00,0x63,0x00,0x04,0x00,0x1d,0x55,0x00,0x00,
0x1a,0x0b,0x00,0x00,0x22,0x55,0x00,0x00,0x41,0x00,0x06,0x00,0xc6,0x04,0x00,0x00,
0x51,0x55,0x00,0x00,0xc3,0x04,0x00,0x00,0xe3,0x0a,0x00,0x00,0x17,0x0b,0x00,0x00,
0x3e,0x00,0x03,0x00,0x51,0x55,0x00,0x00,0x20,0x55,0x00,0x00,0x41,0x00,0x06,0x00,
0xc6,0x04,0x00,0x00,0x56,0x55,0x00,0x00,0xc9,0x04,0x00,0x00,0xe3,0x0a,0x00,0x00,
0x17,0x0b,0x00,0x00,0x3e,0x00,0x03,0x00,0x56,0x55,0x00,0x00,0x21,0x55,0x00,0x00,
0x51,0x00,0x05,0x00,0x13,0x00,0x00,0x00,0x5a,0x55,0x00,0x00,0x23,0x54,0x00,0x00,
0x02,0x00,0x00,0x00,0x41,0x00,0x06,0x00,0xc6,0x04,0x00,0x00,0x5b,0x55,0x00,0x00,
0xce,0x04,0x00,0x00,0xe3,0x0a,0x00,0x00,0x17,0x0b,0x00,0x00,0x3e,0x00,0x03,0x00,
0x5b,0x55,0x00,0x00,0x5a,0x55,0x00,0x00,0x51,0x00,0x05,0x00,0x13,0x00,0x00,0x00,
0x5f,0x55,0x00,0x00,0x23,0x54,0x00,0x00,0x03,0x00,0x00,0x00,0x41,0x00,0x06,0x00,
0xc6,0x04,0x00,0x00,0x60,0x55,0x00,0x00,0xd3,0x04,0x00,0x00,0xe3,0x0a,0x00,0x00,
0x17,0x0b,0x00,0x00,0x3e,0x00,0x03,0x00,0x60,0x55,0x00,0x00,0x5f,0x55,0x00,0x00,
0x50,0x00,0x05,0x00,0x32,0x00,0x00,0x00,0x33,0x0b,0x00,0x00,0xfc,0x0a,0x00,0x00,
0x18,0x0b,0x00,0x00,0x80,0x00,0x05,0x00,0x32,0x00,0x00,0x00,0x34,0x0b,0x00,0x00,
0xe1,0x0a,0x00,0x00,0x33,0x0b,0x00,0x00,0x3d,0x00,0x04,0x00,0xe4,0x01,0x00,0x00,
0x7c,0x55,0x00,0x00,0xf0,0x01,0x00,0x00,0x51,0x00,0x05,0x00,0x13,0x00,0x00,0x00,
0x7f,0x55,0x00,0x00,0x43,0x54,0x00,0x00,0x00,0x00,0x00,0x00,0x51,0x00,0x05,0x00,
0x13,0x00,0x00,0x00,0x80,0x55,0x00,0x00,0x43,0x54,0x00,0x00,0x01,0x00,0x00,0x00,
0x50,0x00,0x07,0x00,0x9f,0x00,0x00,0x00,0x81,0x55,0x00,0x00,0x7f,0x55,0x00,0x00,
0x80,0x55,0x00,0x00,0xd8,0x01,0x00,0x00,0xd8,0x01,0x00,0x00,0x63,0x00,0x04,0x00,
0x7c,0x55,0x00,0x00,0x34,0x0b,0x00,0x00,0x81,0x55,0x00,0x00,0x41,0x00,0x06,0x00,
0xc6,0x04,0x00,0x00,0xb0,0x55,0x00,0x00,0xc3,0x04,0x00,0x00,0xfb,0x0a,0x00,0x00,
0x17,0x0b,0x00,0x00,0x3e,0x00,0x03,0x00,0xb0,0x55,0x00,0x00,0x7f,0x55,0x00,0x00,
0x41,0x00,0x06,0x00,0xc6,0x04,0x00,0x00,0xb5,0x55,0x00,0x00,0xc9,0x04,0x00,0x00,
0xfb,0x0a,0x00,0x00,0x17,0x0b,0x00,0x00,0x3e,0x00,0x03,0x00,0xb5,0x55,0x00,0x00,
0x80,0x55,0x00,0x00,0x51,0x00,0x05,0x00,0x13,0x00,0x00,0x00,0xb9,0x55,0x00,0x00,
0x43,0x54,0x00,0x00,0x02,0x00,0x00,0x00,0x41,0x00,0x06,0x00,0xc6,0x04,0x00,0x00,
0xba,0x55,0x00,0x00,0xce,0x04,0x00,0x00,0xfb,0x0a,0x00,0x00,0x17,0x0b,0x00,0x00,
0x3e,0x00,0x03,0x00,0xba,0x55,0x00,0x00,0xb9,0x55,0x00,0x00,0x51,0x00,0x05,0x00,
0x13,0x00,0x00,0x00,0xbe,0x55,0x00,0x00,0x43,0x54,0x00,0x00,0x03,0x00,0x00,0x00,
0x41,0x00,0x06,0x00,0xc6,0x04,0x00,0x00,0xbf,0x55,0x00,0x00,0xd3,0x04,0x00,0x00,
0xfb,0x0a,0x00,0x00,0x17,0x0b,0x00,0x00,0x3e,0x00,0x03,0x00,0xbf,0x55,0x00,0x00,
0xbe,0x55,0x00,0x00,0xf9,0x00,0x02,0x00,0x42,0x0b,0x00,0x00,0xf8,0x00,0x02,0x00,
0x42,0x0b,0x00,0x00,0xf9,0x00,0x02,0x00,0x43,0x0b,0x00,0x00,0xf8,0x00,0x02,0x00,
0x43,0x0b,0x00,0x00,0xf7,0x00,0x03,0x00,0x11,0x56,0x00,0x00,0x00,0x00,0x00,0x00,
0xfb,0x00,0x03,0x00,0xbf,0x01,0x00,0x00,0xd8,0x55,0x00,0x00,0xf8,0x00,0x02,0x00,
0xd8,0x55,0x00,0x00,0xb2,0x00,0x05,0x00,0x6e,0x00,0x00,0x00,0xdb,0x55,0x00,0x00,
0x41,0x09,0x00,0x00,0x6b,0x01,0x00,0x00,0xf7,0x00,0x03,0x00,0xdd,0x55,0x00,0x00,
0x00,0x00,0x00,0x00,0xfa,0x00,0x04,0x00,0xdb,0x55,0x00,0x00,0xdc,0x55,0x00,0x00,
0xdd,0x55,0x00,0x00,0xf8,0x00,0x02,0x00,0xdc,0x55,0x00,0x00,0xf9,0x00,0x02,0x00,
0x11,0x56,0x00,0x00,0xf8,0x00,0x02,0x00,0xdd,0x55,0x00,0x00,0xe1,0x00,0x03,0x00,
0x6b,0x01,0x00,0x00,0xef,0x04,0x00,0x00,0xe0,0x00,0x04,0x00,0x6b,0x01,0x00,0x00,
0x6b,0x01,0x00,0x00,0xf0,0x04,0x00,0x00,0x41,0x00,0x06,0x00,0xc6,0x04,0x00,0x00,
0x45,0x56,0x00,0x00,0xc3,0x04,0x00,0x00,0x84,0x09,0x00,0x00,0x8a,0x09,0x00,0x00,
0x3d,0x00,0x04,0x00,0x13,0x00,0x00,0x00,0x46,0x56,0x00,0x00,0x45,0x56,0x00,0x00,
0x41,0x00,0x06,0x00,0xc6,0x04,0x00,0x00,0x49,0x56,0x00,0x00,0xc9,0x04,0x00,0x00,
0x84,0x09,0x00,0x00,0x8a,0x09,0x00,0x00,0x3d,0x00,0x04,0x00,0x13,0x00,0x00,0x00,
0x4a,0x56,0x00,0x00,0x49,0x56,0x00,0x00,0x41,0x00,0x06,0x00,0xc6,0x04,0x00,0x00,
0x4d,0x56,0x00,0x00,0xce,0x04,0x00,0x00,0x84,0x09,0x00,0x00,0x8a,0x09,0x00,0x00,
0x3d,0x00,0x04,0x00,0x13,0x00,0x00,0x00,0x4e,0x56,0x00,0x00,0x4d,0x56,0x00,0x00,
0x41,0x00,0x06,0x00,0xc6,0x04,0x00,0x00,0x51,0x56,0x00,0x00,0xd3,0x04,0x00,0x00,
0x84,0x09,0x00,0x00,0x8a,0x09,0x00,0x00,0x3d,0x00,0x04,0x00,0x13,0x00,0x00,0x00,
0x52,0x56,0x00,0x00,0x51,0x56,0x00,0x00,0x50,0x00,0x07,0x00,0x9f,0x00,0x00,0x00,
0x53,0x56,0x00,0x00,0x46,0x56,0x00,0x00,0x4a,0x56,0x00,0x00,0x4e,0x56,0x00,0x00,
0x52,0x56,0x00,0x00,0x6e,0x01,0x06,0x00,0x9f,0x00,0x00,0x00,0x60,0x56,0x00,0x00,
0x6c,0x01,0x00,0x00,0x53,0x56,0x00,0x00,0xbf,0x01,0x00,0x00,0x6e,0x01,0x06,0x00,
0x9f,0x00,0x00,0x00,0x62,0x56,0x00,0x00,0x6c,0x01,0x00,0x00,0x53,0x56,0x00,0x00,
0x72,0x01,0x00,0x00,0x6e,0x01,0x06,0x00,0x9f,0x00,0x00,0x00,0x64,0x56,0x00,0x00,
0x6c,0x01,0x00,0x00,0x53,0x56,0x00,0x00,0x6b,0x01,0x00,0x00,0x81,0x00,0x05,0x00,
0x9f,0x00,0x00,0x00,0x6e,0x56,0x00,0x00,0x53,0x56,0x00,0x00,0x60,0x56,0x00,0x00,
0x81,0x00,0x05,0x00,0x9f,0x00,0x00,0x00,0x70,0x56,0x00,0x00,0x6e,0x56,0x00,0x00,
0x62,0x56,0x00,0x00,0x81,0x00,0x05,0x00,0x9f,0x00,0x00,0x00,0x72,0x56,0x00,0x00,
0x70,0x56,0x00,0x00,0x64,0x56,0x00,0x00,0x8e,0x00,0x05,0x00,0x9f,0x00,0x00,0x00,
0x73,0x56,0x00,0x00,0x72,0x56,0x00,0x00,0xaf,0x04,0x00,0x00,0x89,0x00,0x05,0x00,
0x06,0x00,0x00,0x00,0x25,0x56,0x00,0x00,0x0b,0x09,0x00,0x00,0x0b,0x02,0x00,0x00,
0xaa,0x00,0x05,0x00,0x6e,0x00,0x00,0x00,0x26,0x56,0x00,0x00,0x25,0x56,0x00,0x00,
0xbf,0x01,0x00,0x00,0xf7,0x00,0x03,0x00,0x40,0x56,0x00,0x00,0x00,0x00,0x00,0x00,
0xfa,0x00,0x04,0x00,0x26,0x56,0x00,0x00,0x27,0x56,0x00,0x00,0x40,0x56,0x00,0x00,
0xf8,0x00,0x02,0x00,0x27,0x56,0x00,0x00,0x84,0x00,0x05,0x00,0x2d,0x00,0x00,0x00,
0x2a,0x56,0x00,0x00,0x52,0x09,0x00,0x00,0xd8,0x77,0x00,0x00,0x7c,0x00,0x04,0x00,
0x32,0x00,0x00,0x00,0x2b,0x56,0x00,0x00,0x2a,0x56,0x00,0x00,0x86,0x00,0x05,0x00,
0x06,0x00,0x00,0x00,0x2d,0x56,0x00,0x00,0x84,0x09,0x00,0x00,0x6b,0x01,0x00,0x00,
0x7c,0x00,0x04,0x00,0x1a,0x00,0x00,0x00,0x2e,0x56,0x00,0x00,0x2d,0x56,0x00,0x00,
0x86,0x00,0x05,0x00,0x06,0x00,0x00,0x00,0x30,0x56,0x00,0x00,0x8a,0x09,0x00,0x00,
0x6b,0x01,0x00,0x00,0x7c,0x00,0x04,0x00,0x1a,0x00,0x00,0x00,0x31,0x56,0x00,0x00,
0x30,0x56,0x00,0x00,0x50,0x00,0x05,0x00,0x32,0x00,0x00,0x00,0x32,0x56,0x00,0x00,
0x2e,0x56,0x00,0x00,0x31,0x56,0x00,0x00,0x80,0x00,0x05,0x00,0x32,0x00,0x00,0x00,
0x33,0x56,0x00,0x00,0x2b,0x56,0x00,0x00,0x32,0x56,0x00,0x00,0x3d,0x00,0x04,0x00,
0xe4,0x01,0x00,0x00,0x99,0x56,0x00,0x00,0xfa,0x01,0x00,0x00,0x51,0x00,0x05,0x00,
0x13,0x00,0x00,0x00,0x9c,0x56,0x00,0x00,0x73,0x56,0x00,0x00,0x00,0x00,0x00,0x00,
0x51,0x00,0x05,0x00,0x13,0x00,0x00,0x00,0x9d,0x56,0x00,0x00,0x73,0x56,0x00,0x00,
0x01,0x00,0x00,0x00,0x50,0x00,0x07,0x00,0x9f,0x00,0x00,0x00,0x9e,0x56,0x00,0x00,
0x9c,0x56,0x00,0x00,0x9d,0x56,0x00,0x00,0xd8,0x01,0x00,0x00,0xd8,0x01,0x00,0x00,
0x63,0x00,0x04,0x00,0x99,0x56,0x00,0x00,0x33,0x56,0x00,0x00,0x9e,0x56,0x00,0x00,
0x89,0x00,0x05,0x00,0x06,0x00,0x00,0x00,0x3b,0x56,0x00,0x00,0x30,0x56,0x00,0x00,
0x6b,0x01,0x00,0x00,0x80,0x00,0x05,0x00,0x06,0x00,0x00,0x00,0x3c,0x56,0x00,0x00,
0x84,0x09,0x00,0x00,0x3b,0x56,0x00,0x00,0x41,0x00,0x06,0x00,0xc6,0x04,0x00,0x00,
0xc3,0x56,0x00,0x00,0xc3,0x04,0x00,0x00,0x3c,0x56,0x00,0x00,0x8a,0x09,0x00,0x00,
0x3e,0x00,0x03,0x00,0xc3,0x56,0x00,0x00,0x9c,0x56,0x00,0x00,0x41,0x00,0x06,0x00,
0xc6,0x04,0x00,0x00,0xc8,0x56,0x00,0x00,0xc9,0x04,0x00,0x00,0x3c,0x56,0x00,0x00,
0x8a,0x09,0x00,0x00,0x3e,0x00,0x03,0x00,0xc8,0x56,0x00,0x00,0x9d,0x56,0x00,0x00,
0x51,0x00,0x05,0x00,0x13,0x00,0x00,0x00,0xcc,0x56,0x00,0x00,0x73,0x56,0x00,0x00,
0x02,0x00,0x00,0x00,0x41,0x00,0x06,0x00,0xc6,0x04,0x00,0x00,0xcd,0x56,0x00,0x00,
0xce,0x04,0x00,0x00,0x3c,0x56,0x00,0x00,0x8a,0x09,0x00,0x00,0x3e,0x00,0x03,0x00,
0xcd,0x56,0x00,0x00,0xcc,0x56,0x00,0x00,0x51,0x00,0x05,0x00,0x13,0x00,0x00,0x00,
0xd1,0x56,0x00,0x00,0x73,0x56,0x00,0x00,0x03,0x00,0x00,0x00,0x41,0x00,0x06,0x00,
0xc6,0x04,0x00,0x00,0xd2,0x56,0x00,0x00,0xd3,0x04,0x00,0x00,0x3c,0x56,0x00,0x00,
0x8a,0x09,0x00,0x00,0x3e,0x00,0x03,0x00,0xd2,0x56,0x00,0x00,0xd1,0x56,0x00,0x00,
0xf9,0x00,0x02,0x00,0x40,0x56,0x00,0x00,0xf8,0x00,0x02,0x00,0x40,0x56,0x00,0x00,
0xb2,0x00,0x05,0x00,0x6e,0x00,0x00,0x00,0xe9,0x55,0x00,0x00,0x41,0x09,0x00,0x00,
0x6c,0x01,0x00,0x00,0xf7,0x00,0x03,0x00,0xeb,0x55,0x00,0x00,0x00,0x00,0x00,0x00,
0xfa,0x00,0x04,0x00,0xe9,0x55,0x00,0x00,0xea,0x55,0x00,0x00,0xeb,0x55,0x00,0x00,
0xf8,0x00,0x02,0x00,0xea,0x55,0x00,0x00,0xf9,0x00,0x02,0x00,0x11,0x56,0x00,0x00,
0xf8,0x00,0x02,0x00,0xeb,0x55,0x00,0x00,0xe1,0x00,0x03,0x00,0x6b,0x01,0x00,0x00,
0xef,0x04,0x00,0x00,0xe0,0x00,0x04,0x00,0x6b,0x01,0x00,0x00,0x6b,0x01,0x00,0x00,
0xf0,0x04,0x00,0x00,0xb0,0x00,0x05,0x00,0x6e,0x00,0x00,0x00,0xe1,0x56,0x00,0x00,
0x0b,0x09,0x00,0x00,0x91,0x05,0x00,0x00,0xf7,0x00,0x03,0x00,0x0b,0x57,0x00,0x00,
0x00,0x00,0x00,0x00,0xfa,0x00,0x04,0x00,0xe1,0x56,0x00,0x00,0xe2,0x56,0x00,0x00,
0x0b,0x57,0x00,0x00,0xf8,0x00,0x02,0x00,0xe2,0x56,0x00,0x00,0x89,0x00,0x05,0x00,
0x06,0x00,0x00,0x00,0xe6,0x56,0x00,0x00,0x8a,0x09,0x00,0x00,0x6b,0x01,0x00,0x00,
0x80,0x00,0x05,0x00,0x06,0x00,0x00,0x00,0xe7,0x56,0x00,0x00,0x43,0x0a,0x00,0x00,
0xe6,0x56,0x00,0x00,0x41,0x00,0x06,0x00,0xc6,0x04,0x00,0x00,0x10,0x57,0x00,0x00,
0xc3,0x04,0x00,0x00,0xe7,0x56,0x00,0x00,0x46,0x0a,0x00,0x00,0x3d,0x00,0x04,0x00,
0x13,0x00,0x00,0x00,0x11,0x57,0x00,0x00,0x10,0x57,0x00,0x00,0x41,0x00,0x06,0x00,
0xc6,0x04,0x00,0x00,0x14,0x57,0x00,0x00,0xc9,0x04,0x00,0x00,0xe7,0x56,0x00,0x00,
0x46,0x0a,0x00,0x00,0x3d,0x00,0x04,0x00,0x13,0x00,0x00,0x00,0x15,0x57,0x00,0x00,
0x14,0x57,0x00,0x00,0x41,0x00,0x06,0x00,0xc6,0x04,0x00,0x00,0x18,0x57,0x00,0x00,
0xce,0x04,0x00,0x00,0xe7,0x56,0x00,0x00,0x46,0x0a,0x00,0x00,0x3d,0x00,0x04,0x00,
0x13,0x00,0x00,0x00,0x19,0x57,0x00,0x00,0x18,0x57,0x00,0x00,0x41,0x00,0x06,0x00,
0xc6,0x04,0x00,0x00,0x1c,0x57,0x00,0x00,0xd3,0x04,0x00,0x00,0xe7,0x56,0x00,0x00,
0x46,0x0a,0x00,0x00,0x3d,0x00,0x04,0x00,0x13,0x00,0x00,0x00,0x1d,0x57,0x00,0x00,
0x1c,0x57,0x00,0x00,0x50,0x00,0x07,0x00,0x9f,0x00,0x00,0x00,0x1e,0x57,0x00,0x00,
0x11,0x57,0x00,0x00,0x15,0x57,0x00,0x00,0x19,0x57,0x00,0x00,0x1d,0x57,0x00,0x00,
0x6e,0x01,0x06,0x00,0x9f,0x00,0x00,0x00,0x2b,0x57,0x00,0x00,0x6c,0x01,0x00,0x00,
0x1e,0x57,0x00,0x00,0xbf,0x01,0x00,0x00,0x6e,0x01,0x06,0x00,0x9f,0x00,0x00,0x00,
0x2d,0x57,0x00,0x00,0x6c,0x01,0x00,0x00,0x1e,0x57,0x00,0x00,0x72,0x01,0x00,0x00,
0x6e,0x01,0x06,0x00,0x9f,0x00,0x00,0x00,0x2f,0x57,0x00,0x00,0x6c,0x01,0x00,0x00,
0x1e,0x57,0x00,0x00,0x6b,0x01,0x00,0x00,0x81,0x00,0x05,0x00,0x9f,0x00,0x00,0x00,
0x39,0x57,0x00,0x00,0x1e,0x57,0x00,0x00,0x2b,0x57,0x00,0x00,0x81,0x00,0x05,0x00,
0x9f,0x00,0x00,0x00,0x3b,0x57,0x00,0x00,0x39,0x57,0x00,0x00,0x2d,0x57,0x00,0x00,
0x81,0x00,0x05,0x00,0x9f,0x00,0x00,0x00,0x3d,0x57,0x00,0x00,0x3b,0x57,0x00,0x00,
0x2f,0x57,0x00,0x00,0x8e,0x00,0x05,0x00,0x9f,0x00,0x00,0x00,0x3e,0x57,0x00,0x00,
0x3d,0x57,0x00,0x00,0xaf,0x04,0x00,0x00,0xf7,0x00,0x03,0x00,0x0a,0x57,0x00,0x00,
0x00,0x00,0x00,0x00,0xfa,0x00,0x04,0x00,0x26,0x56,0x00,0x00,0xf0,0x56,0x00,0x00,
0x0a,0x57,0x00,0x00,0xf8,0x00,0x02,0x00,0xf0,0x56,0x00,0x00,0x84,0x00,0x05,0x00,
0x2d,0x00,0x00,0x00,0xf3,0x56,0x00,0x00,0x52,0x09,0x00,0x00,0xd9,0x77,0x00,0x00,
0x7c,0x00,0x04,0x00,0x32,0x00,0x00,0x00,0xf4,0x56,0x00,0x00,0xf3,0x56,0x00,0x00,
0x86,0x00,0x05,0x00,0x06,0x00,0x00,0x00,0xf6,0x56,0x00,0x00,0x84,0x09,0x00,0x00,
0x6b,0x01,0x00,0x00,0x7c,0x00,0x04,0x00,0x1a,0x00,0x00,0x00,0xf7,0x56,0x00,0x00,
0xf6,0x56,0x00,0x00,0x86,0x00,0x05,0x00,0x06,0x00,0x00,0x00,0xf9,0x56,0x00,0x00,
0x8a,0x09,0x00,0x00,0x6b,0x01,0x00,0x00,0x7c,0x00,0x04,0x00,0x1a,0x00,0x00,0x00,
0xfa,0x56,0x00,0x00,0xf9,0x56,0x00,0x00,0x50,0x00,0x05,0x00,0x32,0x00,0x00,0x00,
0xfb,0x56,0x00,0x00,0xf7,0x56,0x00,0x00,0xfa,0x56,0x00,0x00,0x80,0x00,0x05,0x00,
0x32,0x00,0x00,0x00,0xfc,0x56,0x00,0x00,0xf4,0x56,0x00,0x00,0xfb,0x56,0x00,0x00,
0x3d,0x00,0x04,0x00,0xe4,0x01,0x00,0x00,0x6e,0x57,0x00,0x00,0x04,0x02,0x00,0x00,
0x51,0x00,0x05,0x00,0x13,0x00,0x00,0x00,0x71,0x57,0x00,0x00,0x3e,0x57,0x00,0x00,
0x00,0x00,0x00,0x00,0x51,0x00,0x05,0x00,0x13,0x00,0x00,0x00,0x72,0x57,0x00,0x00,
0x3e,0x57,0x00,0x00,0x01,0x00,0x00,0x00,0x50,0x00,0x07,0x00,0x9f,0x00,0x00,0x00,
0x73,0x57,0x00,0x00,0x71,0x57,0x00,0x00,0x72,0x57,0x00,0x00,0xd8,0x01,0x00,0x00,
0xd8,0x01,0x00,0x00,0x63,0x00,0x04,0x00,0x6e,0x57,0x00,0x00,0xfc,0x56,0x00,0x00,
0x73,0x57,0x00,0x00,0x80,0x00,0x05,0x00,0x06,0x00,0x00,0x00,0x05,0x57,0x00,0x00,
0x43,0x0a,0x00,0x00,0xf9,0x56,0x00,0x00,0x41,0x00,0x06,0x00,0xc6,0x04,0x00,0x00,
0x8e,0x57,0x00,0x00,0xc3,0x04,0x00,0x00,0x05,0x57,0x00,0x00,0x46,0x0a,0x00,0x00,
0x3e,0x00,0x03,0x00,0x8e,0x57,0x00,0x00,0x71,0x57,0x00,0x00,0x41,0x00,0x06,0x00,
0xc6,0x04,0x00,0x00,0x93,0x57,0x00,0x00,0xc9,0x04,0x00,0x00,0x05,0x57,0x00,0x00,
0x46,0x0a,0x00,0x00,0x3e,0x00,0x03,0x00,0x93,0x57,0x00,0x00,0x72,0x57,0x00,0x00,
0x51,0x00,0x05,0x00,0x13,0x00,0x00,0x00,0x97,0x57,0x00,0x00,0x3e,0x57,0x00,0x00,
0x02,0x00,0x00,0x00,0x41,0x00,0x06,0x00,0xc6,0x04,0x00,0x00,0x98,0x57,0x00,0x00,
0xce,0x04,0x00,0x00,0x05,0x57,0x00,0x00,0x46,0x0a,0x00,0x00,0x3e,0x00,0x03,0x00,
0x98,0x57,0x00,0x00,0x97,0x57,0x00,0x00,0x51,0x00,0x05,0x00,0x13,0x00,0x00,0x00,
0x9c,0x57,0x00,0x00,0x3e,0x57,0x00,0x00,0x03,0x00,0x00,0x00,0x41,0x00,0x06,0x00,
0xc6,0x04,0x00,0x00,0x9d,0x57,0x00,0x00,0xd3,0x04,0x00,0x00,0x05,0x57,0x00,0x00,
0x46,0x0a,0x00,0x00,0x3e,0x00,0x03,0x00,0x9d,0x57,0x00,0x00,0x9c,0x57,0x00,0x00,
0xf9,0x00,0x02,0x00,0x0a,0x57,0x00,0x00,0xf8,0x00,0x02,0x00,0x0a,0x57,0x00,0x00,
0xf9,0x00,0x02,0x00,0x0b,0x57,0x00,0x00,0xf8,0x00,0x02,0x00,0x0b,0x57,0x00,0x00,
0xb2,0x00,0x05,0x00,0x6e,0x00,0x00,0x00,0xf8,0x55,0x00,0x00,0x41,0x09,0x00,0x00,
0x0b,0x02,0x00,0x00,0xf7,0x00,0x03,0x00,0xfa,0x55,0x00,0x00,0x00,0x00,0x00,0x00,
0xfa,0x00,0x04,0x00,0xf8,0x55,0x00,0x00,0xf9,0x55,0x00,0x00,0xfa,0x55,0x00,0x00,
0xf8,0x00,0x02,0x00,0xf9,0x55,0x00,0x00,0xf9,0x00,0x02,0x00,0x11,0x56,0x00,0x00,
0xf8,0x00,0x02,0x00,0xfa,0x55,0x00,0x00,0xe1,0x00,0x03,0x00,0x6b,0x01,0x00,0x00,
0xef,0x04,0x00,0x00,0xe0,0x00,0x04,0x00,0x6b,0x01,0x00,0x00,0x6b,0x01,0x00,0x00,
0xf0,0x04,0x00,0x00,0xb0,0x00,0x05,0x00,0x6e,0x00,0x00,0x00,0xac,0x57,0x00,0x00,
0x0b,0x09,0x00,0x00,0xbf,0x04,0x00,0x00,0xf7,0x00,0x03,0x00,0xd2,0x57,0x00,0x00,
0x00,0x00,0x00,0x00,0xfa,0x00,0x04,0x00,0xac,0x57,0x00,0x00,0xad,0x57,0x00,0x00,
0xd2,0x57,0x00,0x00,0xf8,0x00,0x02,0x00,0xad,0x57,0x00,0x00,0x84,0x00,0x05,0x00,
0x06,0x00,0x00,0x00,0xaf,0x57,0x00,0x00,0x84,0x09,0x00,0x00,0x0b,0x02,0x00,0x00,
0x80,0x00,0x05,0x00,0x06,0x00,0x00,0x00,0xb1,0x57,0x00,0x00,0xaf,0x57,0x00,0x00,
0x8a,0x09,0x00,0x00,0x84,0x00,0x05,0x00,0x06,0x00,0x00,0x00,0xb3,0x57,0x00,0x00,
0x8a,0x09,0x00,0x00,0x0b,0x02,0x00,0x00,0x41,0x00,0x06,0x00,0xc6,0x04,0x00,0x00,
0xd7,0x57,0x00,0x00,0xc3,0x04,0x00,0x00,0xb1,0x57,0x00,0x00,0xb3,0x57,0x00,0x00,
0x3d,0x00,0x04,0x00,0x13,0x00,0x00,0x00,0xd8,0x57,0x00,0x00,0xd7,0x57,0x00,0x00,
0x41,0x00,0x06,0x00,0xc6,0x04,0x00,0x00,0xdb,0x57,0x00,0x00,0xc9,0x04,0x00,0x00,
0xb1,0x57,0x00,0x00,0xb3,0x57,0x00,0x00,0x3d,0x00,0x04,0x00,0x13,0x00,0x00,0x00,
0xdc,0x57,0x00,0x00,0xdb,0x57,0x00,0x00,0x41,0x00,0x06,0x00,0xc6,0x04,0x00,0x00,
0xdf,0x57,0x00,0x00,0xce,0x04,0x00,0x00,0xb1,0x57,0x00,0x00,0xb3,0x57,0x00,0x00,
0x3d,0x00,0x04,0x00,0x13,0x00,0x00,0x00,0xe0,0x57,0x00,0x00,0xdf,0x57,0x00,0x00,
0x41,0x00,0x06,0x00,0xc6,0x04,0x00,0x00,0xe3,0x57,0x00,0x00,0xd3,0x04,0x00,0x00,
0xb1,0x57,0x00,0x00,0xb3,0x57,0x00,0x00,0x3d,0x00,0x04,0x00,0x13,0x00,0x00,0x00,
0xe4,0x57,0x00,0x00,0xe3,0x57,0x00,0x00,0x50,0x00,0x07,0x00,0x9f,0x00,0x00,0x00,
0xe5,0x57,0x00,0x00,0xd8,0x57,0x00,0x00,0xdc,0x57,0x00,0x00,0xe0,0x57,0x00,0x00,
0xe4,0x57,0x00,0x00,0x6e,0x01,0x06,0x00,0x9f,0x00,0x00,0x00,0xf2,0x57,0x00,0x00,
0x6c,0x01,0x00,0x00,0xe5,0x57,0x00,0x00,0xbf,0x01,0x00,0x00,0x6e,0x01,0x06,0x00,
0x9f,0x00,0x00,0x00,0xf4,0x57,0x00,0x00,0x6c,0x01,0x00,0x00,0xe5,0x57,0x00,0x00,
0x72,0x01,0x00,0x00,0x6e,0x01,0x06,0x00,0x9f,0x00,0x00,0x00,0xf6,0x57,0x00,0x00,
0x6c,0x01,0x00,0x00,0xe5,0x57,0x00,0x00,0x6b,0x01,0x00,0x00,0x81,0x00,0x05,0x00,
0x9f,0x00,0x00,0x00,0x00,0x58,0x00,0x00,0xe5,0x57,0x00,0x00,0xf2,0x57,0x00,0x00,
0x81,0x00,0x05,0x00,0x9f,0x00,0x00,0x00,0x02,0x58,0x00,0x00,0x00,0x58,0x00,0x00,
0xf4,0x57,0x00,0x00,0x81,0x00,0x05,0x00,0x9f,0x00,0x00,0x00,0x04,0x58,0x00,0x00,
0x02,0x58,0x00,0x00,0xf6,0x57,0x00,0x00,0x8e,0x00,0x05,0x00,0x9f,0x00,0x00,0x00,
0x05,0x58,0x00,0x00,0x04,0x58,0x00,0x00,0xaf,0x04,0x00,0x00,0xf7,0x00,0x03,0x00,
0xd1,0x57,0x00,0x00,0x00,0x00,0x00,0x00,0xfa,0x00,0x04,0x00,0x26,0x56,0x00,0x00,
0xba,0x57,0x00,0x00,0xd1,0x57,0x00,0x00,0xf8,0x00,0x02,0x00,0xba,0x57,0x00,0x00,
0x84,0x00,0x05,0x00,0x2d,0x00,0x00,0x00,0xbd,0x57,0x00,0x00,0x52,0x09,0x00,0x00,
0xda,0x77,0x00,0x00,0x7c,0x00,0x04,0x00,0x32,0x00,0x00,0x00,0xbe,0x57,0x00,0x00,
0xbd,0x57,0x00,0x00,0x86,0x00,0x05,0x00,0x06,0x00,0x00,0x00,0xc0,0x57,0x00,0x00,
0x84,0x09,0x00,0x00,0x6b,0x01,0x00,0x00,0x7c,0x00,0x04,0x00,0x1a,0x00,0x00,0x00,
0xc1,0x57,0x00,0x00,0xc0,0x57,0x00,0x00,0x86,0x00,0x05,0x00,0x06,0x00,0x00,0x00,
0xc3,0x57,0x00,0x00,0x8a,0x09,0x00,0x00,0x6b,0x01,0x00,0x00,0x7c,0x00,0x04,0x00,
0x1a,0x00,0x00,0x00,0xc4,0x57,0x00,0x00,0xc3,0x57,0x00,0x00,0x50,0x00,0x05,0x00,
0x32,0x00,0x00,0x00,0xc5,0x57,0x00,0x00,0xc1,0x57,0x00,0x00,0xc4,0x57,0x00,0x00,
0x80,0x00,0x05,0x00,0x32,0x00,0x00,0x00,0xc6,0x57,0x00,0x00,0xbe,0x57,0x00,0x00,
0xc5,0x57,0x00,0x00,0x3d,0x00,0x04,0x00,0xe4,0x01,0x00,0x00,0x3f,0x58,0x00,0x00,
0x0f,0x02,0x00,0x00,0x51,0x00,0x05,0x00,0x13,0x00,0x00,0x00,0x42,0x58,0x00,0x00,
0x05,0x58,0x00,0x00,0x00,0x00,0x00,0x00,0x51,0x00,0x05,0x00,0x13,0x00,0x00,0x00,
0x43,0x58,0x00,0x00,0x05,0x58,0x00,0x00,0x01,0x00,0x00,0x00,0x50,0x00,0x07,0x00,
0x9f,0x00,0x00,0x00,0x44,0x58,0x00,0x00,0x42,0x58,0x00,0x00,0x43,0x58,0x00,0x00,
0xd8,0x01,0x00,0x00,0xd8,0x01,0x00,0x00,0x63,0x00,0x04,0x00,0x3f,0x58,0x00,0x00,
0xc6,0x57,0x00,0x00,0x44,0x58,0x00,0x00,0x80,0x00,0x05,0x00,0x06,0x00,0x00,0x00,
0xce,0x57,0x00,0x00,0xc0,0x57,0x00,0x00,0x8a,0x09,0x00,0x00,0x41,0x00,0x06,0x00,
0xc6,0x04,0x00,0x00,0x55,0x58,0x00,0x00,0xc3,0x04,0x00,0x00,0xce,0x57,0x00,0x00,
0xbf,0x01,0x00,0x00,0x3e,0x00,0x03,0x00,0x55,0x58,0x00,0x00,0x42,0x58,0x00,0x00,
0x41,0x00,0x06,0x00,0xc6,0x04,0x00,0x00,0x5a,0x58,0x00,0x00,0xc9,0x04,0x00,0x00,
0xce,0x57,0x00,0x00,0xbf,0x01,0x00,0x00,0x3e,0x00,0x03,0x00,0x5a,0x58,0x00,0x00,
0x43,0x58,0x00,0x00,0x51,0x00,0x05,0x00,0x13,0x00,0x00,0x00,0x5e,0x58,0x00,0x00,
0x05,0x58,0x00,0x00,0x02,0x00,0x00,0x00,0x41,0x00,0x06,0x00,0xc6,0x04,0x00,0x00,
0x5f,0x58,0x00,0x00,0xce,0x04,0x00,0x00,0xce,0x57,0x00,0x00,0xbf,0x01,0x00,0x00,
0x3e,0x00,0x03,0x00,0x5f,0x58,0x00,0x00,0x5e,0x58,0x00,0x00,0x51,0x00,0x05,0x00,
0x13,0x00,0x00,0x00,0x63,0x58,0x00,0x00,0x05,0x58,0x00,0x00,0x03,0x00,0x00,0x00,
0x41,0x00,0x06,0x00,0xc6,0x04,0x00,0x00,0x64,0x58,0x00,0x00,0xd3,0x04,0x00,0x00,
0xce,0x57,0x00,0x00,0xbf,0x01,0x00,0x00,0x3e,0x00,0x03,0x00,0x64,0x58,0x00,0x00,
0x63,0x58,0x00,0x00,0xf9,0x00,0x02,0x00,0xd1,0x57,0x00,0x00,0xf8,0x00,0x02,0x00,
0xd1,0x57,0x00,0x00,0xf9,0x00,0x02,0x00,0xd2,0x57,0x00,0x00,0xf8,0x00,0x02,0x00,
0xd2,0x57,0x00,0x00,0xb2,0x00,0x05,0x00,0x6e,0x00,0x00,0x00,0x07,0x56,0x00,0x00,
0x41,0x09,0x00,0x00,0x81,0x00,0x00,0x00,0xf7,0x00,0x03,0x00,0x09,0x56,0x00,0x00,
0x00,0x00,0x00,0x00,0xfa,0x00,0x04,0x00,0x07,0x56,0x00,0x00,0x08,0x56,0x00,0x00,
0x09,0x56,0x00,0x00,0xf8,0x00,0x02,0x00,0x08,0x56,0x00,0x00,0xf9,0x00,0x02,0x00,
0x11,0x56,0x00,0x00,0xf8,0x00,0x02,0x00,0x09,0x56,0x00,0x00,0xe1,0x00,0x03,0x00,
0x6b,0x01,0x00,0x00,0xef,0x04,0x00,0x00,0xe0,0x00,0x04,0x00,0x6b,0x01,0x00,0x00,
0x6b,0x01,0x00,0x00,0xf0,0x04,0x00,0x00,0xb0,0x00,0x05,0x00,0x6e,0x00,0x00,0x00,
0x70,0x58,0x00,0x00,0x0b,0x09,0x00,0x00,0x0b,0x02,0x00,0x00,0xf7,0x00,0x03,0x00,
0x81,0x58,0x00,0x00,0x00,0x00,0x00,0x00,0xfa,0x00,0x04,0x00,0x70,0x58,0x00,0x00,
0x71,0x58,0x00,0x00,0x81,0x58,0x00,0x00,0xf8,0x00,0x02,0x00,0x71,0x58,0x00,0x00,
0x41,0x00,0x06,0x00,0xc6,0x04,0x00,0x00,0x86,0x58,0x00,0x00,0xc3,0x04,0x00,0x00,
0x0b,0x09,0x00,0x00,0xbf,0x01,0x00,0x00,0x3d,0x00,0x04,0x00,0x13,0x00,0x00,0x00,
0x87,0x58,0x00,0x00,0x86,0x58,0x00,0x00,0x41,0x00,0x06,0x00,0xc6,0x04,0x00,0x00,
0x8a,0x58,0x00,0x00,0xc9,0x04,0x00,0x00,0x0b,0x09,0x00,0x00,0xbf,0x01,0x00,0x00,
0x3d,0x00,0x04,0x00,0x13,0x00,0x00,0x00,0x8b,0x58,0x00,0x00,0x8a,0x58,0x00,0x00,
0x41,0x00,0x06,0x00,0xc6,0x04,0x00,0x00,0x8e,0x58,0x00,0x00,0xce,0x04,0x00,0x00,
0x0b,0x09,0x00,0x00,0xbf,0x01,0x00,0x00,0x3d,0x00,0x04,0x00,0x13,0x00,0x00,0x00,
0x8f,0x58,0x00,0x00,0x8e,0x58,0x00,0x00,0x41,0x00,0x06,0x00,0xc6,0x04,0x00,0x00,
0x92,0x58,0x00,0x00,0xd3,0x04,0x00,0x00,0x0b,0x09,0x00,0x00,0xbf,0x01,0x00,0x00,
0x3d,0x00,0x04,0x00,0x13,0x00,0x00,0x00,0x93,0x58,0x00,0x00,0x92,0x58,0x00,0x00,
0x50,0x00,0x07,0x00,0x9f,0x00,0x00,0x00,0x94,0x58,0x00,0x00,0x87,0x58,0x00,0x00,
0x8b,0x58,0x00,0x00,0x8f,0x58,0x00,0x00,0x93,0x58,0x00,0x00,0x6e,0x01,0x06,0x00,
0x9f,0x00,0x00,0x00,0xa1,0x58,0x00,0x00,0x6c,0x01,0x00,0x00,0x94,0x58,0x00,0x00,
0xbf,0x01,0x00,0x00,0x6e,0x01,0x06,0x00,0x9f,0x00,0x00,0x00,0xa3,0x58,0x00,0x00,
0x6c,0x01,0x00,0x00,0x94,0x58,0x00,0x00,0x72,0x01,0x00,0x00,0x6e,0x01,0x06,0x00,
0x9f,0x00,0x00,0x00,0xa5,0x58,0x00,0x00,0x6c,0x01,0x00,0x00,0x94,0x58,0x00,0x00,
0x6b,0x01,0x00,0x00,0x81,0x00,0x05,0x00,0x9f,0x00,0x00,0x00,0xaf,0x58,0x00,0x00,
0x94,0x58,0x00,0x00,0xa1,0x58,0x00,0x00,0x81,0x00,0x05,0x00,0x9f,0x00,0x00,0x00,
0xb1,0x58,0x00,0x00,0xaf,0x58,0x00,0x00,0xa3,0x58,0x00,0x00,0x81,0x00,0x05,0x00,
0x9f,0x00,0x00,0x00,0xb3,0x58,0x00,0x00,0xb1,0x58,0x00,0x00,0xa5,0x58,0x00,0x00,
0x8e,0x00,0x05,0x00,0x9f,0x00,0x00,0x00,0xb4,0x58,0x00,0x00,0xb3,0x58,0x00,0x00,
0xaf,0x04,0x00,0x00,0xf7,0x00,0x03,0x00,0x80,0x58,0x00,0x00,0x00,0x00,0x00,0x00,
0xfa,0x00,0x04,0x00,0x26,0x56,0x00,0x00,0x79,0x58,0x00,0x00,0x80,0x58,0x00,0x00,
0xf8,0x00,0x02,0x00,0x79,0x58,0x00,0x00,0x7c,0x00,0x04,0x00,0x32,0x00,0x00,0x00,
0x7b,0x58,0x00,0x00,0x52,0x09,0x00,0x00,0x3d,0x00,0x04,0x00,0xe4,0x01,0x00,0x00,
0xf8,0x58,0x00,0x00,0x19,0x02,0x00,0x00,0x51,0x00,0x05,0x00,0x13,0x00,0x00,0x00,
0xfb,0x58,0x00,0x00,0xb4,0x58,0x00,0x00,0x00,0x00,0x00,0x00,0x51,0x00,0x05,0x00,
0x13,0x00,0x00,0x00,0xfc,0x58,0x00,0x00,0xb4,0x58,0x00,0x00,0x01,0x00,0x00,0x00,
0x50,0x00,0x07,0x00,0x9f,0x00,0x00,0x00,0xfd,0x58,0x00,0x00,0xfb,0x58,0x00,0x00,
0xfc,0x58,0x00,0x00,0xd8,0x01,0x00,0x00,0xd8,0x01,0x00,0x00,0x63,0x00,0x04,0x00,
0xf8,0x58,0x00,0x00,0x7b,0x58,0x00,0x00,0xfd,0x58,0x00,0x00,0xf9,0x00,0x02,0x00,
0x80,0x58,0x00,0x00,0xf8,0x00,0x02,0x00,0x80,0x58,0x00,0x00,0xf9,0x00,0x02,0x00,
0x81,0x58,0x00,0x00,0xf8,0x00,0x02,0x00,0x81,0x58,0x00,0x00,0xf9,0x00,0x02,0x00,
0x11,0x56,0x00,0x00,0xf8,0x00,0x02,0x00,0x11,0x56,0x00,0x00,0xb2,0x00,0x05,0x00,
0x6e,0x00,0x00,0x00,0x9a,0x09,0x00,0x00,0x41,0x09,0x00,0x00,0xaf,0x07,0x00,0x00,
0xf7,0x00,0x03,0x00,0x9c,0x09,0x00,0x00,0x00,0x00,0x00,0x00,0xfa,0x00,0x04,0x00,
0x9a,0x09,0x00,0x00,0x9b,0x09,0x00,0x00,0x9c,0x09,0x00,0x00,0xf8,0x00,0x02,0x00,
0x9b,0x09,0x00,0x00,0xf9,0x00,0x02,0x00,0xb0,0x09,0x00,0x00,0xf8,0x00,0x02,0x00,
0x9c,0x09,0x00,0x00,0xaa,0x00,0x05,0x00,0x6e,0x00,0x00,0x00,0x03,0x59,0x00,0x00,
0x0b,0x09,0x00,0x00,0xbf,0x01,0x00,0x00,0xf7,0x00,0x03,0x00,0x07,0x59,0x00,0x00,
0x00,0x00,0x00,0x00,0xfa,0x00,0x04,0x00,0x03,0x59,0x00,0x00,0x04,0x59,0x00,0x00,
0x07,0x59,0x00,0x00,0xf8,0x00,0x02,0x00,0x04,0x59,0x00,0x00,0x3c,0x00,0x06,0x00,
0x61,0x02,0x00,0x00,0x13,0x59,0x00,0x00,0x60,0x02,0x00,0x00,0xd4,0x01,0x00,0x00,
0xbf,0x01,0x00,0x00,0xea,0x00,0x07,0x00,0x06,0x00,0x00,0x00,0x14,0x59,0x00,0x00,
0x13,0x59,0x00,0x00,0x72,0x01,0x00,0x00,0xbf,0x01,0x00,0x00,0x72,0x01,0x00,0x00,
0x3e,0x00,0x03,0x00,0xb0,0x02,0x00,0x00,0x14,0x59,0x00,0x00,0xf9,0x00,0x02,0x00,
0x07,0x59,0x00,0x00,0xf8,0x00,0x02,0x00,0x07,0x59,0x00,0x00,0xe1,0x00,0x03,0x00,
0x6b,0x01,0x00,0x00,0xef,0x04,0x00,0x00,0xe0,0x00,0x04,0x00,0x6b,0x01,0x00,0x00,
0x6b,0x01,0x00,0x00,0xf0,0x04,0x00,0x00,0x3d,0x00,0x04,0x00,0x06,0x00,0x00,0x00,
0x18,0x59,0x00,0x00,0xb0,0x02,0x00,0x00,0x82,0x00,0x05,0x00,0x06,0x00,0x00,0x00,
0x0b,0x59,0x00,0x00,0x45,0x09,0x00,0x00,0x72,0x01,0x00,0x00,0xab,0x00,0x05,0x00,
0x6e,0x00,0x00,0x00,0x0c,0x59,0x00,0x00,0x18,0x59,0x00,0x00,0x0b,0x59,0x00,0x00,
0xf7,0x00,0x03,0x00,0xa2,0x09,0x00,0x00,0x00,0x00,0x00,0x00,0xfa,0x00,0x04,0x00,
0x0c,0x59,0x00,0x00,0xa1,0x09,0x00,0x00,0xa2,0x09,0x00,0x00,0xf8,0x00,0x02,0x00,
0xa1,0x09,0x00,0x00,0xf9,0x00,0x02,0x00,0xb0,0x09,0x00,0x00,0xf8,0x00,0x02,0x00,
0xa2,0x09,0x00,0x00,0x3d,0x00,0x04,0x00,0x5e,0x02,0x00,0x00,0x1c,0x59,0x00,0x00,
0x60,0x02,0x00,0x00,0x63,0x00,0x05,0x00,0x1c,0x59,0x00,0x00,0xd4,0x01,0x00,0x00,
0x66,0x02,0x00,0x00,0x00,0x20,0x00,0x00,0xf7,0x00,0x03,0x00,0xc7,0x59,0x00,0x00,
0x00,0x00,0x00,0x00,0xfb,0x00,0x03,0x00,0xbf,0x01,0x00,0x00,0x49,0x59,0x00,0x00,
0xf8,0x00,0x02,0x00,0x49,0x59,0x00,0x00,0x84,0x00,0x05,0x00,0x06,0x00,0x00,0x00,
0x4b,0x59,0x00,0x00,0x84,0x09,0x00,0x00,0x0b,0x02,0x00,0x00,0x7c,0x00,0x04,0x00,
0x1a,0x00,0x00,0x00,0x4d,0x59,0x00,0x00,0x4b,0x59,0x00,0x00,0x84,0x00,0x05,0x00,
0x06,0x00,0x00,0x00,0x4f,0x59,0x00,0x00,0x8a,0x09,0x00,0x00,0x0b,0x02,0x00,0x00,
0x7c,0x00,0x04,0x00,0x1a,0x00,0x00,0x00,0x51,0x59,0x00,0x00,0x4f,0x59,0x00,0x00,
0x50,0x00,0x05,0x00,0x32,0x00,0x00,0x00,0x52,0x59,0x00,0x00,0x4d,0x59,0x00,0x00,
0x51,0x59,0x00,0x00,0x7c,0x00,0x04,0x00,0x2d,0x00,0x00,0x00,0x5d,0x59,0x00,0x00,
0x52,0x59,0x00,0x00,0x80,0x00,0x05,0x00,0x2d,0x00,0x00,0x00,0xd2,0x59,0x00,0x00,
0x5d,0x59,0x00,0x00,0x42,0x05,0x00,0x00,0x80,0x00,0x05,0x00,0x2d,0x00,0x00,0x00,
0xd4,0x59,0x00,0x00,0x5d,0x59,0x00,0x00,0x45,0x05,0x00,0x00,0x80,0x00,0x05,0x00,
0x2d,0x00,0x00,0x00,0xd6,0x59,0x00,0x00,0x5d,0x59,0x00,0x00,0x48,0x05,0x00,0x00,
0x7c,0x00,0x04,0x00,0x32,0x00,0x00,0x00,0xec,0x59,0x00,0x00,0x5d,0x59,0x00,0x00,
0xf7,0x00,0x03,0x00,0x3e,0x5a,0x00,0x00,0x00,0x00,0x00,0x00,0xfb,0x00,0x03,0x00,
0xbf,0x01,0x00,0x00,0x0d,0x5a,0x00,0x00,0xf8,0x00,0x02,0x00,0x0d,0x5a,0x00,0x00,
0x3d,0x00,0x04,0x00,0xe4,0x01,0x00,0x00,0x39,0x5a,0x00,0x00,0x19,0x02,0x00,0x00,
0x62,0x00,0x05,0x00,0x9f,0x00,0x00,0x00,0x3b,0x5a,0x00,0x00,0x39,0x5a,0x00,0x00,
0xec,0x59,0x00,0x00,0xf9,0x00,0x02,0x00,0x3e,0x5a,0x00,0x00,0xf8,0x00,0x02,0x00,
0x3e,0x5a,0x00,0x00,0x51,0x00,0x05,0x00,0x13,0x00,0x00,0x00,0x06,0x5a,0x00,0x00,
0x3b,0x5a,0x00,0x00,0x00,0x00,0x00,0x00,0x51,0x00,0x05,0x00,0x13,0x00,0x00,0x00,
0x07,0x5a,0x00,0x00,0x3b,0x5a,0x00,0x00,0x01,0x00,0x00,0x00,0x50,0x00,0x07,0x00,
0x9f,0x00,0x00,0x00,0x08,0x5a,0x00,0x00,0x06,0x5a,0x00,0x00,0x07,0x5a,0x00,0x00,
0xd8,0x01,0x00,0x00,0xd8,0x01,0x00,0x00,0x7c,0x00,0x04,0x00,0x32,0x00,0x00,0x00,
0xf0,0x59,0x00,0x00,0xd2,0x59,0x00,0x00,0xf7,0x00,0x03,0x00,0x7e,0x5a,0x00,0x00,
0x00,0x00,0x00,0x00,0xfb,0x00,0x03,0x00,0xbf,0x01,0x00,0x00,0x4d,0x5a,0x00,0x00,
0xf8,0x00,0x02,0x00,0x4d,0x5a,0x00,0x00,0x3d,0x00,0x04,0x00,0xe4,0x01,0x00,0x00,
0x79,0x5a,0x00,0x00,0x19,0x02,0x00,0x00,0x62,0x00,0x05,0x00,0x9f,0x00,0x00,0x00,
0x7b,0x5a,0x00,0x00,0x79,0x5a,0x00,0x00,0xf0,0x59,0x00,0x00,0xf9,0x00,0x02,0x00,
0x7e,0x5a,0x00,0x00,0xf8,0x00,0x02,0x00,0x7e,0x5a,0x00,0x00,0x51,0x00,0x05,0x00,
0x13,0x00,0x00,0x00,0x46,0x5a,0x00,0x00,0x7b,0x5a,0x00,0x00,0x00,0x00,0x00,0x00,
0x51,0x00,0x05,0x00,0x13,0x00,0x00,0x00,0x47,0x5a,0x00,0x00,0x7b,0x5a,0x00,0x00,
0x01,0x00,0x00,0x00,0x50,0x00,0x07,0x00,0x9f,0x00,0x00,0x00,0x48,0x5a,0x00,0x00,
0x46,0x5a,0x00,0x00,0x47,0x5a,0x00,0x00,0xd8,0x01,0x00,0x00,0xd8,0x01,0x00,0x00,
0x7c,0x00,0x04,0x00,0x32,0x00,0x00,0x00,0xf4,0x59,0x00,0x00,0xd4,0x59,0x00,0x00,
0xf7,0x00,0x03,0x00,0xbe,0x5a,0x00,0x00,0x00,0x00,0x00,0x00,0xfb,0x00,0x03,0x00,
0xbf,0x01,0x00,0x00,0x8d,0x5a,0x00,0x00,0xf8,0x00,0x02,0x00,0x8d,0x5a,0x00,0x00,
0x3d,0x00,0x04,0x00,0xe4,0x01,0x00,0x00,0xb9,0x5a,0x00,0x00,0x19,0x02,0x00,0x00,
0x62,0x00,0x05,0x00,0x9f,0x00,0x00,0x00,0xbb,0x5a,0x00,0x00,0xb9,0x5a,0x00,0x00,
0xf4,0x59,0x00,0x00,0xf9,0x00,0x02,0x00,0xbe,0x5a,0x00,0x00,0xf8,0x00,0x02,0x00,
0xbe,0x5a,0x00,0x00,0x51,0x00,0x05,0x00,0x13,0x00,0x00,0x00,0x86,0x5a,0x00,0x00,
0xbb,0x5a,0x00,0x00,0x00,0x00,0x00,0x00,0x51,0x00,0x05,0x00,0x13,0x00,0x00,0x00,
0x87,0x5a,0x00,0x00,0xbb,0x5a,0x00,0x00,0x01,0x00,0x00,0x00,0x50,0x00,0x07,0x00,
0x9f,0x00,0x00,0x00,0x88,0x5a,0x00,0x00,0x86,0x5a,0x00,0x00,0x87,0x5a,0x00,0x00,
0xd8,0x01,0x00,0x00,0xd8,0x01,0x00,0x00,0x7c,0x00,0x04,0x00,0x32,0x00,0x00,0x00,
0xf8,0x59,0x00,0x00,0xd6,0x59,0x00,0x00,0xf7,0x00,0x03,0x00,0xfe,0x5a,0x00,0x00,
0x00,0x00,0x00,0x00,0xfb,0x00,0x03,0x00,0xbf,0x01,0x00,0x00,0xcd,0x5a,0x00,0x00,
0xf8,0x00,0x02,0x00,0xcd,0x5a,0x00,0x00,0x3d,0x00,0x04,0x00,0xe4,0x01,0x00,0x00,
0xf9,0x5a,0x00,0x00,0x19,0x02,0x00,0x00,0x62,0x00,0x05,0x00,0x9f,0x00,0x00,0x00,
0xfb,0x5a,0x00,0x00,0xf9,0x5a,0x00,0x00,0xf8,0x59,0x00,0x00,0xf9,0x00,0x02,0x00,
0xfe,0x5a,0x00,0x00,0xf8,0x00,0x02,0x00,0xfe,0x5a,0x00,0x00,0x51,0x00,0x05,0x00,
0x13,0x00,0x00,0x00,0xc6,0x5a,0x00,0x00,0xfb,0x5a,0x00,0x00,0x00,0x00,0x00,0x00,
0x51,0x00,0x05,0x00,0x13,0x00,0x00,0x00,0xc7,0x5a,0x00,0x00,0xfb,0x5a,0x00,0x00,
0x01,0x00,0x00,0x00,0x50,0x00,0x07,0x00,0x9f,0x00,0x00,0x00,0xc8,0x5a,0x00,0x00,
0xc6,0x5a,0x00,0x00,0xc7,0x5a,0x00,0x00,0xd8,0x01,0x00,0x00,0xd8,0x01,0x00,0x00,
0x81,0x00,0x05,0x00,0x9f,0x00,0x00,0x00,0x04,0x5b,0x00,0x00,0x08,0x5a,0x00,0x00,
0x48,0x5a,0x00,0x00,0x81,0x00,0x05,0x00,0x9f,0x00,0x00,0x00,0x06,0x5b,0x00,0x00,
0x04,0x5b,0x00,0x00,0x88,0x5a,0x00,0x00,0x81,0x00,0x05,0x00,0x9f,0x00,0x00,0x00,
0x08,0x5b,0x00,0x00,0x06,0x5b,0x00,0x00,0xc8,0x5a,0x00,0x00,0x8e,0x00,0x05,0x00,
0x9f,0x00,0x00,0x00,0x09,0x5b,0x00,0x00,0x08,0x5b,0x00,0x00,0xaf,0x04,0x00,0x00,
0x80,0x00,0x05,0x00,0x06,0x00,0x00,0x00,0x66,0x59,0x00,0x00,0x4b,0x59,0x00,0x00,
0x6b,0x01,0x00,0x00,0x7c,0x00,0x04,0x00,0x1a,0x00,0x00,0x00,0x67,0x59,0x00,0x00,
0x66,0x59,0x00,0x00,0x50,0x00,0x05,0x00,0x32,0x00,0x00,0x00,0x6c,0x59,0x00,0x00,
0x67,0x59,0x00,0x00,0x51,0x59,0x00,0x00,0x7c,0x00,0x04,0x00,0x2d,0x00,0x00,0x00,
0x77,0x59,0x00,0x00,0x6c,0x59,0x00,0x00,0x80,0x00,0x05,0x00,0x2d,0x00,0x00,0x00,
0x5e,0x5b,0x00,0x00,0x77,0x59,0x00,0x00,0x42,0x05,0x00,0x00,0x80,0x00,0x05,0x00,
0x2d,0x00,0x00,0x00,0x60,0x5b,0x00,0x00,0x77,0x59,0x00,0x00,0x45,0x05,0x00,0x00,
0x80,0x00,0x05,0x00,0x2d,0x00,0x00,0x00,0x62,0x5b,0x00,0x00,0x77,0x59,0x00,0x00,
0x48,0x05,0x00,0x00,0x7c,0x00,0x04,0x00,0x32,0x00,0x00,0x00,0x78,0x5b,0x00,0x00,
0x77,0x59,0x00,0x00,0xf7,0x00,0x03,0x00,0xca,0x5b,0x00,0x00,0x00,0x00,0x00,0x00,
0xfb,0x00,0x03,0x00,0xbf,0x01,0x00,0x00,0x99,0x5b,0x00,0x00,0xf8,0x00,0x02,0x00,
0x99,0x5b,0x00,0x00,0x3d,0x00,0x04,0x00,0xe4,0x01,0x00,0x00,0xc5,0x5b,0x00,0x00,
0x19,0x02,0x00,0x00,0x62,0x00,0x05,0x00,0x9f,0x00,0x00,0x00,0xc7,0x5b,0x00,0x00,
0xc5,0x5b,0x00,0x00,0x78,0x5b,0x00,0x00,0xf9,0x00,0x02,0x00,0xca,0x5b,0x00,0x00,
0xf8,0x00,0x02,0x00,0xca,0x5b,0x00,0x00,0x51,0x00,0x05,0x00,0x13,0x00,0x00,0x00,
0x92,0x5b,0x00,0x00,0xc7,0x5b,0x00,0x00,0x00,0x00,0x00,0x00,0x51,0x00,0x05,0x00,
0x13,0x00,0x00,0x00,0x93,0x5b,0x00,0x00,0xc7,0x5b,0x00,0x00,0x01,0x00,0x00,0x00,
0x50,0x00,0x07,0x00,0x9f,0x00,0x00,0x00,0x94,0x5b,0x00,0x00,0x92,0x5b,0x00,0x00,
0x93,0x5b,0x00,0x00,0xd8,0x01,0x00,0x00,0xd8,0x01,0x00,0x00,0x7c,0x00,0x04,0x00,
0x32,0x00,0x00,0x00,0x7c,0x5b,0x00,0x00,0x5e,0x5b,0x00,0x00,0xf7,0x00,0x03,0x00,
0x0a,0x5c,0x00,0x00,0x00,0x00,0x00,0x00,0xfb,0x00,0x03,0x00,0xbf,0x01,0x00,0x00,
0xd9,0x5b,0x00,0x00,0xf8,0x00,0x02,0x00,0xd9,0x5b,0x00,0x00,0x3d,0x00,0x04,0x00,
0xe4,0x01,0x00,0x00,0x05,0x5c,0x00,0x00,0x19,0x02,0x00,0x00,0x62,0x00,0x05,0x00,
0x9f,0x00,0x00,0x00,0x07,0x5c,0x00,0x00,0x05,0x5c,0x00,0x00,0x7c,0x5b,0x00,0x00,
0xf9,0x00,0x02,0x00,0x0a,0x5c,0x00,0x00,0xf8,0x00,0x02,0x00,0x0a,0x5c,0x00,0x00,
0x51,0x00,0x05,0x00,0x13,0x00,0x00,0x00,0xd2,0x5b,0x00,0x00,0x07,0x5c,0x00,0x00,
0x00,0x00,0x00,0x00,0x51,0x00,0x05,0x00,0x13,0x00,0x00,0x00,0xd3,0x5b,0x00,0x00,
0x07,0x5c,0x00,0x00,0x01,0x00,0x00,0x00,0x50,0x00,0x07,0x00,0x9f,0x00,0x00,0x00,
0xd4,0x5b,0x00,0x00,0xd2,0x5b,0x00,0x00,0xd3,0x5b,0x00,0x00,0xd8,0x01,0x00,0x00,
0xd8,0x01,0x00,0x00,0x7c,0x00,0x04,0x00,0x32,0x00,0x00,0x00,0x80,0x5b,0x00,0x00,
0x60,0x5b,0x00,0x00,0xf7,0x00,0x03,0x00,0x4a,0x5c,0x00,0x00,0x00,0x00,0x00,0x00,
0xfb,0x00,0x03,0x00,0xbf,0x01,0x00,0x00,0x19,0x5c,0x00,0x00,0xf8,0x00,0x02,0x00,
0x19,0x5c,0x00,0x00,0x3d,0x00,0x04,0x00,0xe4,0x01,0x00,0x00,0x45,0x5c,0x00,0x00,
0x19,0x02,0x00,0x00,0x62,0x00,0x05,0x00,0x9f,0x00,0x00,0x00,0x47,0x5c,0x00,0x00,
0x45,0x5c,0x00,0x00,0x80,0x5b,0x00,0x00,0xf9,0x00,0x02,0x00,0x4a,0x5c,0x00,0x00,
0xf8,0x00,0x02,0x00,0x4a,0x5c,0x00,0x00,0x51,0x00,0x05,0x00,0x13,0x00,0x00,0x00,
0x12,0x5c,0x00,0x00,0x47,0x5c,0x00,0x00,0x00,0x00,0x00,0x00,0x51,0x00,0x05,0x00,
0x13,0x00,0x00,0x00,0x13,0x5c,0x00,0x00,0x47,0x5c,0x00,0x00,0x01,0x00,0x00,0x00,
0x50,0x00,0x07,0x00,0x9f,0x00,0x00,0x00,0x14,0x5c,0x00,0x00,0x12,0x5c,0x00,0x00,
0x13,0x5c,0x00,0x00,0xd8,0x01,0x00,0x00,0xd8,0x01,0x00,0x00,0x7c,0x00,0x04,0x00,
0x32,0x00,0x00,0x00,0x84,0x5b,0x00,0x00,0x62,0x5b,0x00,0x00,0xf7,0x00,0x03,0x00,
0x8a,0x5c,0x00,0x00,0x00,0x00,0x00,0x00,0xfb,0x00,0x03,0x00,0xbf,0x01,0x00,0x00,
0x59,0x5c,0x00,0x00,0xf8,0x00,0x02,0x00,0x59,0x5c,0x00,0x00,0x3d,0x00,0x04,0x00,
0xe4,0x01,0x00,0x00,0x85,0x5c,0x00,0x00,0x19,0x02,0x00,0x00,0x62,0x00,0x05,0x00,
0x9f,0x00,0x00,0x00,0x87,0x5c,0x00,0x00,0x85,0x5c,0x00,0x00,0x84,0x5b,0x00,0x00,
0xf9,0x00,0x02,0x00,0x8a,0x5c,0x00,0x00,0xf8,0x00,0x02,0x00,0x8a,0x5c,0x00,0x00,
0x51,0x00,0x05,0x00,0x13,0x00,0x00,0x00,0x52,0x5c,0x00,0x00,0x87,0x5c,0x00,0x00,
0x00,0x00,0x00,0x00,0x51,0x00,0x05,0x00,0x13,0x00,0x00,0x00,0x53,0x5c,0x00,0x00,
0x87,0x5c,0x00,0x00,0x01,0x00,0x00,0x00,0x50,0x00,0x07,0x00,0x9f,0x00,0x00,0x00,
0x54,0x5c,0x00,0x00,0x52,0x5c,0x00,0x00,0x53,0x5c,0x00,0x00,0xd8,0x01,0x00,0x00,
0xd8,0x01,0x00,0x00,0x81,0x00,0x05,0x00,0x9f,0x00,0x00,0x00,0x90,0x5c,0x00,0x00,
0x94,0x5b,0x00,0x00,0xd4,0x5b,0x00,0x00,0x81,0x00,0x05,0x00,0x9f,0x00,0x00,0x00,
0x92,0x5c,0x00,0x00,0x90,0x5c,0x00,0x00,0x14,0x5c,0x00,0x00,0x81,0x00,0x05,0x00,
0x9f,0x00,0x00,0x00,0x94,0x5c,0x00,0x00,0x92,0x5c,0x00,0x00,0x54,0x5c,0x00,0x00,
0x8e,0x00,0x05,0x00,0x9f,0x00,0x00,0x00,0x95,0x5c,0x00,0x00,0x94,0x5c,0x00,0x00,
0xaf,0x04,0x00,0x00,0x80,0x00,0x05,0x00,0x06,0x00,0x00,0x00,0x84,0x59,0x00,0x00,
0x4f,0x59,0x00,0x00,0x6b,0x01,0x00,0x00,0x7c,0x00,0x04,0x00,0x1a,0x00,0x00,0x00,
0x85,0x59,0x00,0x00,0x84,0x59,0x00,0x00,0x50,0x00,0x05,0x00,0x32,0x00,0x00,0x00,
0x86,0x59,0x00,0x00,0x4d,0x59,0x00,0x00,0x85,0x59,0x00,0x00,0x7c,0x00,0x04,0x00,
0x2d,0x00,0x00,0x00,0x91,0x59,0x00,0x00,0x86,0x59,0x00,0x00,0x80,0x00,0x05,0x00,
0x2d,0x00,0x00,0x00,0xea,0x5c,0x00,0x00,0x91,0x59,0x00,0x00,0x42,0x05,0x00,0x00,
0x80,0x00,0x05,0x00,0x2d,0x00,0x00,0x00,0xec,0x5c,0x00,0x00,0x91,0x59,0x00,0x00,
0x45,0x05,0x00,0x00,0x80,0x00,0x05,0x00,0x2d,0x00,0x00,0x00,0xee,0x5c,0x00,0x00,
0x91,0x59,0x00,0x00,0x48,0x05,0x00,0x00,0x7c,0x00,0x04,0x00,0x32,0x00,0x00,0x00,
0x04,0x5d,0x00,0x00,0x91,0x59,0x00,0x00,0xf7,0x00,0x03,0x00,0x56,0x5d,0x00,0x00,
0x00,0x00,0x00,0x00,0xfb,0x00,0x03,0x00,0xbf,0x01,0x00,0x00,0x25,0x5d,0x00,0x00,
0xf8,0x00,0x02,0x00,0x25,0x5d,0x00,0x00,0x3d,0x00,0x04,0x00,0xe4,0x01,0x00,0x00,
0x51,0x5d,0x00,0x00,0x19,0x02,0x00,0x00,0x62,0x00,0x05,0x00,0x9f,0x00,0x00,0x00,
0x53,0x5d,0x00,0x00,0x51,0x5d,0x00,0x00,0x04,0x5d,0x00,0x00,0xf9,0x00,0x02,0x00,
0x56,0x5d,0x00,0x00,0xf8,0x00,0x02,0x00,0x56,0x5d,0x00,0x00,0x51,0x00,0x05,0x00,
0x13,0x00,0x00,0x00,0x1e,0x5d,0x00,0x00,0x53,0x5d,0x00,0x00,0x00,0x00,0x00,0x00,
0x51,0x00,0x05,0x00,0x13,0x00,0x00,0x00,0x1f,0x5d,0x00,0x00,0x53,0x5d,0x00,0x00,
0x01,0x00,0x00,0x00,0x50,0x00,0x07,0x00,0x9f,0x00,0x00,0x00,0x20,0x5d,0x00,0x00,
0x1e,0x5d,0x00,0x00,0x1f,0x5d,0x00,0x00,0xd8,0x01,0x00,0x00,0xd8,0x01,0x00,0x00,
0x7c,0x00,0x04,0x00,0x32,0x00,0x00,0x00,0x08,0x5d,0x00,0x00,0xea,0x5c,0x00,0x00,
0xf7,0x00,0x03,0x00,0x96,0x5d,0x00,0x00,0x00,0x00,0x00,0x00,0xfb,0x00,0x03,0x00,
0xbf,0x01,0x00,0x00,0x65,0x5d,0x00,0x00,0xf8,0x00,0x02,0x00,0x65,0x5d,0x00,0x00,
0x3d,0x00,0x04,0x00,0xe4,0x01,0x00,0x00,0x91,0x5d,0x00,0x00,0x19,0x02,0x00,0x00,
0x62,0x00,0x05,0x00,0x9f,0x00,0x00,0x00,0x93,0x5d,0x00,0x00,0x91,0x5d,0x00,0x00,
0x08,0x5d,0x00,0x00,0xf9,0x00,0x02,0x00,0x96,0x5d,0x00,0x00,0xf8,0x00,0x02,0x00,
0x96,0x5d,0x00,0x00,0x51,0x00,0x05,0x00,0x13,0x00,0x00,0x00,0x5e,0x5d,0x00,0x00,
0x93,0x5d,0x00,0x00,0x00,0x00,0x00,0x00,0x51,0x00,0x05,0x00,0x13,0x00,0x00,0x00,
0x5f,0x5d,0x00,0x00,0x93,0x5d,0x00,0x00,0x01,0x00,0x00,0x00,0x50,0x00,0x07,0x00,
0x9f,0x00,0x00,0x00,0x60,0x5d,0x00,0x00,0x5e,0x5d,0x00,0x00,0x5f,0x5d,0x00,0x00,
0xd8,0x01,0x00,0x00,0xd8,0x01,0x00,0x00,0x7c,0x00,0x04,0x00,0x32,0x00,0x00,0x00,
0x0c,0x5d,0x00,0x00,0xec,0x5c,0x00,0x00,0xf7,0x00,0x03,0x00,0xd6,0x5d,0x00,0x00,
0x00,0x00,0x00,0x00,0xfb,0x00,0x03,0x00,0xbf,0x01,0x00,0x00,0xa5,0x5d,0x00,0x00,
0xf8,0x00,0x02,0x00,0xa5,0x5d,0x00,0x00,0x3d,0x00,0x04,0x00,0xe4,0x01,0x00,0x00,
0xd1,0x5d,0x00,0x00,0x19,0x02,0x00,0x00,0x62,0x00,0x05,0x00,0x9f,0x00,0x00,0x00,
0xd3,0x5d,0x00,0x00,0xd1,0x5d,0x00,0x00,0x0c,0x5d,0x00,0x00,0xf9,0x00,0x02,0x00,
0xd6,0x5d,0x00,0x00,0xf8,0x00,0x02,0x00,0xd6,0x5d,0x00,0x00,0x51,0x00,0x05,0x00,
0x13,0x00,0x00,0x00,0x9e,0x5d,0x00,0x00,0xd3,0x5d,0x00,0x00,0x00,0x00,0x00,0x00,
0x51,0x00,0x05,0x00,0x13,0x00,0x00,0x00,0x9f,0x5d,0x00,0x00,0xd3,0x5d,0x00,0x00,
0x01,0x00,0x00,0x00,0x50,0x00,0x07,0x00,0x9f,0x00,0x00,0x00,0xa0,0x5d,0x00,0x00,
0x9e,0x5d,0x00,0x00,0x9f,0x5d,0x00,0x00,0xd8,0x01,0x00,0x00,0xd8,0x01,0x00,0x00,
0x7c,0x00,0x04,0x00,0x32,0x00,0x00,0x00,0x10,0x5d,0x00,0x00,0xee,0x5c,0x00,0x00,
0xf7,0x00,0x03,0x00,0x16,0x5e,0x00,0x00,0x00,0x00,0x00,0x00,0xfb,0x00,0x03,0x00,
0xbf,0x01,0x00,0x00,0xe5,0x5d,0x00,0x00,0xf8,0x00,0x02,0x00,0xe5,0x5d,0x00,0x00,
0x3d,0x00,0x04,0x00,0xe4,0x01,0x00,0x00,0x11,0x5e,0x00,0x00,0x19,0x02,0x00,0x00,
0x62,0x00,0x05,0x00,0x9f,0x00,0x00,0x00,0x13,0x5e,0x00,0x00,0x11,0x5e,0x00,0x00,
0x10,0x5d,0x00,0x00,0xf9,0x00,0x02,0x00,0x16,0x5e,0x00,0x00,0xf8,0x00,0x02,0x00,
0x16,0x5e,0x00,0x00,0x51,0x00,0x05,0x00,0x13,0x00,0x00,0x00,0xde,0x5d,0x00,0x00,
0x13,0x5e,0x00,0x00,0x00,0x00,0x00,0x00,0x51,0x00,0x05,0x00,0x13,0x00,0x00,0x00,
0xdf,0x5d,0x00,0x00,0x13,0x5e,0x00,0x00,0x01,0x00,0x00,0x00,0x50,0x00,0x07,0x00,
0x9f,0x00,0x00,0x00,0xe0,0x5d,0x00,0x00,0xde,0x5d,0x00,0x00,0xdf,0x5d,0x00,0x00,
0xd8,0x01,0x00,0x00,0xd8,0x01,0x00,0x00,0x81,0x00,0x05,0x00,0x9f,0x00,0x00,0x00,
0x1c,0x5e,0x00,0x00,0x20,0x5d,0x00,0x00,0x60,0x5d,0x00,0x00,0x81,0x00,0x05,0x00,
0x9f,0x00,0x00,0x00,0x1e,0x5e,0x00,0x00,0x1c,0x5e,0x00,0x00,0xa0,0x5d,0x00,0x00,
0x81,0x00,0x05,0x00,0x9f,0x00,0x00,0x00,0x20,0x5e,0x00,0x00,0x1e,0x5e,0x00,0x00,
0xe0,0x5d,0x00,0x00,0x8e,0x00,0x05,0x00,0x9f,0x00,0x00,0x00,0x21,0x5e,0x00,0x00,
0x20,0x5e,0x00,0x00,0xaf,0x04,0x00,0x00,0x50,0x00,0x05,0x00,0x32,0x00,0x00,0x00,
0xa0,0x59,0x00,0x00,0x67,0x59,0x00,0x00,0x85,0x59,0x00,0x00,0x7c,0x00,0x04,0x00,
0x2d,0x00,0x00,0x00,0xab,0x59,0x00,0x00,0xa0,0x59,0x00,0x00,0x80,0x00,0x05,0x00,
0x2d,0x00,0x00,0x00,0x76,0x5e,0x00,0x00,0xab,0x59,0x00,0x00,0x42,0x05,0x00,0x00,
0x80,0x00,0x05,0x00,0x2d,0x00,0x00,0x00,0x78,0x5e,0x00,0x00,0xab,0x59,0x00,0x00,
0x45,0x05,0x00,0x00,0x80,0x00,0x05,0x00,0x2d,0x00,0x00,0x00,0x7a,0x5e,0x00,0x00,
0xab,0x59,0x00,0x00,0x48,0x05,0x00,0x00,0x7c,0x00,0x04,0x00,0x32,0x00,0x00,0x00,
0x90,0x5e,0x00,0x00,0xab,0x59,0x00,0x00,0xf7,0x00,0x03,0x00,0xe2,0x5e,0x00,0x00,
0x00,0x00,0x00,0x00,0xfb,0x00,0x03,0x00,0xbf,0x01,0x00,0x00,0xb1,0x5e,0x00,0x00,
0xf8,0x00,0x02,0x00,0xb1,0x5e,0x00,0x00,0x3d,0x00,0x04,0x00,0xe4,0x01,0x00,0x00,
0xdd,0x5e,0x00,0x00,0x19,0x02,0x00,0x00,0x62,0x00,0x05,0x00,0x9f,0x00,0x00,0x00,
0xdf,0x5e,0x00,0x00,0xdd,0x5e,0x00,0x00,0x90,0x5e,0x00,0x00,0xf9,0x00,0x02,0x00,
0xe2,0x5e,0x00,0x00,0xf8,0x00,0x02,0x00,0xe2,0x5e,0x00,0x00,0x51,0x00,0x05,0x00,
0x13,0x00,0x00,0x00,0xaa,0x5e,0x00,0x00,0xdf,0x5e,0x00,0x00,0x00,0x00,0x00,0x00,
0x51,0x00,0x05,0x00,0x13,0x00,0x00,0x00,0xab,0x5e,0x00,0x00,0xdf,0x5e,0x00,0x00,
0x01,0x00,0x00,0x00,0x50,0x00,0x07,0x00,0x9f,0x00,0x00,0x00,0xac,0x5e,0x00,0x00,
0xaa,0x5e,0x00,0x00,0xab,0x5e,0x00,0x00,0xd8,0x01,0x00,0x00,0xd8,0x01,0x00,0x00,
0x7c,0x00,0x04,0x00,0x32,0x00,0x00,0x00,0x94,0x5e,0x00,0x00,0x76,0x5e,0x00,0x00,
0xf7,0x00,0x03,0x00,0x22,0x5f,0x00,0x00,0x00,0x00,0x00,0x00,0xfb,0x00,0x03,0x00,
0xbf,0x01,0x00,0x00,0xf1,0x5e,0x00,0x00,0xf8,0x00,0x02,0x00,0xf1,0x5e,0x00,0x00,
0x3d,0x00,0x04,0x00,0xe4,0x01,0x00,0x00,0x1d,0x5f,0x00,0x00,0x19,0x02,0x00,0x00,
0x62,0x00,0x05,0x00,0x9f,0x00,0x00,0x00,0x1f,0x5f,0x00,0x00,0x1d,0x5f,0x00,0x00,
0x94,0x5e,0x00,0x00,0xf9,0x00,0x02,0x00,0x22,0x5f,0x00,0x00,0xf8,0x00,0x02,0x00,
0x22,0x5f,0x00,0x00,0x51,0x00,0x05,0x00,0x13,0x00,0x00,0x00,0xea,0x5e,0x00,0x00,
0x1f,0x5f,0x00,0x00,0x00,0x00,0x00,0x00,0x51,0x00,0x05,0x00,0x13,0x00,0x00,0x00,
0xeb,0x5e,0x00,0x00,0x1f,0x5f,0x00,0x00,0x01,0x00,0x00,0x00,0x50,0x00,0x07,0x00,
0x9f,0x00,0x00,0x00,0xec,0x5e,0x00,0x00,0xea,0x5e,0x00,0x00,0xeb,0x5e,0x00,0x00,
0xd8,0x01,0x00,0x00,0xd8,0x01,0x00,0x00,0x7c,0x00,0x04,0x00,0x32,0x00,0x00,0x00,
0x98,0x5e,0x00,0x00,0x78,0x5e,0x00,0x00,0xf7,0x00,0x03,0x00,0x62,0x5f,0x00,0x00,
0x00,0x00,0x00,0x00,0xfb,0x00,0x03,0x00,0xbf,0x01,0x00,0x00,0x31,0x5f,0x00,0x00,
0xf8,0x00,0x02,0x00,0x31,0x5f,0x00,0x00,0x3d,0x00,0x04,0x00,0xe4,0x01,0x00,0x00,
0x5d,0x5f,0x00,0x00,0x19,0x02,0x00,0x00,0x62,0x00,0x05,0x00,0x9f,0x00,0x00,0x00,
0x5f,0x5f,0x00,0x00,0x5d,0x5f,0x00,0x00,0x98,0x5e,0x00,0x00,0xf9,0x00,0x02,0x00,
0x62,0x5f,0x00,0x00,0xf8,0x00,0x02,0x00,0x62,0x5f,0x00,0x00,0x51,0x00,0x05,0x00,
0x13,0x00,0x00,0x00,0x2a,0x5f,0x00,0x00,0x5f,0x5f,0x00,0x00,0x00,0x00,0x00,0x00,
0x51,0x00,0x05,0x00,0x13,0x00,0x00,0x00,0x2b,0x5f,0x00,0x00,0x5f,0x5f,0x00,0x00,
0x01,0x00,0x00,0x00,0x50,0x00,0x07,0x00,0x9f,0x00,0x00,0x00,0x2c,0x5f,0x00,0x00,
0x2a,0x5f,0x00,0x00,0x2b,0x5f,0x00,0x00,0xd8,0x01,0x00,0x00,0xd8,0x01,0x00,0x00,
0x7c,0x00,0x04,0x00,0x32,0x00,0x00,0x00,0x9c,0x5e,0x00,0x00,0x7a,0x5e,0x00,0x00,
0xf7,0x00,0x03,0x00,0xa2,0x5f,0x00,0x00,0x00,0x00,0x00,0x00,0xfb,0x00,0x03,0x00,
0xbf,0x01,0x00,0x00,0x71,0x5f,0x00,0x00,0xf8,0x00,0x02,0x00,0x71,0x5f,0x00,0x00,
0x3d,0x00,0x04,0x00,0xe4,0x01,0x00,0x00,0x9d,0x5f,0x00,0x00,0x19,0x02,0x00,0x00,
0x62,0x00,0x05,0x00,0x9f,0x00,0x00,0x00,0x9f,0x5f,0x00,0x00,0x9d,0x5f,0x00,0x00,
0x9c,0x5e,0x00,0x00,0xf9,0x00,0x02,0x00,0xa2,0x5f,0x00,0x00,0xf8,0x00,0x02,0x00,
0xa2,0x5f,0x00,0x00,0x51,0x00,0x05,0x00,0x13,0x00,0x00,0x00,0x6a,0x5f,0x00,0x00,
0x9f,0x5f,0x00,0x00,0x00,0x00,0x00,0x00,0x51,0x00,0x05,0x00,0x13,0x00,0x00,0x00,
0x6b,0x5f,0x00,0x00,0x9f,0x5f,0x00,0x00,0x01,0x00,0x00,0x00,0x50,0x00,0x07,0x00,
0x9f,0x00,0x00,0x00,0x6c,0x5f,0x00,0x00,0x6a,0x5f,0x00,0x00,0x6b,0x5f,0x00,0x00,
0xd8,0x01,0x00,0x00,0xd8,0x01,0x00,0x00,0x81,0x00,0x05,0x00,0x9f,0x00,0x00,0x00,
0xa8,0x5f,0x00,0x00,0xac,0x5e,0x00,0x00,0xec,0x5e,0x00,0x00,0x81,0x00,0x05,0x00,
0x9f,0x00,0x00,0x00,0xaa,0x5f,0x00,0x00,0xa8,0x5f,0x00,0x00,0x2c,0x5f,0x00,0x00,
0x81,0x00,0x05,0x00,0x9f,0x00,0x00,0x00,0xac,0x5f,0x00,0x00,0xaa,0x5f,0x00,0x00,
0x6c,0x5f,0x00,0x00,0x8e,0x00,0x05,0x00,0x9f,0x00,0x00,0x00,0xad,0x5f,0x00,0x00,
0xac,0x5f,0x00,0x00,0xaf,0x04,0x00,0x00,0xb2,0x00,0x05,0x00,0x6e,0x00,0x00,0x00,
0xb3,0x59,0x00,0x00,0x41,0x09,0x00,0x00,0x1c,0x08,0x00,0x00,0xf7,0x00,0x03,0x00,
0xb5,0x59,0x00,0x00,0x00,0x00,0x00,0x00,0xfa,0x00,0x04,0x00,0xb3,0x59,0x00,0x00,
0xb4,0x59,0x00,0x00,0xb5,0x59,0x00,0x00,0xf8,0x00,0x02,0x00,0xb4,0x59,0x00,0x00,
0xf9,0x00,0x02,0x00,0xc7,0x59,0x00,0x00,0xf8,0x00,0x02,0x00,0xb5,0x59,0x00,0x00,
0x81,0x00,0x05,0x00,0x9f,0x00,0x00,0x00,0xfc,0x5f,0x00,0x00,0x09,0x5b,0x00,0x00,
0x95,0x5c,0x00,0x00,0x81,0x00,0x05,0x00,0x9f,0x00,0x00,0x00,0xfe,0x5f,0x00,0x00,
0xfc,0x5f,0x00,0x00,0x21,0x5e,0x00,0x00,0x81,0x00,0x05,0x00,0x9f,0x00,0x00,0x00,
0x00,0x60,0x00,0x00,0xfe,0x5f,0x00,0x00,0xad,0x5f,0x00,0x00,0x8e,0x00,0x05,0x00,
0x9f,0x00,0x00,0x00,0x01,0x60,0x00,0x00,0x00,0x60,0x00,0x00,0xaf,0x04,0x00,0x00,
0x51,0x00,0x05,0x00,0x13,0x00,0x00,0x00,0x50,0x60,0x00,0x00,0x01,0x60,0x00,0x00,
0x00,0x00,0x00,0x00,0x41,0x00,0x06,0x00,0xc6,0x04,0x00,0x00,0x51,0x60,0x00,0x00,
0xc3,0x04,0x00,0x00,0x84,0x09,0x00,0x00,0x8a,0x09,0x00,0x00,0x3e,0x00,0x03,0x00,
0x51,0x60,0x00,0x00,0x50,0x60,0x00,0x00,0x51,0x00,0x05,0x00,0x13,0x00,0x00,0x00,
0x55,0x60,0x00,0x00,0x01,0x60,0x00,0x00,0x01,0x00,0x00,0x00,0x41,0x00,0x06,0x00,
0xc6,0x04,0x00,0x00,0x56,0x60,0x00,0x00,0xc9,0x04,0x00,0x00,0x84,0x09,0x00,0x00,
0x8a,0x09,0x00,0x00,0x3e,0x00,0x03,0x00,0x56,0x60,0x00,0x00,0x55,0x60,0x00,0x00,
0x51,0x00,0x05,0x00,0x13,0x00,0x00,0x00,0x5a,0x60,0x00,0x00,0x01,0x60,0x00,0x00,
0x02,0x00,0x00,0x00,0x41,0x00,0x06,0x00,0xc6,0x04,0x00,0x00,0x5b,0x60,0x00,0x00,
0xce,0x04,0x00,0x00,0x84,0x09,0x00,0x00,0x8a,0x09,0x00,0x00,0x3e,0x00,0x03,0x00,
0x5b,0x60,0x00,0x00,0x5a,0x60,0x00,0x00,0x51,0x00,0x05,0x00,0x13,0x00,0x00,0x00,
0x5f,0x60,0x00,0x00,0x01,0x60,0x00,0x00,0x03,0x00,0x00,0x00,0x41,0x00,0x06,0x00,
0xc6,0x04,0x00,0x00,0x60,0x60,0x00,0x00,0xd3,0x04,0x00,0x00,0x84,0x09,0x00,0x00,
0x8a,0x09,0x00,0x00,0x3e,0x00,0x03,0x00,0x60,0x60,0x00,0x00,0x5f,0x60,0x00,0x00,
0xf9,0x00,0x02,0x00,0xc7,0x59,0x00,0x00,0xf8,0x00,0x02,0x00,0xc7,0x59,0x00,0x00,
0xf7,0x00,0x03,0x00,0xb2,0x60,0x00,0x00,0x00,0x00,0x00,0x00,0xfb,0x00,0x03,0x00,
0xbf,0x01,0x00,0x00,0x79,0x60,0x00,0x00,0xf8,0x00,0x02,0x00,0x79,0x60,0x00,0x00,
0xb2,0x00,0x05,0x00,0x6e,0x00,0x00,0x00,0x7c,0x60,0x00,0x00,0x41,0x09,0x00,0x00,
0x78,0x06,0x00,0x00,0xf7,0x00,0x03,0x00,0x7e,0x60,0x00,0x00,0x00,0x00,0x00,0x00,
0xfa,0x00,0x04,0x00,0x7c,0x60,0x00,0x00,0x7d,0x60,0x00,0x00,0x7e,0x60,0x00,0x00,
0xf8,0x00,0x02,0x00,0x7d,0x60,0x00,0x00,0xf9,0x00,0x02,0x00,0xb2,0x60,0x00,0x00,
0xf8,0x00,0x02,0x00,0x7e,0x60,0x00,0x00,0xe1,0x00,0x03,0x00,0x6b,0x01,0x00,0x00,
0xef,0x04,0x00,0x00,0xe0,0x00,0x04,0x00,0x6b,0x01,0x00,0x00,0x6b,0x01,0x00,0x00,
0xf0,0x04,0x00,0x00,0x41,0x00,0x06,0x00,0xc6,0x04,0x00,0x00,0xe6,0x60,0x00,0x00,
0xc3,0x04,0x00,0x00,0x84,0x09,0x00,0x00,0x8a,0x09,0x00,0x00,0x3d,0x00,0x04,0x00,
0x13,0x00,0x00,0x00,0xe7,0x60,0x00,0x00,0xe6,0x60,0x00,0x00,0x41,0x00,0x06,0x00,
0xc6,0x04,0x00,0x00,0xea,0x60,0x00,0x00,0xc9,0x04,0x00,0x00,0x84,0x09,0x00,0x00,
0x8a,0x09,0x00,0x00,0x3d,0x00,0x04,0x00,0x13,0x00,0x00,0x00,0xeb,0x60,0x00,0x00,
0xea,0x60,0x00,0x00,0x41,0x00,0x06,0x00,0xc6,0x04,0x00,0x00,0xee,0x60,0x00,0x00,
0xce,0x04,0x00,0x00,0x84,0x09,0x00,0x00,0x8a,0x09,0x00,0x00,0x3d,0x00,0x04,0x00,
0x13,0x00,0x00,0x00,0xef,0x60,0x00,0x00,0xee,0x60,0x00,0x00,0x41,0x00,0x06,0x00,
0xc6,0x04,0x00,0x00,0xf2,0x60,0x00,0x00,0xd3,0x04,0x00,0x00,0x84,0x09,0x00,0x00,
0x8a,0x09,0x00,0x00,0x3d,0x00,0x04,0x00,0x13,0x00,0x00,0x00,0xf3,0x60,0x00,0x00,
0xf2,0x60,0x00,0x00,0x50,0x00,0x07,0x00,0x9f,0x00,0x00,0x00,0xf4,0x60,0x00,0x00,
0xe7,0x60,0x00,0x00,0xeb,0x60,0x00,0x00,0xef,0x60,0x00,0x00,0xf3,0x60,0x00,0x00,
0x6e,0x01,0x06,0x00,0x9f,0x00,0x00,0x00,0x01,0x61,0x00,0x00,0x6c,0x01,0x00,0x00,
0xf4,0x60,0x00,0x00,0xbf,0x01,0x00,0x00,0x6e,0x01,0x06,0x00,0x9f,0x00,0x00,0x00,
0x03,0x61,0x00,0x00,0x6c,0x01,0x00,0x00,0xf4,0x60,0x00,0x00,0x72,0x01,0x00,0x00,
0x6e,0x01,0x06,0x00,0x9f,0x00,0x00,0x00,0x05,0x61,0x00,0x00,0x6c,0x01,0x00,0x00,
0xf4,0x60,0x00,0x00,0x6b,0x01,0x00,0x00,0x81,0x00,0x05,0x00,0x9f,0x00,0x00,0x00,
0x0f,0x61,0x00,0x00,0xf4,0x60,0x00,0x00,0x01,0x61,0x00,0x00,0x81,0x00,0x05,0x00,
0x9f,0x00,0x00,0x00,0x11,0x61,0x00,0x00,0x0f,0x61,0x00,0x00,0x03,0x61,0x00,0x00,
0x81,0x00,0x05,0x00,0x9f,0x00,0x00,0x00,0x13,0x61,0x00,0x00,0x11,0x61,0x00,0x00,
0x05,0x61,0x00,0x00,0x8e,0x00,0x05,0x00,0x9f,0x00,0x00,0x00,0x14,0x61,0x00,0x00,
0x13,0x61,0x00,0x00,0xaf,0x04,0x00,0x00,0x89,0x00,0x05,0x00,0x06,0x00,0x00,0x00,
0xc6,0x60,0x00,0x00,0x0b,0x09,0x00,0x00,0x0b,0x02,0x00,0x00,0xaa,0x00,0x05,0x00,
0x6e,0x00,0x00,0x00,0xc7,0x60,0x00,0x00,0xc6,0x60,0x00,0x00,0xbf,0x01,0x00,0x00,
0xf7,0x00,0x03,0x00,0xe1,0x60,0x00,0x00,0x00,0x00,0x00,0x00,0xfa,0x00,0x04,0x00,
0xc7,0x60,0x00,0x00,0xc8,0x60,0x00,0x00,0xe1,0x60,0x00,0x00,0xf8,0x00,0x02,0x00,
0xc8,0x60,0x00,0x00,0x86,0x00,0x05,0x00,0x06,0x00,0x00,0x00,0xdb,0x60,0x00,0x00,
0x8a,0x09,0x00,0x00,0x6b,0x01,0x00,0x00,0x89,0x00,0x05,0x00,0x06,0x00,0x00,0x00,
0xdc,0x60,0x00,0x00,0xdb,0x60,0x00,0x00,0x6b,0x01,0x00,0x00,0x80,0x00,0x05,0x00,
0x06,0x00,0x00,0x00,0xdd,0x60,0x00,0x00,0x84,0x09,0x00,0x00,0xdc,0x60,0x00,0x00,
0x51,0x00,0x05,0x00,0x13,0x00,0x00,0x00,0x63,0x61,0x00,0x00,0x14,0x61,0x00,0x00,
0x00,0x00,0x00,0x00,0x41,0x00,0x06,0x00,0xc6,0x04,0x00,0x00,0x64,0x61,0x00,0x00,
0xc3,0x04,0x00,0x00,0xdd,0x60,0x00,0x00,0x8a,0x09,0x00,0x00,0x3e,0x00,0x03,0x00,
0x64,0x61,0x00,0x00,0x63,0x61,0x00,0x00,0x51,0x00,0x05,0x00,0x13,0x00,0x00,0x00,
0x68,0x61,0x00,0x00,0x14,0x61,0x00,0x00,0x01,0x00,0x00,0x00,0x41,0x00,0x06,0x00,
0xc6,0x04,0x00,0x00,0x69,0x61,0x00,0x00,0xc9,0x04,0x00,0x00,0xdd,0x60,0x00,0x00,
0x8a,0x09,0x00,0x00,0x3e,0x00,0x03,0x00,0x69,0x61,0x00,0x00,0x68,0x61,0x00,0x00,
0x51,0x00,0x05,0x00,0x13,0x00,0x00,0x00,0x6d,0x61,0x00,0x00,0x14,0x61,0x00,0x00,
0x02,0x00,0x00,0x00,0x41,0x00,0x06,0x00,0xc6,0x04,0x00,0x00,0x6e,0x61,0x00,0x00,
0xce,0x04,0x00,0x00,0xdd,0x60,0x00,0x00,0x8a,0x09,0x00,0x00,0x3e,0x00,0x03,0x00,
0x6e,0x61,0x00,0x00,0x6d,0x61,0x00,0x00,0x51,0x00,0x05,0x00,0x13,0x00,0x00,0x00,
0x72,0x61,0x00,0x00,0x14,0x61,0x00,0x00,0x03,0x00,0x00,0x00,0x41,0x00,0x06,0x00,
0xc6,0x04,0x00,0x00,0x73,0x61,0x00,0x00,0xd3,0x04,0x00,0x00,0xdd,0x60,0x00,0x00,
0x8a,0x09,0x00,0x00,0x3e,0x00,0x03,0x00,0x73,0x61,0x00,0x00,0x72,0x61,0x00,0x00,
0xf9,0x00,0x02,0x00,0xe1,0x60,0x00,0x00,0xf8,0x00,0x02,0x00,0xe1,0x60,0x00,0x00,
0xb2,0x00,0x05,0x00,0x6e,0x00,0x00,0x00,0x8a,0x60,0x00,0x00,0x41,0x09,0x00,0x00,
0xdb,0x77,0x00,0x00,0xf7,0x00,0x03,0x00,0x8c,0x60,0x00,0x00,0x00,0x00,0x00,0x00,
0xfa,0x00,0x04,0x00,0x8a,0x60,0x00,0x00,0x8b,0x60,0x00,0x00,0x8c,0x60,0x00,0x00,
0xf8,0x00,0x02,0x00,0x8b,0x60,0x00,0x00,0xf9,0x00,0x02,0x00,0xb2,0x60,0x00,0x00,
0xf8,0x00,0x02,0x00,0x8c,0x60,0x00,0x00,0xe1,0x00,0x03,0x00,0x6b,0x01,0x00,0x00,
0xef,0x04,0x00,0x00,0xe0,0x00,0x04,0x00,0x6b,0x01,0x00,0x00,0x6b,0x01,0x00,0x00,
0xf0,0x04,0x00,0x00,0xb0,0x00,0x05,0x00,0x6e,0x00,0x00,0x00,0x82,0x61,0x00,0x00,
0x0b,0x09,0x00,0x00,0x91,0x05,0x00,0x00,0xf7,0x00,0x03,0x00,0xac,0x61,0x00,0x00,
0x00,0x00,0x00,0x00,0xfa,0x00,0x04,0x00,0x82,0x61,0x00,0x00,0x83,0x61,0x00,0x00,
0xac,0x61,0x00,0x00,0xf8,0x00,0x02,0x00,0x83,0x61,0x00,0x00,0x89,0x00,0x05,0x00,
0x06,0x00,0x00,0x00,0x87,0x61,0x00,0x00,0x8a,0x09,0x00,0x00,0x6b,0x01,0x00,0x00,
0x80,0x00,0x05,0x00,0x06,0x00,0x00,0x00,0x88,0x61,0x00,0x00,0x43,0x0a,0x00,0x00,
0x87,0x61,0x00,0x00,0x41,0x00,0x06,0x00,0xc6,0x04,0x00,0x00,0xb1,0x61,0x00,0x00,
0xc3,0x04,0x00,0x00,0x88,0x61,0x00,0x00,0x46,0x0a,0x00,0x00,0x3d,0x00,0x04,0x00,
0x13,0x00,0x00,0x00,0xb2,0x61,0x00,0x00,0xb1,0x61,0x00,0x00,0x41,0x00,0x06,0x00,
0xc6,0x04,0x00,0x00,0xb5,0x61,0x00,0x00,0xc9,0x04,0x00,0x00,0x88,0x61,0x00,0x00,
0x46,0x0a,0x00,0x00,0x3d,0x00,0x04,0x00,0x13,0x00,0x00,0x00,0xb6,0x61,0x00,0x00,
0xb5,0x61,0x00,0x00,0x41,0x00,0x06,0x00,0xc6,0x04,0x00,0x00,0xb9,0x61,0x00,0x00,
0xce,0x04,0x00,0x00,0x88,0x61,0x00,0x00,0x46,0x0a,0x00,0x00,0x3d,0x00,0x04,0x00,
0x13,0x00,0x00,0x00,0xba,0x61,0x00,0x00,0xb9,0x61,0x00,0x00,0x41,0x00,0x06,0x00,
0xc6,0x04,0x00,0x00,0xbd,0x61,0x00,0x00,0xd3,0x04,0x00,0x00,0x88,0x61,0x00,0x00,
0x46,0x0a,0x00,0x00,0x3d,0x00,0x04,0x00,0x13,0x00,0x00,0x00,0xbe,0x61,0x00,0x00,
0xbd,0x61,0x00,0x00,0x50,0x00,0x07,0x00,0x9f,0x00,0x00,0x00,0xbf,0x61,0x00,0x00,
0xb2,0x61,0x00,0x00,0xb6,0x61,0x00,0x00,0xba,0x61,0x00,0x00,0xbe,0x61,0x00,0x00,
0x6e,0x01,0x06,0x00,0x9f,0x00,0x00,0x00,0xcc,0x61,0x00,0x00,0x6c,0x01,0x00,0x00,
0xbf,0x61,0x00,0x00,0xbf,0x01,0x00,0x00,0x6e,0x01,0x06,0x00,0x9f,0x00,0x00,0x00,
0xce,0x61,0x00,0x00,0x6c,0x01,0x00,0x00,0xbf,0x61,0x00,0x00,0x72,0x01,0x00,0x00,
0x6e,0x01,0x06,0x00,0x9f,0x00,0x00,0x00,0xd0,0x61,0x00,0x00,0x6c,0x01,0x00,0x00,
0xbf,0x61,0x00,0x00,0x6b,0x01,0x00,0x00,0x81,0x00,0x05,0x00,0x9f,0x00,0x00,0x00,
0xda,0x61,0x00,0x00,0xbf,0x61,0x00,0x00,0xcc,0x61,0x00,0x00,0x81,0x00,0x05,0x00,
0x9f,0x00,0x00,0x00,0xdc,0x61,0x00,0x00,0xda,0x61,0x00,0x00,0xce,0x61,0x00,0x00,
0x81,0x00,0x05,0x00,0x9f,0x00,0x00,0x00,0xde,0x61,0x00,0x00,0xdc,0x61,0x00,0x00,
0xd0,0x61,0x00,0x00,0x8e,0x00,0x05,0x00,0x9f,0x00,0x00,0x00,0xdf,0x61,0x00,0x00,
0xde,0x61,0x00,0x00,0xaf,0x04,0x00,0x00,0xf7,0x00,0x03,0x00,0xab,0x61,0x00,0x00,
0x00,0x00,0x00,0x00,0xfa,0x00,0x04,0x00,0xc7,0x60,0x00,0x00,0x91,0x61,0x00,0x00,
0xab,0x61,0x00,0x00,0xf8,0x00,0x02,0x00,0x91,0x61,0x00,0x00,0x86,0x00,0x05,0x00,
0x06,0x00,0x00,0x00,0xa5,0x61,0x00,0x00,0x8a,0x09,0x00,0x00,0x6b,0x01,0x00,0x00,
0x80,0x00,0x05,0x00,0x06,0x00,0x00,0x00,0xa6,0x61,0x00,0x00,0x43,0x0a,0x00,0x00,
0xa5,0x61,0x00,0x00,0x51,0x00,0x05,0x00,0x13,0x00,0x00,0x00,0x2e,0x62,0x00,0x00,
0xdf,0x61,0x00,0x00,0x00,0x00,0x00,0x00,0x41,0x00,0x06,0x00,0xc6,0x04,0x00,0x00,
0x2f,0x62,0x00,0x00,0xc3,0x04,0x00,0x00,0xa6,0x61,0x00,0x00,0x46,0x0a,0x00,0x00,
0x3e,0x00,0x03,0x00,0x2f,0x62,0x00,0x00,0x2e,0x62,0x00,0x00,0x51,0x00,0x05,0x00,
0x13,0x00,0x00,0x00,0x33,0x62,0x00,0x00,0xdf,0x61,0x00,0x00,0x01,0x00,0x00,0x00,
0x41,0x00,0x06,0x00,0xc6,0x04,0x00,0x00,0x34,0x62,0x00,0x00,0xc9,0x04,0x00,0x00,
0xa6,0x61,0x00,0x00,0x46,0x0a,0x00,0x00,0x3e,0x00,0x03,0x00,0x34,0x62,0x00,0x00,
0x33,0x62,0x00,0x00,0x51,0x00,0x05,0x00,0x13,0x00,0x00,0x00,0x38,0x62,0x00,0x00,
0xdf,0x61,0x00,0x00,0x02,0x00,0x00,0x00,0x41,0x00,0x06,0x00,0xc6,0x04,0x00,0x00,
0x39,0x62,0x00,0x00,0xce,0x04,0x00,0x00,0xa6,0x61,0x00,0x00,0x46,0x0a,0x00,0x00,
0x3e,0x00,0x03,0x00,0x39,0x62,0x00,0x00,0x38,0x62,0x00,0x00,0x51,0x00,0x05,0x00,
0x13,0x00,0x00,0x00,0x3d,0x62,0x00,0x00,0xdf,0x61,0x00,0x00,0x03,0x00,0x00,0x00,
0x41,0x00,0x06,0x00,0xc6,0x04,0x00,0x00,0x3e,0x62,0x00,0x00,0xd3,0x04,0x00,0x00,
0xa6,0x61,0x00,0x00,0x46,0x0a,0x00,0x00,0x3e,0x00,0x03,0x00,0x3e,0x62,0x00,0x00,
0x3d,0x62,0x00,0x00,0xf9,0x00,0x02,0x00,0xab,0x61,0x00,0x00,0xf8,0x00,0x02,0x00,
0xab,0x61,0x00,0x00,0xf9,0x00,0x02,0x00,0xac,0x61,0x00,0x00,0xf8,0x00,0x02,0x00,
0xac,0x61,0x00,0x00,0xb2,0x00,0x05,0x00,0x6e,0x00,0x00,0x00,0x99,0x60,0x00,0x00,
0x41,0x09,0x00,0x00,0xdc,0x77,0x00,0x00,0xf7,0x00,0x03,0x00,0x9b,0x60,0x00,0x00,
0x00,0x00,0x00,0x00,0xfa,0x00,0x04,0x00,0x99,0x60,0x00,0x00,0x9a,0x60,0x00,0x00,
0x9b,0x60,0x00,0x00,0xf8,0x00,0x02,0x00,0x9a,0x60,0x00,0x00,0xf9,0x00,0x02,0x00,
0xb2,0x60,0x00,0x00,0xf8,0x00,0x02,0x00,0x9b,0x60,0x00,0x00,0xe1,0x00,0x03,0x00,
0x6b,0x01,0x00,0x00,0xef,0x04,0x00,0x00,0xe0,0x00,0x04,0x00,0x6b,0x01,0x00,0x00,
0x6b,0x01,0x00,0x00,0xf0,0x04,0x00,0x00,0xb0,0x00,0x05,0x00,0x6e,0x00,0x00,0x00,
0x4d,0x62,0x00,0x00,0x0b,0x09,0x00,0x00,0xbf,0x04,0x00,0x00,0xf7,0x00,0x03,0x00,
0x73,0x62,0x00,0x00,0x00,0x00,0x00,0x00,0xfa,0x00,0x04,0x00,0x4d,0x62,0x00,0x00,
0x4e,0x62,0x00,0x00,0x73,0x62,0x00,0x00,0xf8,0x00,0x02,0x00,0x4e,0x62,0x00,0x00,
0x80,0x00,0x05,0x00,0x06,0x00,0x00,0x00,0x52,0x62,0x00,0x00,0x4b,0x59,0x00,0x00,
0x8a,0x09,0x00,0x00,0x41,0x00,0x06,0x00,0xc6,0x04,0x00,0x00,0x78,0x62,0x00,0x00,
0xc3,0x04,0x00,0x00,0x52,0x62,0x00,0x00,0x4f,0x59,0x00,0x00,0x3d,0x00,0x04,0x00,
0x13,0x00,0x00,0x00,0x79,0x62,0x00,0x00,0x78,0x62,0x00,0x00,0x41,0x00,0x06,0x00,
0xc6,0x04,0x00,0x00,0x7c,0x62,0x00,0x00,0xc9,0x04,0x00,0x00,0x52,0x62,0x00,0x00,
0x4f,0x59,0x00,0x00,0x3d,0x00,0x04,0x00,0x13,0x00,0x00,0x00,0x7d,0x62,0x00,0x00,
0x7c,0x62,0x00,0x00,0x41,0x00,0x06,0x00,0xc6,0x04,0x00,0x00,0x80,0x62,0x00,0x00,
0xce,0x04,0x00,0x00,0x52,0x62,0x00,0x00,0x4f,0x59,0x00,0x00,0x3d,0x00,0x04,0x00,
0x13,0x00,0x00,0x00,0x81,0x62,0x00,0x00,0x80,0x62,0x00,0x00,0x41,0x00,0x06,0x00,
0xc6,0x04,0x00,0x00,0x84,0x62,0x00,0x00,0xd3,0x04,0x00,0x00,0x52,0x62,0x00,0x00,
0x4f,0x59,0x00,0x00,0x3d,0x00,0x04,0x00,0x13,0x00,0x00,0x00,0x85,0x62,0x00,0x00,
0x84,0x62,0x00,0x00,0x50,0x00,0x07,0x00,0x9f,0x00,0x00,0x00,0x86,0x62,0x00,0x00,
0x79,0x62,0x00,0x00,0x7d,0x62,0x00,0x00,0x81,0x62,0x00,0x00,0x85,0x62,0x00,0x00,
0x6e,0x01,0x06,0x00,0x9f,0x00,0x00,0x00,0x93,0x62,0x00,0x00,0x6c,0x01,0x00,0x00,
0x86,0x62,0x00,0x00,0xbf,0x01,0x00,0x00,0x6e,0x01,0x06,0x00,0x9f,0x00,0x00,0x00,
0x95,0x62,0x00,0x00,0x6c,0x01,0x00,0x00,0x86,0x62,0x00,0x00,0x72,0x01,0x00,0x00,
0x6e,0x01,0x06,0x00,0x9f,0x00,0x00,0x00,0x97,0x62,0x00,0x00,0x6c,0x01,0x00,0x00,
0x86,0x62,0x00,0x00,0x6b,0x01,0x00,0x00,0x81,0x00,0x05,0x00,0x9f,0x00,0x00,0x00,
0xa1,0x62,0x00,0x00,0x86,0x62,0x00,0x00,0x93,0x62,0x00,0x00,0x81,0x00,0x05,0x00,
0x9f,0x00,0x00,0x00,0xa3,0x62,0x00,0x00,0xa1,0x62,0x00,0x00,0x95,0x62,0x00,0x00,
0x81,0x00,0x05,0x00,0x9f,0x00,0x00,0x00,0xa5,0x62,0x00,0x00,0xa3,0x62,0x00,0x00,
0x97,0x62,0x00,0x00,0x8e,0x00,0x05,0x00,0x9f,0x00,0x00,0x00,0xa6,0x62,0x00,0x00,
0xa5,0x62,0x00,0x00,0xaf,0x04,0x00,0x00,0xf7,0x00,0x03,0x00,0x72,0x62,0x00,0x00,
0x00,0x00,0x00,0x00,0xfa,0x00,0x04,0x00,0xc7,0x60,0x00,0x00,0x5b,0x62,0x00,0x00,
0x72,0x62,0x00,0x00,0xf8,0x00,0x02,0x00,0x5b,0x62,0x00,0x00,0x86,0x00,0x05,0x00,
0x06,0x00,0x00,0x00,0x6d,0x62,0x00,0x00,0x84,0x09,0x00,0x00,0x6b,0x01,0x00,0x00,
0x80,0x00,0x05,0x00,0x06,0x00,0x00,0x00,0x6f,0x62,0x00,0x00,0x6d,0x62,0x00,0x00,
0x8a,0x09,0x00,0x00,0x51,0x00,0x05,0x00,0x13,0x00,0x00,0x00,0xf5,0x62,0x00,0x00,
0xa6,0x62,0x00,0x00,0x00,0x00,0x00,0x00,0x41,0x00,0x06,0x00,0xc6,0x04,0x00,0x00,
0xf6,0x62,0x00,0x00,0xc3,0x04,0x00,0x00,0x6f,0x62,0x00,0x00,0xbf,0x01,0x00,0x00,
0x3e,0x00,0x03,0x00,0xf6,0x62,0x00,0x00,0xf5,0x62,0x00,0x00,0x51,0x00,0x05,0x00,
0x13,0x00,0x00,0x00,0xfa,0x62,0x00,0x00,0xa6,0x62,0x00,0x00,0x01,0x00,0x00,0x00,
0x41,0x00,0x06,0x00,0xc6,0x04,0x00,0x00,0xfb,0x62,0x00,0x00,0xc9,0x04,0x00,0x00,
0x6f,0x62,0x00,0x00,0xbf,0x01,0x00,0x00,0x3e,0x00,0x03,0x00,0xfb,0x62,0x00,0x00,
0xfa,0x62,0x00,0x00,0x51,0x00,0x05,0x00,0x13,0x00,0x00,0x00,0xff,0x62,0x00,0x00,
0xa6,0x62,0x00,0x00,0x02,0x00,0x00,0x00,0x41,0x00,0x06,0x00,0xc6,0x04,0x00,0x00,
0x00,0x63,0x00,0x00,0xce,0x04,0x00,0x00,0x6f,0x62,0x00,0x00,0xbf,0x01,0x00,0x00,
0x3e,0x00,0x03,0x00,0x00,0x63,0x00,0x00,0xff,0x62,0x00,0x00,0x51,0x00,0x05,0x00,
0x13,0x00,0x00,0x00,0x04,0x63,0x00,0x00,0xa6,0x62,0x00,0x00,0x03,0x00,0x00,0x00,
0x41,0x00,0x06,0x00,0xc6,0x04,0x00,0x00,0x05,0x63,0x00,0x00,0xd3,0x04,0x00,0x00,
0x6f,0x62,0x00,0x00,0xbf,0x01,0x00,0x00,0x3e,0x00,0x03,0x00,0x05,0x63,0x00,0x00,
0x04,0x63,0x00,0x00,0xf9,0x00,0x02,0x00,0x72,0x62,0x00,0x00,0xf8,0x00,0x02,0x00,
0x72,0x62,0x00,0x00,0xf9,0x00,0x02,0x00,0x73,0x62,0x00,0x00,0xf8,0x00,0x02,0x00,
0x73,0x62,0x00,0x00,0xb2,0x00,0x05,0x00,0x6e,0x00,0x00,0x00,0xa8,0x60,0x00,0x00,
0x41,0x09,0x00,0x00,0xdd,0x77,0x00,0x00,0xf7,0x00,0x03,0x00,0xaa,0x60,0x00,0x00,
0x00,0x00,0x00,0x00,0xfa,0x00,0x04,0x00,0xa8,0x60,0x00,0x00,0xa9,0x60,0x00,0x00,
0xaa,0x60,0x00,0x00,0xf8,0x00,0x02,0x00,0xa9,0x60,0x00,0x00,0xf9,0x00,0x02,0x00,
0xb2,0x60,0x00,0x00,0xf8,0x00,0x02,0x00,0xaa,0x60,0x00,0x00,0xe1,0x00,0x03,0x00,
0x6b,0x01,0x00,0x00,0xef,0x04,0x00,0x00,0xe0,0x00,0x04,0x00,0x6b,0x01,0x00,0x00,
0x6b,0x01,0x00,0x00,0xf0,0x04,0x00,0x00,0xb0,0x00,0x05,0x00,0x6e,0x00,0x00,0x00,
0x11,0x63,0x00,0x00,0x0b,0x09,0x00,0x00,0x0b,0x02,0x00,0x00,0xf7,0x00,0x03,0x00,
0x22,0x63,0x00,0x00,0x00,0x00,0x00,0x00,0xfa,0x00,0x04,0x00,0x11,0x63,0x00,0x00,
0x12,0x63,0x00,0x00,0x22,0x63,0x00,0x00,0xf8,0x00,0x02,0x00,0x12,0x63,0x00,0x00,
0x41,0x00,0x06,0x00,0xc6,0x04,0x00,0x00,0x27,0x63,0x00,0x00,0xc3,0x04,0x00,0x00,
0x0b,0x09,0x00,0x00,0xbf,0x01,0x00,0x00,0x3d,0x00,0x04,0x00,0x13,0x00,0x00,0x00,
0x28,0x63,0x00,0x00,0x27,0x63,0x00,0x00,0x41,0x00,0x06,0x00,0xc6,0x04,0x00,0x00,
0x2b,0x63,0x00,0x00,0xc9,0x04,0x00,0x00,0x0b,0x09,0x00,0x00,0xbf,0x01,0x00,0x00,
0x3d,0x00,0x04,0x00,0x13,0x00,0x00,0x00,0x2c,0x63,0x00,0x00,0x2b,0x63,0x00,0x00,
0x41,0x00,0x06,0x00,0xc6,0x04,0x00,0x00,0x2f,0x63,0x00,0x00,0xce,0x04,0x00,0x00,
0x0b,0x09,0x00,0x00,0xbf,0x01,0x00,0x00,0x3d,0x00,0x04,0x00,0x13,0x00,0x00,0x00,
0x30,0x63,0x00,0x00,0x2f,0x63,0x00,0x00,0x41,0x00,0x06,0x00,0xc6,0x04,0x00,0x00,
0x33,0x63,0x00,0x00,0xd3,0x04,0x00,0x00,0x0b,0x09,0x00,0x00,0xbf,0x01,0x00,0x00,
0x3d,0x00,0x04,0x00,0x13,0x00,0x00,0x00,0x34,0x63,0x00,0x00,0x33,0x63,0x00,0x00,
0x50,0x00,0x07,0x00,0x9f,0x00,0x00,0x00,0x35,0x63,0x00,0x00,0x28,0x63,0x00,0x00,
0x2c,0x63,0x00,0x00,0x30,0x63,0x00,0x00,0x34,0x63,0x00,0x00,0x6e,0x01,0x06,0x00,
0x9f,0x00,0x00,0x00,0x42,0x63,0x00,0x00,0x6c,0x01,0x00,0x00,0x35,0x63,0x00,0x00,
0xbf,0x01,0x00,0x00,0x6e,0x01,0x06,0x00,0x9f,0x00,0x00,0x00,0x44,0x63,0x00,0x00,
0x6c,0x01,0x00,0x00,0x35,0x63,0x00,0x00,0x72,0x01,0x00,0x00,0x6e,0x01,0x06,0x00,
0x9f,0x00,0x00,0x00,0x46,0x63,0x00,0x00,0x6c,0x01,0x00,0x00,0x35,0x63,0x00,0x00,
0x6b,0x01,0x00,0x00,0xf9,0x00,0x02,0x00,0x21,0x63,0x00,0x00,0xf8,0x00,0x02,0x00,
0x21,0x63,0x00,0x00,0xf9,0x00,0x02,0x00,0x22,0x63,0x00,0x00,0xf8,0x00,0x02,0x00,
0x22,0x63,0x00,0x00,0xf9,0x00,0x02,0x00,0xb2,0x60,0x00,0x00,0xf8,0x00,0x02,0x00,
0xb2,0x60,0x00,0x00,0xf9,0x00,0x02,0x00,0xb0,0x09,0x00,0x00,0xf8,0x00,0x02,0x00,
0xb0,0x09,0x00,0x00,0xfd,0x00,0x01,0x00,0x38,0x00,0x01,0x00
};

