// ffx_fsr3upscaler_luma_pyramid_pass_wave64_55a040051548ba452afcfaaa13c6f0d6.h.
// Auto generated by FidelityFX-SC.

static const char* g_ffx_fsr3upscaler_luma_pyramid_pass_wave64_55a040051548ba452afcfaaa13c6f0d6_CBVResourceNames[] = {  "cbFSR3Upscaler", "cbSPD", };
static const uint32_t g_ffx_fsr3upscaler_luma_pyramid_pass_wave64_55a040051548ba452afcfaaa13c6f0d6_CBVResourceBindings[] = {  11, 12, };
static const uint32_t g_ffx_fsr3upscaler_luma_pyramid_pass_wave64_55a040051548ba452afcfaaa13c6f0d6_CBVResourceCounts[] = {  1, 1, };
static const uint32_t g_ffx_fsr3upscaler_luma_pyramid_pass_wave64_55a040051548ba452afcfaaa13c6f0d6_CBVResourceSets[] = {  0, 0, };

static const char* g_ffx_fsr3upscaler_luma_pyramid_pass_wave64_55a040051548ba452afcfaaa13c6f0d6_TextureSRVResourceNames[] = {  "r_farthest_depth", "r_current_luma", };
static const uint32_t g_ffx_fsr3upscaler_luma_pyramid_pass_wave64_55a040051548ba452afcfaaa13c6f0d6_TextureSRVResourceBindings[] = {  1, 0, };
static const uint32_t g_ffx_fsr3upscaler_luma_pyramid_pass_wave64_55a040051548ba452afcfaaa13c6f0d6_TextureSRVResourceCounts[] = {  1, 1, };
static const uint32_t g_ffx_fsr3upscaler_luma_pyramid_pass_wave64_55a040051548ba452afcfaaa13c6f0d6_TextureSRVResourceSets[] = {  0, 0, };

static const char* g_ffx_fsr3upscaler_luma_pyramid_pass_wave64_55a040051548ba452afcfaaa13c6f0d6_TextureUAVResourceNames[] = {  "rw_farthest_depth_mip1", "rw_frame_info", "rw_spd_mip5", "rw_spd_global_atomic", };
static const uint32_t g_ffx_fsr3upscaler_luma_pyramid_pass_wave64_55a040051548ba452afcfaaa13c6f0d6_TextureUAVResourceBindings[] = {  10, 3, 9, 2, };
static const uint32_t g_ffx_fsr3upscaler_luma_pyramid_pass_wave64_55a040051548ba452afcfaaa13c6f0d6_TextureUAVResourceCounts[] = {  1, 1, 1, 1, };
static const uint32_t g_ffx_fsr3upscaler_luma_pyramid_pass_wave64_55a040051548ba452afcfaaa13c6f0d6_TextureUAVResourceSets[] = {  0, 0, 0, 0, };

static const uint32_t g_ffx_fsr3upscaler_luma_pyramid_pass_wave64_55a040051548ba452afcfaaa13c6f0d6_size = 43608;

static const unsigned char g_ffx_fsr3upscaler_luma_pyramid_pass_wave64_55a040051548ba452afcfaaa13c6f0d6_data[] = {
0x03,0x02,0x23,0x07,0x00,0x05,0x01,0x00,0x0b,0x00,0x08,0x00,0x65,0x2d,0x00,0x00,
0x00,0x00,0x00,0x00,0x11,0x00,0x02,0x00,0x01,0x00,0x00,0x00,0x11,0x00,0x02,0x00,
0x31,0x00,0x00,0x00,0x11,0x00,0x02,0x00,0x3d,0x00,0x00,0x00,0x11,0x00,0x02,0x00,
0x44,0x00,0x00,0x00,0x0b,0x00,0x06,0x00,0x01,0x00,0x00,0x00,0x47,0x4c,0x53,0x4c,
0x2e,0x73,0x74,0x64,0x2e,0x34,0x35,0x30,0x00,0x00,0x00,0x00,0x0e,0x00,0x03,0x00,
0x00,0x00,0x00,0x00,0x01,0x00,0x00,0x00,0x0f,0x00,0x14,0x00,0x05,0x00,0x00,0x00,
0x04,0x00,0x00,0x00,0x6d,0x61,0x69,0x6e,0x00,0x00,0x00,0x00,0x5e,0x01,0x00,0x00,
0x6c,0x01,0x00,0x00,0x7f,0x01,0x00,0x00,0x89,0x01,0x00,0x00,0x8f,0x01,0x00,0x00,
0x98,0x01,0x00,0x00,0xda,0x01,0x00,0x00,0x21,0x02,0x00,0x00,0x5e,0x02,0x00,0x00,
0xed,0x02,0x00,0x00,0xf3,0x02,0x00,0x00,0xf8,0x02,0x00,0x00,0xfd,0x02,0x00,0x00,
0x31,0x07,0x00,0x00,0x33,0x07,0x00,0x00,0x10,0x00,0x06,0x00,0x04,0x00,0x00,0x00,
0x11,0x00,0x00,0x00,0x00,0x01,0x00,0x00,0x01,0x00,0x00,0x00,0x01,0x00,0x00,0x00,
0x03,0x00,0x03,0x00,0x02,0x00,0x00,0x00,0xc2,0x01,0x00,0x00,0x04,0x00,0x0b,0x00,
0x47,0x4c,0x5f,0x45,0x58,0x54,0x5f,0x73,0x61,0x6d,0x70,0x6c,0x65,0x72,0x6c,0x65,
0x73,0x73,0x5f,0x74,0x65,0x78,0x74,0x75,0x72,0x65,0x5f,0x66,0x75,0x6e,0x63,0x74,
0x69,0x6f,0x6e,0x73,0x00,0x00,0x00,0x00,0x04,0x00,0x0b,0x00,0x47,0x4c,0x5f,0x45,
0x58,0x54,0x5f,0x73,0x68,0x61,0x64,0x65,0x72,0x5f,0x65,0x78,0x70,0x6c,0x69,0x63,
0x69,0x74,0x5f,0x61,0x72,0x69,0x74,0x68,0x6d,0x65,0x74,0x69,0x63,0x5f,0x74,0x79,
0x70,0x65,0x73,0x00,0x04,0x00,0x0a,0x00,0x47,0x4c,0x5f,0x47,0x4f,0x4f,0x47,0x4c,
0x45,0x5f,0x63,0x70,0x70,0x5f,0x73,0x74,0x79,0x6c,0x65,0x5f,0x6c,0x69,0x6e,0x65,
0x5f,0x64,0x69,0x72,0x65,0x63,0x74,0x69,0x76,0x65,0x00,0x00,0x04,0x00,0x08,0x00,
0x47,0x4c,0x5f,0x47,0x4f,0x4f,0x47,0x4c,0x45,0x5f,0x69,0x6e,0x63,0x6c,0x75,0x64,
0x65,0x5f,0x64,0x69,0x72,0x65,0x63,0x74,0x69,0x76,0x65,0x00,0x04,0x00,0x09,0x00,
0x47,0x4c,0x5f,0x4b,0x48,0x52,0x5f,0x73,0x68,0x61,0x64,0x65,0x72,0x5f,0x73,0x75,
0x62,0x67,0x72,0x6f,0x75,0x70,0x5f,0x62,0x61,0x73,0x69,0x63,0x00,0x00,0x00,0x00,
0x04,0x00,0x08,0x00,0x47,0x4c,0x5f,0x4b,0x48,0x52,0x5f,0x73,0x68,0x61,0x64,0x65,
0x72,0x5f,0x73,0x75,0x62,0x67,0x72,0x6f,0x75,0x70,0x5f,0x71,0x75,0x61,0x64,0x00,
0x05,0x00,0x04,0x00,0x04,0x00,0x00,0x00,0x6d,0x61,0x69,0x6e,0x00,0x00,0x00,0x00,
0x05,0x00,0x07,0x00,0x5c,0x01,0x00,0x00,0x63,0x62,0x46,0x53,0x52,0x33,0x55,0x50,
0x53,0x43,0x41,0x4c,0x45,0x52,0x5f,0x74,0x00,0x00,0x00,0x00,0x06,0x00,0x06,0x00,
0x5c,0x01,0x00,0x00,0x00,0x00,0x00,0x00,0x69,0x52,0x65,0x6e,0x64,0x65,0x72,0x53,
0x69,0x7a,0x65,0x00,0x06,0x00,0x0a,0x00,0x5c,0x01,0x00,0x00,0x01,0x00,0x00,0x00,
0x69,0x50,0x72,0x65,0x76,0x69,0x6f,0x75,0x73,0x46,0x72,0x61,0x6d,0x65,0x52,0x65,
0x6e,0x64,0x65,0x72,0x53,0x69,0x7a,0x65,0x00,0x00,0x00,0x00,0x06,0x00,0x07,0x00,
0x5c,0x01,0x00,0x00,0x02,0x00,0x00,0x00,0x69,0x55,0x70,0x73,0x63,0x61,0x6c,0x65,
0x53,0x69,0x7a,0x65,0x00,0x00,0x00,0x00,0x06,0x00,0x0a,0x00,0x5c,0x01,0x00,0x00,
0x03,0x00,0x00,0x00,0x69,0x50,0x72,0x65,0x76,0x69,0x6f,0x75,0x73,0x46,0x72,0x61,
0x6d,0x65,0x55,0x70,0x73,0x63,0x61,0x6c,0x65,0x53,0x69,0x7a,0x65,0x00,0x00,0x00,
0x06,0x00,0x07,0x00,0x5c,0x01,0x00,0x00,0x04,0x00,0x00,0x00,0x69,0x4d,0x61,0x78,
0x52,0x65,0x6e,0x64,0x65,0x72,0x53,0x69,0x7a,0x65,0x00,0x00,0x06,0x00,0x07,0x00,
0x5c,0x01,0x00,0x00,0x05,0x00,0x00,0x00,0x69,0x4d,0x61,0x78,0x55,0x70,0x73,0x63,
0x61,0x6c,0x65,0x53,0x69,0x7a,0x65,0x00,0x06,0x00,0x08,0x00,0x5c,0x01,0x00,0x00,
0x06,0x00,0x00,0x00,0x66,0x44,0x65,0x76,0x69,0x63,0x65,0x54,0x6f,0x56,0x69,0x65,
0x77,0x44,0x65,0x70,0x74,0x68,0x00,0x00,0x06,0x00,0x05,0x00,0x5c,0x01,0x00,0x00,
0x07,0x00,0x00,0x00,0x66,0x4a,0x69,0x74,0x74,0x65,0x72,0x00,0x06,0x00,0x09,0x00,
0x5c,0x01,0x00,0x00,0x08,0x00,0x00,0x00,0x66,0x50,0x72,0x65,0x76,0x69,0x6f,0x75,
0x73,0x46,0x72,0x61,0x6d,0x65,0x4a,0x69,0x74,0x74,0x65,0x72,0x00,0x00,0x00,0x00,
0x06,0x00,0x08,0x00,0x5c,0x01,0x00,0x00,0x09,0x00,0x00,0x00,0x66,0x4d,0x6f,0x74,
0x69,0x6f,0x6e,0x56,0x65,0x63,0x74,0x6f,0x72,0x53,0x63,0x61,0x6c,0x65,0x00,0x00,
0x06,0x00,0x08,0x00,0x5c,0x01,0x00,0x00,0x0a,0x00,0x00,0x00,0x66,0x44,0x6f,0x77,
0x6e,0x73,0x63,0x61,0x6c,0x65,0x46,0x61,0x63,0x74,0x6f,0x72,0x00,0x00,0x00,0x00,
0x06,0x00,0x0b,0x00,0x5c,0x01,0x00,0x00,0x0b,0x00,0x00,0x00,0x66,0x4d,0x6f,0x74,
0x69,0x6f,0x6e,0x56,0x65,0x63,0x74,0x6f,0x72,0x4a,0x69,0x74,0x74,0x65,0x72,0x43,
0x61,0x6e,0x63,0x65,0x6c,0x6c,0x61,0x74,0x69,0x6f,0x6e,0x00,0x06,0x00,0x06,0x00,
0x5c,0x01,0x00,0x00,0x0c,0x00,0x00,0x00,0x66,0x54,0x61,0x6e,0x48,0x61,0x6c,0x66,
0x46,0x4f,0x56,0x00,0x06,0x00,0x09,0x00,0x5c,0x01,0x00,0x00,0x0d,0x00,0x00,0x00,
0x66,0x4a,0x69,0x74,0x74,0x65,0x72,0x53,0x65,0x71,0x75,0x65,0x6e,0x63,0x65,0x4c,
0x65,0x6e,0x67,0x74,0x68,0x00,0x00,0x00,0x06,0x00,0x06,0x00,0x5c,0x01,0x00,0x00,
0x0e,0x00,0x00,0x00,0x66,0x44,0x65,0x6c,0x74,0x61,0x54,0x69,0x6d,0x65,0x00,0x00,
0x06,0x00,0x08,0x00,0x5c,0x01,0x00,0x00,0x0f,0x00,0x00,0x00,0x66,0x44,0x65,0x6c,
0x74,0x61,0x50,0x72,0x65,0x45,0x78,0x70,0x6f,0x73,0x75,0x72,0x65,0x00,0x00,0x00,
0x06,0x00,0x0a,0x00,0x5c,0x01,0x00,0x00,0x10,0x00,0x00,0x00,0x66,0x56,0x69,0x65,
0x77,0x53,0x70,0x61,0x63,0x65,0x54,0x6f,0x4d,0x65,0x74,0x65,0x72,0x73,0x46,0x61,
0x63,0x74,0x6f,0x72,0x00,0x00,0x00,0x00,0x06,0x00,0x06,0x00,0x5c,0x01,0x00,0x00,
0x11,0x00,0x00,0x00,0x66,0x46,0x72,0x61,0x6d,0x65,0x49,0x6e,0x64,0x65,0x78,0x00,
0x06,0x00,0x07,0x00,0x5c,0x01,0x00,0x00,0x12,0x00,0x00,0x00,0x66,0x56,0x65,0x6c,
0x6f,0x63,0x69,0x74,0x79,0x46,0x61,0x63,0x74,0x6f,0x72,0x00,0x06,0x00,0x08,0x00,
0x5c,0x01,0x00,0x00,0x13,0x00,0x00,0x00,0x66,0x52,0x65,0x61,0x63,0x74,0x69,0x76,
0x65,0x6e,0x65,0x73,0x73,0x53,0x63,0x61,0x6c,0x65,0x00,0x00,0x06,0x00,0x08,0x00,
0x5c,0x01,0x00,0x00,0x14,0x00,0x00,0x00,0x66,0x53,0x68,0x61,0x64,0x69,0x6e,0x67,
0x43,0x68,0x61,0x6e,0x67,0x65,0x53,0x63,0x61,0x6c,0x65,0x00,0x06,0x00,0x0a,0x00,
0x5c,0x01,0x00,0x00,0x15,0x00,0x00,0x00,0x66,0x41,0x63,0x63,0x75,0x6d,0x75,0x6c,
0x61,0x74,0x69,0x6f,0x6e,0x41,0x64,0x64,0x65,0x64,0x50,0x65,0x72,0x46,0x72,0x61,
0x6d,0x65,0x00,0x00,0x06,0x00,0x0b,0x00,0x5c,0x01,0x00,0x00,0x16,0x00,0x00,0x00,
0x66,0x4d,0x69,0x6e,0x44,0x69,0x73,0x6f,0x63,0x63,0x6c,0x75,0x73,0x69,0x6f,0x6e,
0x41,0x63,0x63,0x75,0x6d,0x75,0x6c,0x61,0x74,0x69,0x6f,0x6e,0x00,0x00,0x00,0x00,
0x05,0x00,0x06,0x00,0x5e,0x01,0x00,0x00,0x63,0x62,0x46,0x53,0x52,0x33,0x55,0x70,
0x73,0x63,0x61,0x6c,0x65,0x72,0x00,0x00,0x05,0x00,0x04,0x00,0x6a,0x01,0x00,0x00,
0x63,0x62,0x53,0x50,0x44,0x5f,0x74,0x00,0x06,0x00,0x05,0x00,0x6a,0x01,0x00,0x00,
0x00,0x00,0x00,0x00,0x6d,0x69,0x70,0x73,0x00,0x00,0x00,0x00,0x06,0x00,0x07,0x00,
0x6a,0x01,0x00,0x00,0x01,0x00,0x00,0x00,0x6e,0x75,0x6d,0x57,0x6f,0x72,0x6b,0x47,
0x72,0x6f,0x75,0x70,0x73,0x00,0x00,0x00,0x06,0x00,0x07,0x00,0x6a,0x01,0x00,0x00,
0x02,0x00,0x00,0x00,0x77,0x6f,0x72,0x6b,0x47,0x72,0x6f,0x75,0x70,0x4f,0x66,0x66,
0x73,0x65,0x74,0x00,0x06,0x00,0x06,0x00,0x6a,0x01,0x00,0x00,0x03,0x00,0x00,0x00,
0x72,0x65,0x6e,0x64,0x65,0x72,0x53,0x69,0x7a,0x65,0x00,0x00,0x05,0x00,0x04,0x00,
0x6c,0x01,0x00,0x00,0x63,0x62,0x53,0x50,0x44,0x00,0x00,0x00,0x05,0x00,0x07,0x00,
0x7f,0x01,0x00,0x00,0x72,0x5f,0x66,0x61,0x72,0x74,0x68,0x65,0x73,0x74,0x5f,0x64,
0x65,0x70,0x74,0x68,0x00,0x00,0x00,0x00,0x05,0x00,0x08,0x00,0x89,0x01,0x00,0x00,
0x72,0x77,0x5f,0x66,0x61,0x72,0x74,0x68,0x65,0x73,0x74,0x5f,0x64,0x65,0x70,0x74,
0x68,0x5f,0x6d,0x69,0x70,0x31,0x00,0x00,0x05,0x00,0x06,0x00,0x8f,0x01,0x00,0x00,
0x72,0x5f,0x63,0x75,0x72,0x72,0x65,0x6e,0x74,0x5f,0x6c,0x75,0x6d,0x61,0x00,0x00,
0x05,0x00,0x06,0x00,0x98,0x01,0x00,0x00,0x72,0x77,0x5f,0x66,0x72,0x61,0x6d,0x65,
0x5f,0x69,0x6e,0x66,0x6f,0x00,0x00,0x00,0x05,0x00,0x05,0x00,0xda,0x01,0x00,0x00,
0x72,0x77,0x5f,0x73,0x70,0x64,0x5f,0x6d,0x69,0x70,0x35,0x00,0x05,0x00,0x08,0x00,
0x21,0x02,0x00,0x00,0x72,0x77,0x5f,0x73,0x70,0x64,0x5f,0x67,0x6c,0x6f,0x62,0x61,
0x6c,0x5f,0x61,0x74,0x6f,0x6d,0x69,0x63,0x00,0x00,0x00,0x00,0x05,0x00,0x05,0x00,
0x5e,0x02,0x00,0x00,0x73,0x70,0x64,0x43,0x6f,0x75,0x6e,0x74,0x65,0x72,0x00,0x00,
0x05,0x00,0x07,0x00,0xed,0x02,0x00,0x00,0x73,0x70,0x64,0x49,0x6e,0x74,0x65,0x72,
0x6d,0x65,0x64,0x69,0x61,0x74,0x65,0x52,0x00,0x00,0x00,0x00,0x05,0x00,0x07,0x00,
0xf3,0x02,0x00,0x00,0x73,0x70,0x64,0x49,0x6e,0x74,0x65,0x72,0x6d,0x65,0x64,0x69,
0x61,0x74,0x65,0x47,0x00,0x00,0x00,0x00,0x05,0x00,0x07,0x00,0xf8,0x02,0x00,0x00,
0x73,0x70,0x64,0x49,0x6e,0x74,0x65,0x72,0x6d,0x65,0x64,0x69,0x61,0x74,0x65,0x42,
0x00,0x00,0x00,0x00,0x05,0x00,0x07,0x00,0xfd,0x02,0x00,0x00,0x73,0x70,0x64,0x49,
0x6e,0x74,0x65,0x72,0x6d,0x65,0x64,0x69,0x61,0x74,0x65,0x41,0x00,0x00,0x00,0x00,
0x05,0x00,0x06,0x00,0x31,0x07,0x00,0x00,0x67,0x6c,0x5f,0x57,0x6f,0x72,0x6b,0x47,
0x72,0x6f,0x75,0x70,0x49,0x44,0x00,0x00,0x05,0x00,0x08,0x00,0x33,0x07,0x00,0x00,
0x67,0x6c,0x5f,0x4c,0x6f,0x63,0x61,0x6c,0x49,0x6e,0x76,0x6f,0x63,0x61,0x74,0x69,
0x6f,0x6e,0x49,0x6e,0x64,0x65,0x78,0x00,0x47,0x00,0x03,0x00,0x5c,0x01,0x00,0x00,
0x02,0x00,0x00,0x00,0x48,0x00,0x05,0x00,0x5c,0x01,0x00,0x00,0x00,0x00,0x00,0x00,
0x23,0x00,0x00,0x00,0x00,0x00,0x00,0x00,0x48,0x00,0x05,0x00,0x5c,0x01,0x00,0x00,
0x01,0x00,0x00,0x00,0x23,0x00,0x00,0x00,0x08,0x00,0x00,0x00,0x48,0x00,0x05,0x00,
0x5c,0x01,0x00,0x00,0x02,0x00,0x00,0x00,0x23,0x00,0x00,0x00,0x10,0x00,0x00,0x00,
0x48,0x00,0x05,0x00,0x5c,0x01,0x00,0x00,0x03,0x00,0x00,0x00,0x23,0x00,0x00,0x00,
0x18,0x00,0x00,0x00,0x48,0x00,0x05,0x00,0x5c,0x01,0x00,0x00,0x04,0x00,0x00,0x00,
0x23,0x00,0x00,0x00,0x20,0x00,0x00,0x00,0x48,0x00,0x05,0x00,0x5c,0x01,0x00,0x00,
0x05,0x00,0x00,0x00,0x23,0x00,0x00,0x00,0x28,0x00,0x00,0x00,0x48,0x00,0x05,0x00,
0x5c,0x01,0x00,0x00,0x06,0x00,0x00,0x00,0x23,0x00,0x00,0x00,0x30,0x00,0x00,0x00,
0x48,0x00,0x05,0x00,0x5c,0x01,0x00,0x00,0x07,0x00,0x00,0x00,0x23,0x00,0x00,0x00,
0x40,0x00,0x00,0x00,0x48,0x00,0x05,0x00,0x5c,0x01,0x00,0x00,0x08,0x00,0x00,0x00,
0x23,0x00,0x00,0x00,0x48,0x00,0x00,0x00,0x48,0x00,0x05,0x00,0x5c,0x01,0x00,0x00,
0x09,0x00,0x00,0x00,0x23,0x00,0x00,0x00,0x50,0x00,0x00,0x00,0x48,0x00,0x05,0x00,
0x5c,0x01,0x00,0x00,0x0a,0x00,0x00,0x00,0x23,0x00,0x00,0x00,0x58,0x00,0x00,0x00,
0x48,0x00,0x05,0x00,0x5c,0x01,0x00,0x00,0x0b,0x00,0x00,0x00,0x23,0x00,0x00,0x00,
0x60,0x00,0x00,0x00,0x48,0x00,0x05,0x00,0x5c,0x01,0x00,0x00,0x0c,0x00,0x00,0x00,
0x23,0x00,0x00,0x00,0x68,0x00,0x00,0x00,0x48,0x00,0x05,0x00,0x5c,0x01,0x00,0x00,
0x0d,0x00,0x00,0x00,0x23,0x00,0x00,0x00,0x6c,0x00,0x00,0x00,0x48,0x00,0x05,0x00,
0x5c,0x01,0x00,0x00,0x0e,0x00,0x00,0x00,0x23,0x00,0x00,0x00,0x70,0x00,0x00,0x00,
0x48,0x00,0x05,0x00,0x5c,0x01,0x00,0x00,0x0f,0x00,0x00,0x00,0x23,0x00,0x00,0x00,
0x74,0x00,0x00,0x00,0x48,0x00,0x05,0x00,0x5c,0x01,0x00,0x00,0x10,0x00,0x00,0x00,
0x23,0x00,0x00,0x00,0x78,0x00,0x00,0x00,0x48,0x00,0x05,0x00,0x5c,0x01,0x00,0x00,
0x11,0x00,0x00,0x00,0x23,0x00,0x00,0x00,0x7c,0x00,0x00,0x00,0x48,0x00,0x05,0x00,
0x5c,0x01,0x00,0x00,0x12,0x00,0x00,0x00,0x23,0x00,0x00,0x00,0x80,0x00,0x00,0x00,
0x48,0x00,0x05,0x00,0x5c,0x01,0x00,0x00,0x13,0x00,0x00,0x00,0x23,0x00,0x00,0x00,
0x84,0x00,0x00,0x00,0x48,0x00,0x05,0x00,0x5c,0x01,0x00,0x00,0x14,0x00,0x00,0x00,
0x23,0x00,0x00,0x00,0x88,0x00,0x00,0x00,0x48,0x00,0x05,0x00,0x5c,0x01,0x00,0x00,
0x15,0x00,0x00,0x00,0x23,0x00,0x00,0x00,0x8c,0x00,0x00,0x00,0x48,0x00,0x05,0x00,
0x5c,0x01,0x00,0x00,0x16,0x00,0x00,0x00,0x23,0x00,0x00,0x00,0x90,0x00,0x00,0x00,
0x47,0x00,0x04,0x00,0x5e,0x01,0x00,0x00,0x21,0x00,0x00,0x00,0x0b,0x00,0x00,0x00,
0x47,0x00,0x04,0x00,0x5e,0x01,0x00,0x00,0x22,0x00,0x00,0x00,0x00,0x00,0x00,0x00,
0x47,0x00,0x03,0x00,0x6a,0x01,0x00,0x00,0x02,0x00,0x00,0x00,0x48,0x00,0x05,0x00,
0x6a,0x01,0x00,0x00,0x00,0x00,0x00,0x00,0x23,0x00,0x00,0x00,0x00,0x00,0x00,0x00,
0x48,0x00,0x05,0x00,0x6a,0x01,0x00,0x00,0x01,0x00,0x00,0x00,0x23,0x00,0x00,0x00,
0x04,0x00,0x00,0x00,0x48,0x00,0x05,0x00,0x6a,0x01,0x00,0x00,0x02,0x00,0x00,0x00,
0x23,0x00,0x00,0x00,0x08,0x00,0x00,0x00,0x48,0x00,0x05,0x00,0x6a,0x01,0x00,0x00,
0x03,0x00,0x00,0x00,0x23,0x00,0x00,0x00,0x10,0x00,0x00,0x00,0x47,0x00,0x04,0x00,
0x6c,0x01,0x00,0x00,0x21,0x00,0x00,0x00,0x0c,0x00,0x00,0x00,0x47,0x00,0x04,0x00,
0x6c,0x01,0x00,0x00,0x22,0x00,0x00,0x00,0x00,0x00,0x00,0x00,0x47,0x00,0x04,0x00,
0x7f,0x01,0x00,0x00,0x21,0x00,0x00,0x00,0x01,0x00,0x00,0x00,0x47,0x00,0x04,0x00,
0x7f,0x01,0x00,0x00,0x22,0x00,0x00,0x00,0x00,0x00,0x00,0x00,0x47,0x00,0x04,0x00,
0x89,0x01,0x00,0x00,0x21,0x00,0x00,0x00,0x0a,0x00,0x00,0x00,0x47,0x00,0x04,0x00,
0x89,0x01,0x00,0x00,0x22,0x00,0x00,0x00,0x00,0x00,0x00,0x00,0x47,0x00,0x04,0x00,
0x8f,0x01,0x00,0x00,0x21,0x00,0x00,0x00,0x00,0x00,0x00,0x00,0x47,0x00,0x04,0x00,
0x8f,0x01,0x00,0x00,0x22,0x00,0x00,0x00,0x00,0x00,0x00,0x00,0x47,0x00,0x04,0x00,
0x98,0x01,0x00,0x00,0x21,0x00,0x00,0x00,0x03,0x00,0x00,0x00,0x47,0x00,0x04,0x00,
0x98,0x01,0x00,0x00,0x22,0x00,0x00,0x00,0x00,0x00,0x00,0x00,0x47,0x00,0x03,0x00,
0xda,0x01,0x00,0x00,0x17,0x00,0x00,0x00,0x47,0x00,0x04,0x00,0xda,0x01,0x00,0x00,
0x21,0x00,0x00,0x00,0x09,0x00,0x00,0x00,0x47,0x00,0x04,0x00,0xda,0x01,0x00,0x00,
0x22,0x00,0x00,0x00,0x00,0x00,0x00,0x00,0x47,0x00,0x03,0x00,0x21,0x02,0x00,0x00,
0x17,0x00,0x00,0x00,0x47,0x00,0x04,0x00,0x21,0x02,0x00,0x00,0x21,0x00,0x00,0x00,
0x02,0x00,0x00,0x00,0x47,0x00,0x04,0x00,0x21,0x02,0x00,0x00,0x22,0x00,0x00,0x00,
0x00,0x00,0x00,0x00,0x47,0x00,0x04,0x00,0x31,0x07,0x00,0x00,0x0b,0x00,0x00,0x00,
0x1a,0x00,0x00,0x00,0x47,0x00,0x04,0x00,0x33,0x07,0x00,0x00,0x0b,0x00,0x00,0x00,
0x1d,0x00,0x00,0x00,0x47,0x00,0x04,0x00,0x46,0x07,0x00,0x00,0x0b,0x00,0x00,0x00,
0x19,0x00,0x00,0x00,0x13,0x00,0x02,0x00,0x02,0x00,0x00,0x00,0x21,0x00,0x03,0x00,
0x03,0x00,0x00,0x00,0x02,0x00,0x00,0x00,0x15,0x00,0x04,0x00,0x06,0x00,0x00,0x00,
0x20,0x00,0x00,0x00,0x00,0x00,0x00,0x00,0x15,0x00,0x04,0x00,0x13,0x00,0x00,0x00,
0x20,0x00,0x00,0x00,0x01,0x00,0x00,0x00,0x16,0x00,0x03,0x00,0x1a,0x00,0x00,0x00,
0x20,0x00,0x00,0x00,0x17,0x00,0x04,0x00,0x29,0x00,0x00,0x00,0x06,0x00,0x00,0x00,
0x02,0x00,0x00,0x00,0x17,0x00,0x04,0x00,0x2e,0x00,0x00,0x00,0x13,0x00,0x00,0x00,
0x02,0x00,0x00,0x00,0x17,0x00,0x04,0x00,0x4a,0x00,0x00,0x00,0x1a,0x00,0x00,0x00,
0x04,0x00,0x00,0x00,0x17,0x00,0x04,0x00,0x53,0x00,0x00,0x00,0x1a,0x00,0x00,0x00,
0x02,0x00,0x00,0x00,0x14,0x00,0x02,0x00,0x9d,0x00,0x00,0x00,0x17,0x00,0x04,0x00,
0x13,0x01,0x00,0x00,0x06,0x00,0x00,0x00,0x03,0x00,0x00,0x00,0x2b,0x00,0x04,0x00,
0x13,0x00,0x00,0x00,0x24,0x01,0x00,0x00,0x00,0x00,0x00,0x00,0x2b,0x00,0x04,0x00,
0x06,0x00,0x00,0x00,0x3e,0x01,0x00,0x00,0x02,0x00,0x00,0x00,0x2b,0x00,0x04,0x00,
0x06,0x00,0x00,0x00,0x3f,0x01,0x00,0x00,0x03,0x00,0x00,0x00,0x2b,0x00,0x04,0x00,
0x06,0x00,0x00,0x00,0x45,0x01,0x00,0x00,0x01,0x00,0x00,0x00,0x1e,0x00,0x19,0x00,
0x5c,0x01,0x00,0x00,0x2e,0x00,0x00,0x00,0x2e,0x00,0x00,0x00,0x2e,0x00,0x00,0x00,
0x2e,0x00,0x00,0x00,0x2e,0x00,0x00,0x00,0x2e,0x00,0x00,0x00,0x4a,0x00,0x00,0x00,
0x53,0x00,0x00,0x00,0x53,0x00,0x00,0x00,0x53,0x00,0x00,0x00,0x53,0x00,0x00,0x00,
0x53,0x00,0x00,0x00,0x1a,0x00,0x00,0x00,0x1a,0x00,0x00,0x00,0x1a,0x00,0x00,0x00,
0x1a,0x00,0x00,0x00,0x1a,0x00,0x00,0x00,0x1a,0x00,0x00,0x00,0x1a,0x00,0x00,0x00,
0x1a,0x00,0x00,0x00,0x1a,0x00,0x00,0x00,0x1a,0x00,0x00,0x00,0x1a,0x00,0x00,0x00,
0x20,0x00,0x04,0x00,0x5d,0x01,0x00,0x00,0x02,0x00,0x00,0x00,0x5c,0x01,0x00,0x00,
0x3b,0x00,0x04,0x00,0x5d,0x01,0x00,0x00,0x5e,0x01,0x00,0x00,0x02,0x00,0x00,0x00,
0x20,0x00,0x04,0x00,0x5f,0x01,0x00,0x00,0x02,0x00,0x00,0x00,0x2e,0x00,0x00,0x00,
0x2b,0x00,0x04,0x00,0x13,0x00,0x00,0x00,0x64,0x01,0x00,0x00,0x0e,0x00,0x00,0x00,
0x20,0x00,0x04,0x00,0x65,0x01,0x00,0x00,0x02,0x00,0x00,0x00,0x1a,0x00,0x00,0x00,
0x1e,0x00,0x06,0x00,0x6a,0x01,0x00,0x00,0x06,0x00,0x00,0x00,0x06,0x00,0x00,0x00,
0x29,0x00,0x00,0x00,0x29,0x00,0x00,0x00,0x20,0x00,0x04,0x00,0x6b,0x01,0x00,0x00,
0x02,0x00,0x00,0x00,0x6a,0x01,0x00,0x00,0x3b,0x00,0x04,0x00,0x6b,0x01,0x00,0x00,
0x6c,0x01,0x00,0x00,0x02,0x00,0x00,0x00,0x20,0x00,0x04,0x00,0x6d,0x01,0x00,0x00,
0x02,0x00,0x00,0x00,0x06,0x00,0x00,0x00,0x2b,0x00,0x04,0x00,0x13,0x00,0x00,0x00,
0x72,0x01,0x00,0x00,0x01,0x00,0x00,0x00,0x2b,0x00,0x04,0x00,0x13,0x00,0x00,0x00,
0x77,0x01,0x00,0x00,0x02,0x00,0x00,0x00,0x20,0x00,0x04,0x00,0x78,0x01,0x00,0x00,
0x02,0x00,0x00,0x00,0x29,0x00,0x00,0x00,0x19,0x00,0x09,0x00,0x7d,0x01,0x00,0x00,
0x1a,0x00,0x00,0x00,0x01,0x00,0x00,0x00,0x00,0x00,0x00,0x00,0x00,0x00,0x00,0x00,
0x00,0x00,0x00,0x00,0x01,0x00,0x00,0x00,0x00,0x00,0x00,0x00,0x20,0x00,0x04,0x00,
0x7e,0x01,0x00,0x00,0x00,0x00,0x00,0x00,0x7d,0x01,0x00,0x00,0x3b,0x00,0x04,0x00,
0x7e,0x01,0x00,0x00,0x7f,0x01,0x00,0x00,0x00,0x00,0x00,0x00,0x2b,0x00,0x04,0x00,
0x06,0x00,0x00,0x00,0x83,0x01,0x00,0x00,0x00,0x00,0x00,0x00,0x19,0x00,0x09,0x00,
0x87,0x01,0x00,0x00,0x1a,0x00,0x00,0x00,0x01,0x00,0x00,0x00,0x00,0x00,0x00,0x00,
0x00,0x00,0x00,0x00,0x00,0x00,0x00,0x00,0x02,0x00,0x00,0x00,0x09,0x00,0x00,0x00,
0x20,0x00,0x04,0x00,0x88,0x01,0x00,0x00,0x00,0x00,0x00,0x00,0x87,0x01,0x00,0x00,
0x3b,0x00,0x04,0x00,0x88,0x01,0x00,0x00,0x89,0x01,0x00,0x00,0x00,0x00,0x00,0x00,
0x2b,0x00,0x04,0x00,0x1a,0x00,0x00,0x00,0x8d,0x01,0x00,0x00,0x00,0x00,0x00,0x00,
0x3b,0x00,0x04,0x00,0x7e,0x01,0x00,0x00,0x8f,0x01,0x00,0x00,0x00,0x00,0x00,0x00,
0x19,0x00,0x09,0x00,0x96,0x01,0x00,0x00,0x1a,0x00,0x00,0x00,0x01,0x00,0x00,0x00,
0x00,0x00,0x00,0x00,0x00,0x00,0x00,0x00,0x00,0x00,0x00,0x00,0x02,0x00,0x00,0x00,
0x01,0x00,0x00,0x00,0x20,0x00,0x04,0x00,0x97,0x01,0x00,0x00,0x00,0x00,0x00,0x00,
0x96,0x01,0x00,0x00,0x3b,0x00,0x04,0x00,0x97,0x01,0x00,0x00,0x98,0x01,0x00,0x00,
0x00,0x00,0x00,0x00,0x2c,0x00,0x05,0x00,0x2e,0x00,0x00,0x00,0x9a,0x01,0x00,0x00,
0x24,0x01,0x00,0x00,0x24,0x01,0x00,0x00,0x19,0x00,0x09,0x00,0xa4,0x01,0x00,0x00,
0x1a,0x00,0x00,0x00,0x01,0x00,0x00,0x00,0x00,0x00,0x00,0x00,0x00,0x00,0x00,0x00,
0x00,0x00,0x00,0x00,0x02,0x00,0x00,0x00,0x07,0x00,0x00,0x00,0x20,0x00,0x04,0x00,
0xa5,0x01,0x00,0x00,0x00,0x00,0x00,0x00,0xa4,0x01,0x00,0x00,0x2b,0x00,0x04,0x00,
0x06,0x00,0x00,0x00,0xcb,0x01,0x00,0x00,0x04,0x00,0x00,0x00,0x2b,0x00,0x04,0x00,
0x06,0x00,0x00,0x00,0xd6,0x01,0x00,0x00,0x05,0x00,0x00,0x00,0x3b,0x00,0x04,0x00,
0xa5,0x01,0x00,0x00,0xda,0x01,0x00,0x00,0x00,0x00,0x00,0x00,0x19,0x00,0x09,0x00,
0x1f,0x02,0x00,0x00,0x06,0x00,0x00,0x00,0x01,0x00,0x00,0x00,0x00,0x00,0x00,0x00,
0x00,0x00,0x00,0x00,0x00,0x00,0x00,0x00,0x02,0x00,0x00,0x00,0x21,0x00,0x00,0x00,
0x20,0x00,0x04,0x00,0x20,0x02,0x00,0x00,0x00,0x00,0x00,0x00,0x1f,0x02,0x00,0x00,
0x3b,0x00,0x04,0x00,0x20,0x02,0x00,0x00,0x21,0x02,0x00,0x00,0x00,0x00,0x00,0x00,
0x20,0x00,0x04,0x00,0x22,0x02,0x00,0x00,0x0b,0x00,0x00,0x00,0x06,0x00,0x00,0x00,
0x17,0x00,0x04,0x00,0x26,0x02,0x00,0x00,0x06,0x00,0x00,0x00,0x04,0x00,0x00,0x00,
0x2c,0x00,0x07,0x00,0x26,0x02,0x00,0x00,0x27,0x02,0x00,0x00,0x83,0x01,0x00,0x00,
0x83,0x01,0x00,0x00,0x83,0x01,0x00,0x00,0x83,0x01,0x00,0x00,0x2b,0x00,0x04,0x00,
0x1a,0x00,0x00,0x00,0x52,0x02,0x00,0x00,0x00,0x00,0x00,0x40,0x2b,0x00,0x04,0x00,
0x1a,0x00,0x00,0x00,0x58,0x02,0x00,0x00,0x00,0x00,0x80,0x3f,0x20,0x00,0x04,0x00,
0x5d,0x02,0x00,0x00,0x04,0x00,0x00,0x00,0x06,0x00,0x00,0x00,0x3b,0x00,0x04,0x00,
0x5d,0x02,0x00,0x00,0x5e,0x02,0x00,0x00,0x04,0x00,0x00,0x00,0x2b,0x00,0x04,0x00,
0x1a,0x00,0x00,0x00,0x74,0x02,0x00,0x00,0x40,0xda,0x7f,0x38,0x2c,0x00,0x07,0x00,
0x4a,0x00,0x00,0x00,0x7f,0x02,0x00,0x00,0x8d,0x01,0x00,0x00,0x8d,0x01,0x00,0x00,
0x8d,0x01,0x00,0x00,0x8d,0x01,0x00,0x00,0x2b,0x00,0x04,0x00,0x1a,0x00,0x00,0x00,
0x99,0x02,0x00,0x00,0x00,0x00,0x80,0x3e,0x17,0x00,0x04,0x00,0xbb,0x02,0x00,0x00,
0x9d,0x00,0x00,0x00,0x02,0x00,0x00,0x00,0x2b,0x00,0x04,0x00,0x1a,0x00,0x00,0x00,
0xcc,0x02,0x00,0x00,0x00,0x40,0x1c,0x46,0x2b,0x00,0x04,0x00,0x06,0x00,0x00,0x00,
0xe9,0x02,0x00,0x00,0x10,0x00,0x00,0x00,0x1c,0x00,0x04,0x00,0xea,0x02,0x00,0x00,
0x1a,0x00,0x00,0x00,0xe9,0x02,0x00,0x00,0x1c,0x00,0x04,0x00,0xeb,0x02,0x00,0x00,
0xea,0x02,0x00,0x00,0xe9,0x02,0x00,0x00,0x20,0x00,0x04,0x00,0xec,0x02,0x00,0x00,
0x04,0x00,0x00,0x00,0xeb,0x02,0x00,0x00,0x3b,0x00,0x04,0x00,0xec,0x02,0x00,0x00,
0xed,0x02,0x00,0x00,0x04,0x00,0x00,0x00,0x20,0x00,0x04,0x00,0xf0,0x02,0x00,0x00,
0x04,0x00,0x00,0x00,0x1a,0x00,0x00,0x00,0x3b,0x00,0x04,0x00,0xec,0x02,0x00,0x00,
0xf3,0x02,0x00,0x00,0x04,0x00,0x00,0x00,0x3b,0x00,0x04,0x00,0xec,0x02,0x00,0x00,
0xf8,0x02,0x00,0x00,0x04,0x00,0x00,0x00,0x3b,0x00,0x04,0x00,0xec,0x02,0x00,0x00,
0xfd,0x02,0x00,0x00,0x04,0x00,0x00,0x00,0x2b,0x00,0x04,0x00,0x06,0x00,0x00,0x00,
0x19,0x03,0x00,0x00,0x48,0x0d,0x00,0x00,0x2b,0x00,0x04,0x00,0x06,0x00,0x00,0x00,
0x1a,0x03,0x00,0x00,0x08,0x01,0x00,0x00,0x2c,0x00,0x05,0x00,0x29,0x00,0x00,0x00,
0x6c,0x03,0x00,0x00,0x83,0x01,0x00,0x00,0x45,0x01,0x00,0x00,0x2c,0x00,0x05,0x00,
0x29,0x00,0x00,0x00,0x6f,0x03,0x00,0x00,0x45,0x01,0x00,0x00,0x83,0x01,0x00,0x00,
0x2c,0x00,0x05,0x00,0x29,0x00,0x00,0x00,0x72,0x03,0x00,0x00,0x45,0x01,0x00,0x00,
0x45,0x01,0x00,0x00,0x2b,0x00,0x04,0x00,0x06,0x00,0x00,0x00,0xbb,0x03,0x00,0x00,
0x40,0x00,0x00,0x00,0x2b,0x00,0x04,0x00,0x06,0x00,0x00,0x00,0xc9,0x03,0x00,0x00,
0x20,0x00,0x00,0x00,0x2b,0x00,0x04,0x00,0x13,0x00,0x00,0x00,0x50,0x04,0x00,0x00,
0x03,0x00,0x00,0x00,0x2b,0x00,0x04,0x00,0x06,0x00,0x00,0x00,0xa3,0x04,0x00,0x00,
0x08,0x00,0x00,0x00,0x2b,0x00,0x04,0x00,0x06,0x00,0x00,0x00,0xda,0x05,0x00,0x00,
0x06,0x00,0x00,0x00,0x2b,0x00,0x04,0x00,0x06,0x00,0x00,0x00,0x47,0x06,0x00,0x00,
0x07,0x00,0x00,0x00,0x2b,0x00,0x04,0x00,0x13,0x00,0x00,0x00,0xc4,0x06,0x00,0x00,
0x06,0x00,0x00,0x00,0x2b,0x00,0x04,0x00,0x13,0x00,0x00,0x00,0xcd,0x06,0x00,0x00,
0x07,0x00,0x00,0x00,0x20,0x00,0x04,0x00,0x30,0x07,0x00,0x00,0x01,0x00,0x00,0x00,
0x13,0x01,0x00,0x00,0x3b,0x00,0x04,0x00,0x30,0x07,0x00,0x00,0x31,0x07,0x00,0x00,
0x01,0x00,0x00,0x00,0x20,0x00,0x04,0x00,0x32,0x07,0x00,0x00,0x01,0x00,0x00,0x00,
0x06,0x00,0x00,0x00,0x3b,0x00,0x04,0x00,0x32,0x07,0x00,0x00,0x33,0x07,0x00,0x00,
0x01,0x00,0x00,0x00,0x2b,0x00,0x04,0x00,0x06,0x00,0x00,0x00,0x45,0x07,0x00,0x00,
0x00,0x01,0x00,0x00,0x2c,0x00,0x06,0x00,0x13,0x01,0x00,0x00,0x46,0x07,0x00,0x00,
0x45,0x07,0x00,0x00,0x45,0x01,0x00,0x00,0x45,0x01,0x00,0x00,0x29,0x00,0x03,0x00,
0x9d,0x00,0x00,0x00,0x4c,0x07,0x00,0x00,0x2c,0x00,0x05,0x00,0x29,0x00,0x00,0x00,
0xe3,0x2c,0x00,0x00,0xbb,0x03,0x00,0x00,0xbb,0x03,0x00,0x00,0x2c,0x00,0x05,0x00,
0x29,0x00,0x00,0x00,0xe4,0x2c,0x00,0x00,0xc9,0x03,0x00,0x00,0xc9,0x03,0x00,0x00,
0x2b,0x00,0x04,0x00,0x1a,0x00,0x00,0x00,0xea,0x2c,0x00,0x00,0x00,0x00,0x00,0x41,
0x2b,0x00,0x04,0x00,0x1a,0x00,0x00,0x00,0xeb,0x2c,0x00,0x00,0x55,0x55,0x55,0x3f,
0x2c,0x00,0x05,0x00,0x29,0x00,0x00,0x00,0xf8,0x2c,0x00,0x00,0xe9,0x02,0x00,0x00,
0xe9,0x02,0x00,0x00,0x2c,0x00,0x05,0x00,0x29,0x00,0x00,0x00,0xf9,0x2c,0x00,0x00,
0xa3,0x04,0x00,0x00,0xa3,0x04,0x00,0x00,0x2c,0x00,0x05,0x00,0x29,0x00,0x00,0x00,
0xfa,0x2c,0x00,0x00,0xcb,0x01,0x00,0x00,0xcb,0x01,0x00,0x00,0x2c,0x00,0x05,0x00,
0x29,0x00,0x00,0x00,0xfb,0x2c,0x00,0x00,0x3e,0x01,0x00,0x00,0x3e,0x01,0x00,0x00,
0x2b,0x00,0x04,0x00,0x06,0x00,0x00,0x00,0xfc,0x2c,0x00,0x00,0x09,0x00,0x00,0x00,
0x2b,0x00,0x04,0x00,0x06,0x00,0x00,0x00,0xfd,0x2c,0x00,0x00,0x0a,0x00,0x00,0x00,
0x2b,0x00,0x04,0x00,0x06,0x00,0x00,0x00,0xfe,0x2c,0x00,0x00,0x0b,0x00,0x00,0x00,
0x2c,0x00,0x05,0x00,0xbb,0x02,0x00,0x00,0xff,0x2c,0x00,0x00,0x4c,0x07,0x00,0x00,
0x4c,0x07,0x00,0x00,0x36,0x00,0x05,0x00,0x02,0x00,0x00,0x00,0x04,0x00,0x00,0x00,
0x00,0x00,0x00,0x00,0x03,0x00,0x00,0x00,0xf8,0x00,0x02,0x00,0x05,0x00,0x00,0x00,
0x3d,0x00,0x04,0x00,0x13,0x01,0x00,0x00,0x35,0x07,0x00,0x00,0x31,0x07,0x00,0x00,
0x3d,0x00,0x04,0x00,0x06,0x00,0x00,0x00,0x37,0x07,0x00,0x00,0x33,0x07,0x00,0x00,
0x4f,0x00,0x07,0x00,0x29,0x00,0x00,0x00,0x63,0x07,0x00,0x00,0x35,0x07,0x00,0x00,
0x35,0x07,0x00,0x00,0x00,0x00,0x00,0x00,0x01,0x00,0x00,0x00,0x41,0x00,0x05,0x00,
0x6d,0x01,0x00,0x00,0x6d,0x07,0x00,0x00,0x6c,0x01,0x00,0x00,0x24,0x01,0x00,0x00,
0x3d,0x00,0x04,0x00,0x06,0x00,0x00,0x00,0x6e,0x07,0x00,0x00,0x6d,0x07,0x00,0x00,
0x41,0x00,0x05,0x00,0x6d,0x01,0x00,0x00,0x71,0x07,0x00,0x00,0x6c,0x01,0x00,0x00,
0x72,0x01,0x00,0x00,0x3d,0x00,0x04,0x00,0x06,0x00,0x00,0x00,0x72,0x07,0x00,0x00,
0x71,0x07,0x00,0x00,0x41,0x00,0x05,0x00,0x78,0x01,0x00,0x00,0x75,0x07,0x00,0x00,
0x6c,0x01,0x00,0x00,0x77,0x01,0x00,0x00,0x3d,0x00,0x04,0x00,0x29,0x00,0x00,0x00,
0x76,0x07,0x00,0x00,0x75,0x07,0x00,0x00,0x80,0x00,0x05,0x00,0x29,0x00,0x00,0x00,
0x7f,0x07,0x00,0x00,0x63,0x07,0x00,0x00,0x76,0x07,0x00,0x00,0xf7,0x00,0x03,0x00,
0xdd,0x07,0x00,0x00,0x00,0x00,0x00,0x00,0xfb,0x00,0x03,0x00,0x83,0x01,0x00,0x00,
0xa7,0x07,0x00,0x00,0xf8,0x00,0x02,0x00,0xa7,0x07,0x00,0x00,0x89,0x00,0x05,0x00,
0x06,0x00,0x00,0x00,0xa9,0x07,0x00,0x00,0x37,0x07,0x00,0x00,0xbb,0x03,0x00,0x00,
0xcb,0x00,0x06,0x00,0x06,0x00,0x00,0x00,0x00,0x08,0x00,0x00,0xa9,0x07,0x00,0x00,
0x77,0x01,0x00,0x00,0x50,0x04,0x00,0x00,0xc9,0x00,0x07,0x00,0x06,0x00,0x00,0x00,
0x07,0x08,0x00,0x00,0x00,0x08,0x00,0x00,0xa9,0x07,0x00,0x00,0x24,0x01,0x00,0x00,
0x72,0x01,0x00,0x00,0xcb,0x00,0x06,0x00,0x06,0x00,0x00,0x00,0x0f,0x08,0x00,0x00,
0xa9,0x07,0x00,0x00,0x50,0x04,0x00,0x00,0x50,0x04,0x00,0x00,0xcb,0x00,0x06,0x00,
0x06,0x00,0x00,0x00,0x17,0x08,0x00,0x00,0xa9,0x07,0x00,0x00,0x72,0x01,0x00,0x00,
0x77,0x01,0x00,0x00,0xc9,0x00,0x07,0x00,0x06,0x00,0x00,0x00,0x1e,0x08,0x00,0x00,
0x0f,0x08,0x00,0x00,0x17,0x08,0x00,0x00,0x24,0x01,0x00,0x00,0x77,0x01,0x00,0x00,
0xc2,0x00,0x05,0x00,0x06,0x00,0x00,0x00,0xae,0x07,0x00,0x00,0x37,0x07,0x00,0x00,
0xc4,0x06,0x00,0x00,0x89,0x00,0x05,0x00,0x06,0x00,0x00,0x00,0xaf,0x07,0x00,0x00,
0xae,0x07,0x00,0x00,0x3e,0x01,0x00,0x00,0x84,0x00,0x05,0x00,0x06,0x00,0x00,0x00,
0xb0,0x07,0x00,0x00,0xa3,0x04,0x00,0x00,0xaf,0x07,0x00,0x00,0x80,0x00,0x05,0x00,
0x06,0x00,0x00,0x00,0xb1,0x07,0x00,0x00,0x07,0x08,0x00,0x00,0xb0,0x07,0x00,0x00,
0xc2,0x00,0x05,0x00,0x06,0x00,0x00,0x00,0xb5,0x07,0x00,0x00,0x37,0x07,0x00,0x00,
0xcd,0x06,0x00,0x00,0x84,0x00,0x05,0x00,0x06,0x00,0x00,0x00,0xb6,0x07,0x00,0x00,
0xa3,0x04,0x00,0x00,0xb5,0x07,0x00,0x00,0x80,0x00,0x05,0x00,0x06,0x00,0x00,0x00,
0xb7,0x07,0x00,0x00,0x1e,0x08,0x00,0x00,0xb6,0x07,0x00,0x00,0xf7,0x00,0x03,0x00,
0x70,0x09,0x00,0x00,0x00,0x00,0x00,0x00,0xfb,0x00,0x03,0x00,0x83,0x01,0x00,0x00,
0x6a,0x08,0x00,0x00,0xf8,0x00,0x02,0x00,0x6a,0x08,0x00,0x00,0x84,0x00,0x05,0x00,
0x29,0x00,0x00,0x00,0x6d,0x08,0x00,0x00,0x7f,0x07,0x00,0x00,0xe3,0x2c,0x00,0x00,
0x7c,0x00,0x04,0x00,0x2e,0x00,0x00,0x00,0x6e,0x08,0x00,0x00,0x6d,0x08,0x00,0x00,
0x84,0x00,0x05,0x00,0x06,0x00,0x00,0x00,0x70,0x08,0x00,0x00,0xb1,0x07,0x00,0x00,
0x3e,0x01,0x00,0x00,0x7c,0x00,0x04,0x00,0x13,0x00,0x00,0x00,0x71,0x08,0x00,0x00,
0x70,0x08,0x00,0x00,0x84,0x00,0x05,0x00,0x06,0x00,0x00,0x00,0x73,0x08,0x00,0x00,
0xb7,0x07,0x00,0x00,0x3e,0x01,0x00,0x00,0x7c,0x00,0x04,0x00,0x13,0x00,0x00,0x00,
0x74,0x08,0x00,0x00,0x73,0x08,0x00,0x00,0x50,0x00,0x05,0x00,0x2e,0x00,0x00,0x00,
0x75,0x08,0x00,0x00,0x71,0x08,0x00,0x00,0x74,0x08,0x00,0x00,0x80,0x00,0x05,0x00,
0x2e,0x00,0x00,0x00,0x76,0x08,0x00,0x00,0x6e,0x08,0x00,0x00,0x75,0x08,0x00,0x00,
0x84,0x00,0x05,0x00,0x29,0x00,0x00,0x00,0x79,0x08,0x00,0x00,0x7f,0x07,0x00,0x00,
0xe4,0x2c,0x00,0x00,0x7c,0x00,0x04,0x00,0x2e,0x00,0x00,0x00,0x7a,0x08,0x00,0x00,
0x79,0x08,0x00,0x00,0x7c,0x00,0x04,0x00,0x13,0x00,0x00,0x00,0x7c,0x08,0x00,0x00,
0xb1,0x07,0x00,0x00,0x7c,0x00,0x04,0x00,0x13,0x00,0x00,0x00,0x7e,0x08,0x00,0x00,
0xb7,0x07,0x00,0x00,0x50,0x00,0x05,0x00,0x2e,0x00,0x00,0x00,0x7f,0x08,0x00,0x00,
0x7c,0x08,0x00,0x00,0x7e,0x08,0x00,0x00,0x80,0x00,0x05,0x00,0x2e,0x00,0x00,0x00,
0x80,0x08,0x00,0x00,0x7a,0x08,0x00,0x00,0x7f,0x08,0x00,0x00,0x7c,0x00,0x04,0x00,
0x29,0x00,0x00,0x00,0x82,0x08,0x00,0x00,0x76,0x08,0x00,0x00,0x80,0x00,0x05,0x00,
0x29,0x00,0x00,0x00,0x7b,0x09,0x00,0x00,0x82,0x08,0x00,0x00,0x6c,0x03,0x00,0x00,
0x80,0x00,0x05,0x00,0x29,0x00,0x00,0x00,0x7d,0x09,0x00,0x00,0x82,0x08,0x00,0x00,
0x6f,0x03,0x00,0x00,0x80,0x00,0x05,0x00,0x29,0x00,0x00,0x00,0x7f,0x09,0x00,0x00,
0x82,0x08,0x00,0x00,0x72,0x03,0x00,0x00,0x7c,0x00,0x04,0x00,0x2e,0x00,0x00,0x00,
0x95,0x09,0x00,0x00,0x82,0x08,0x00,0x00,0x6f,0x00,0x04,0x00,0x53,0x00,0x00,0x00,
0x96,0x09,0x00,0x00,0x95,0x09,0x00,0x00,0x6e,0x00,0x04,0x00,0x2e,0x00,0x00,0x00,
0xbc,0x09,0x00,0x00,0x96,0x09,0x00,0x00,0x41,0x00,0x05,0x00,0x5f,0x01,0x00,0x00,
0xcf,0x09,0x00,0x00,0x5e,0x01,0x00,0x00,0x24,0x01,0x00,0x00,0x3d,0x00,0x04,0x00,
0x2e,0x00,0x00,0x00,0xd0,0x09,0x00,0x00,0xcf,0x09,0x00,0x00,0x51,0x00,0x05,0x00,
0x13,0x00,0x00,0x00,0xe0,0x09,0x00,0x00,0xd0,0x09,0x00,0x00,0x00,0x00,0x00,0x00,
0x82,0x00,0x05,0x00,0x13,0x00,0x00,0x00,0xe1,0x09,0x00,0x00,0xe0,0x09,0x00,0x00,
0x72,0x01,0x00,0x00,0x51,0x00,0x05,0x00,0x13,0x00,0x00,0x00,0xe3,0x09,0x00,0x00,
0xbc,0x09,0x00,0x00,0x00,0x00,0x00,0x00,0x0c,0x00,0x07,0x00,0x13,0x00,0x00,0x00,
0xf4,0x09,0x00,0x00,0x01,0x00,0x00,0x00,0x27,0x00,0x00,0x00,0xe3,0x09,0x00,0x00,
0xe1,0x09,0x00,0x00,0x0c,0x00,0x07,0x00,0x13,0x00,0x00,0x00,0xf9,0x09,0x00,0x00,
0x01,0x00,0x00,0x00,0x2a,0x00,0x00,0x00,0x24,0x01,0x00,0x00,0xf4,0x09,0x00,0x00,
0x51,0x00,0x05,0x00,0x13,0x00,0x00,0x00,0xe8,0x09,0x00,0x00,0xd0,0x09,0x00,0x00,
0x01,0x00,0x00,0x00,0x82,0x00,0x05,0x00,0x13,0x00,0x00,0x00,0xe9,0x09,0x00,0x00,
0xe8,0x09,0x00,0x00,0x72,0x01,0x00,0x00,0x51,0x00,0x05,0x00,0x13,0x00,0x00,0x00,
0xeb,0x09,0x00,0x00,0xbc,0x09,0x00,0x00,0x01,0x00,0x00,0x00,0x0c,0x00,0x07,0x00,
0x13,0x00,0x00,0x00,0xfe,0x09,0x00,0x00,0x01,0x00,0x00,0x00,0x27,0x00,0x00,0x00,
0xeb,0x09,0x00,0x00,0xe9,0x09,0x00,0x00,0x0c,0x00,0x07,0x00,0x13,0x00,0x00,0x00,
0x03,0x0a,0x00,0x00,0x01,0x00,0x00,0x00,0x2a,0x00,0x00,0x00,0x24,0x01,0x00,0x00,
0xfe,0x09,0x00,0x00,0x50,0x00,0x05,0x00,0x2e,0x00,0x00,0x00,0xe5,0x2c,0x00,0x00,
0xf9,0x09,0x00,0x00,0x03,0x0a,0x00,0x00,0x3d,0x00,0x04,0x00,0x7d,0x01,0x00,0x00,
0x06,0x0a,0x00,0x00,0x8f,0x01,0x00,0x00,0x5f,0x00,0x07,0x00,0x4a,0x00,0x00,0x00,
0x08,0x0a,0x00,0x00,0x06,0x0a,0x00,0x00,0xe5,0x2c,0x00,0x00,0x02,0x00,0x00,0x00,
0x24,0x01,0x00,0x00,0x51,0x00,0x05,0x00,0x1a,0x00,0x00,0x00,0x09,0x0a,0x00,0x00,
0x08,0x0a,0x00,0x00,0x00,0x00,0x00,0x00,0x0c,0x00,0x06,0x00,0x1a,0x00,0x00,0x00,
0xc2,0x09,0x00,0x00,0x01,0x00,0x00,0x00,0x1c,0x00,0x00,0x00,0x09,0x0a,0x00,0x00,
0x0c,0x00,0x07,0x00,0x1a,0x00,0x00,0x00,0x0e,0x0a,0x00,0x00,0x01,0x00,0x00,0x00,
0x28,0x00,0x00,0x00,0x74,0x02,0x00,0x00,0xc2,0x09,0x00,0x00,0x3d,0x00,0x04,0x00,
0x7d,0x01,0x00,0x00,0x11,0x0a,0x00,0x00,0x7f,0x01,0x00,0x00,0x5f,0x00,0x07,0x00,
0x4a,0x00,0x00,0x00,0x13,0x0a,0x00,0x00,0x11,0x0a,0x00,0x00,0xe5,0x2c,0x00,0x00,
0x02,0x00,0x00,0x00,0x24,0x01,0x00,0x00,0x51,0x00,0x05,0x00,0x1a,0x00,0x00,0x00,
0x14,0x0a,0x00,0x00,0x13,0x0a,0x00,0x00,0x00,0x00,0x00,0x00,0x52,0x00,0x06,0x00,
0x4a,0x00,0x00,0x00,0x0e,0x2b,0x00,0x00,0x0e,0x0a,0x00,0x00,0x7f,0x02,0x00,0x00,
0x00,0x00,0x00,0x00,0x52,0x00,0x06,0x00,0x4a,0x00,0x00,0x00,0x10,0x2b,0x00,0x00,
0x09,0x0a,0x00,0x00,0x0e,0x2b,0x00,0x00,0x01,0x00,0x00,0x00,0x52,0x00,0x06,0x00,
0x4a,0x00,0x00,0x00,0x12,0x2b,0x00,0x00,0x14,0x0a,0x00,0x00,0x10,0x2b,0x00,0x00,
0x02,0x00,0x00,0x00,0x7c,0x00,0x04,0x00,0x2e,0x00,0x00,0x00,0x9a,0x09,0x00,0x00,
0x7b,0x09,0x00,0x00,0x6f,0x00,0x04,0x00,0x53,0x00,0x00,0x00,0x9b,0x09,0x00,0x00,
0x9a,0x09,0x00,0x00,0x6e,0x00,0x04,0x00,0x2e,0x00,0x00,0x00,0x24,0x0a,0x00,0x00,
0x9b,0x09,0x00,0x00,0x51,0x00,0x05,0x00,0x13,0x00,0x00,0x00,0x4b,0x0a,0x00,0x00,
0x24,0x0a,0x00,0x00,0x00,0x00,0x00,0x00,0x0c,0x00,0x07,0x00,0x13,0x00,0x00,0x00,
0x5c,0x0a,0x00,0x00,0x01,0x00,0x00,0x00,0x27,0x00,0x00,0x00,0x4b,0x0a,0x00,0x00,
0xe1,0x09,0x00,0x00,0x0c,0x00,0x07,0x00,0x13,0x00,0x00,0x00,0x61,0x0a,0x00,0x00,
0x01,0x00,0x00,0x00,0x2a,0x00,0x00,0x00,0x24,0x01,0x00,0x00,0x5c,0x0a,0x00,0x00,
0x51,0x00,0x05,0x00,0x13,0x00,0x00,0x00,0x53,0x0a,0x00,0x00,0x24,0x0a,0x00,0x00,
0x01,0x00,0x00,0x00,0x0c,0x00,0x07,0x00,0x13,0x00,0x00,0x00,0x66,0x0a,0x00,0x00,
0x01,0x00,0x00,0x00,0x27,0x00,0x00,0x00,0x53,0x0a,0x00,0x00,0xe9,0x09,0x00,0x00,
0x0c,0x00,0x07,0x00,0x13,0x00,0x00,0x00,0x6b,0x0a,0x00,0x00,0x01,0x00,0x00,0x00,
0x2a,0x00,0x00,0x00,0x24,0x01,0x00,0x00,0x66,0x0a,0x00,0x00,0x50,0x00,0x05,0x00,
0x2e,0x00,0x00,0x00,0xe6,0x2c,0x00,0x00,0x61,0x0a,0x00,0x00,0x6b,0x0a,0x00,0x00,
0x3d,0x00,0x04,0x00,0x7d,0x01,0x00,0x00,0x6e,0x0a,0x00,0x00,0x8f,0x01,0x00,0x00,
0x5f,0x00,0x07,0x00,0x4a,0x00,0x00,0x00,0x70,0x0a,0x00,0x00,0x6e,0x0a,0x00,0x00,
0xe6,0x2c,0x00,0x00,0x02,0x00,0x00,0x00,0x24,0x01,0x00,0x00,0x51,0x00,0x05,0x00,
0x1a,0x00,0x00,0x00,0x71,0x0a,0x00,0x00,0x70,0x0a,0x00,0x00,0x00,0x00,0x00,0x00,
0x0c,0x00,0x06,0x00,0x1a,0x00,0x00,0x00,0x2a,0x0a,0x00,0x00,0x01,0x00,0x00,0x00,
0x1c,0x00,0x00,0x00,0x71,0x0a,0x00,0x00,0x0c,0x00,0x07,0x00,0x1a,0x00,0x00,0x00,
0x76,0x0a,0x00,0x00,0x01,0x00,0x00,0x00,0x28,0x00,0x00,0x00,0x74,0x02,0x00,0x00,
0x2a,0x0a,0x00,0x00,0x3d,0x00,0x04,0x00,0x7d,0x01,0x00,0x00,0x79,0x0a,0x00,0x00,
0x7f,0x01,0x00,0x00,0x5f,0x00,0x07,0x00,0x4a,0x00,0x00,0x00,0x7b,0x0a,0x00,0x00,
0x79,0x0a,0x00,0x00,0xe6,0x2c,0x00,0x00,0x02,0x00,0x00,0x00,0x24,0x01,0x00,0x00,
0x51,0x00,0x05,0x00,0x1a,0x00,0x00,0x00,0x7c,0x0a,0x00,0x00,0x7b,0x0a,0x00,0x00,
0x00,0x00,0x00,0x00,0x52,0x00,0x06,0x00,0x4a,0x00,0x00,0x00,0x1c,0x2b,0x00,0x00,
0x76,0x0a,0x00,0x00,0x7f,0x02,0x00,0x00,0x00,0x00,0x00,0x00,0x52,0x00,0x06,0x00,
0x4a,0x00,0x00,0x00,0x1e,0x2b,0x00,0x00,0x71,0x0a,0x00,0x00,0x1c,0x2b,0x00,0x00,
0x01,0x00,0x00,0x00,0x52,0x00,0x06,0x00,0x4a,0x00,0x00,0x00,0x20,0x2b,0x00,0x00,
0x7c,0x0a,0x00,0x00,0x1e,0x2b,0x00,0x00,0x02,0x00,0x00,0x00,0x7c,0x00,0x04,0x00,
0x2e,0x00,0x00,0x00,0x9f,0x09,0x00,0x00,0x7d,0x09,0x00,0x00,0x6f,0x00,0x04,0x00,
0x53,0x00,0x00,0x00,0xa0,0x09,0x00,0x00,0x9f,0x09,0x00,0x00,0x6e,0x00,0x04,0x00,
0x2e,0x00,0x00,0x00,0x8c,0x0a,0x00,0x00,0xa0,0x09,0x00,0x00,0x51,0x00,0x05,0x00,
0x13,0x00,0x00,0x00,0xb3,0x0a,0x00,0x00,0x8c,0x0a,0x00,0x00,0x00,0x00,0x00,0x00,
0x0c,0x00,0x07,0x00,0x13,0x00,0x00,0x00,0xc4,0x0a,0x00,0x00,0x01,0x00,0x00,0x00,
0x27,0x00,0x00,0x00,0xb3,0x0a,0x00,0x00,0xe1,0x09,0x00,0x00,0x0c,0x00,0x07,0x00,
0x13,0x00,0x00,0x00,0xc9,0x0a,0x00,0x00,0x01,0x00,0x00,0x00,0x2a,0x00,0x00,0x00,
0x24,0x01,0x00,0x00,0xc4,0x0a,0x00,0x00,0x51,0x00,0x05,0x00,0x13,0x00,0x00,0x00,
0xbb,0x0a,0x00,0x00,0x8c,0x0a,0x00,0x00,0x01,0x00,0x00,0x00,0x0c,0x00,0x07,0x00,
0x13,0x00,0x00,0x00,0xce,0x0a,0x00,0x00,0x01,0x00,0x00,0x00,0x27,0x00,0x00,0x00,
0xbb,0x0a,0x00,0x00,0xe9,0x09,0x00,0x00,0x0c,0x00,0x07,0x00,0x13,0x00,0x00,0x00,
0xd3,0x0a,0x00,0x00,0x01,0x00,0x00,0x00,0x2a,0x00,0x00,0x00,0x24,0x01,0x00,0x00,
0xce,0x0a,0x00,0x00,0x50,0x00,0x05,0x00,0x2e,0x00,0x00,0x00,0xe7,0x2c,0x00,0x00,
0xc9,0x0a,0x00,0x00,0xd3,0x0a,0x00,0x00,0x3d,0x00,0x04,0x00,0x7d,0x01,0x00,0x00,
0xd6,0x0a,0x00,0x00,0x8f,0x01,0x00,0x00,0x5f,0x00,0x07,0x00,0x4a,0x00,0x00,0x00,
0xd8,0x0a,0x00,0x00,0xd6,0x0a,0x00,0x00,0xe7,0x2c,0x00,0x00,0x02,0x00,0x00,0x00,
0x24,0x01,0x00,0x00,0x51,0x00,0x05,0x00,0x1a,0x00,0x00,0x00,0xd9,0x0a,0x00,0x00,
0xd8,0x0a,0x00,0x00,0x00,0x00,0x00,0x00,0x0c,0x00,0x06,0x00,0x1a,0x00,0x00,0x00,
0x92,0x0a,0x00,0x00,0x01,0x00,0x00,0x00,0x1c,0x00,0x00,0x00,0xd9,0x0a,0x00,0x00,
0x0c,0x00,0x07,0x00,0x1a,0x00,0x00,0x00,0xde,0x0a,0x00,0x00,0x01,0x00,0x00,0x00,
0x28,0x00,0x00,0x00,0x74,0x02,0x00,0x00,0x92,0x0a,0x00,0x00,0x3d,0x00,0x04,0x00,
0x7d,0x01,0x00,0x00,0xe1,0x0a,0x00,0x00,0x7f,0x01,0x00,0x00,0x5f,0x00,0x07,0x00,
0x4a,0x00,0x00,0x00,0xe3,0x0a,0x00,0x00,0xe1,0x0a,0x00,0x00,0xe7,0x2c,0x00,0x00,
0x02,0x00,0x00,0x00,0x24,0x01,0x00,0x00,0x51,0x00,0x05,0x00,0x1a,0x00,0x00,0x00,
0xe4,0x0a,0x00,0x00,0xe3,0x0a,0x00,0x00,0x00,0x00,0x00,0x00,0x52,0x00,0x06,0x00,
0x4a,0x00,0x00,0x00,0x2a,0x2b,0x00,0x00,0xde,0x0a,0x00,0x00,0x7f,0x02,0x00,0x00,
0x00,0x00,0x00,0x00,0x52,0x00,0x06,0x00,0x4a,0x00,0x00,0x00,0x2c,0x2b,0x00,0x00,
0xd9,0x0a,0x00,0x00,0x2a,0x2b,0x00,0x00,0x01,0x00,0x00,0x00,0x52,0x00,0x06,0x00,
0x4a,0x00,0x00,0x00,0x2e,0x2b,0x00,0x00,0xe4,0x0a,0x00,0x00,0x2c,0x2b,0x00,0x00,
0x02,0x00,0x00,0x00,0x7c,0x00,0x04,0x00,0x2e,0x00,0x00,0x00,0xa4,0x09,0x00,0x00,
0x7f,0x09,0x00,0x00,0x6f,0x00,0x04,0x00,0x53,0x00,0x00,0x00,0xa5,0x09,0x00,0x00,
0xa4,0x09,0x00,0x00,0x6e,0x00,0x04,0x00,0x2e,0x00,0x00,0x00,0xf4,0x0a,0x00,0x00,
0xa5,0x09,0x00,0x00,0x51,0x00,0x05,0x00,0x13,0x00,0x00,0x00,0x1b,0x0b,0x00,0x00,
0xf4,0x0a,0x00,0x00,0x00,0x00,0x00,0x00,0x0c,0x00,0x07,0x00,0x13,0x00,0x00,0x00,
0x2c,0x0b,0x00,0x00,0x01,0x00,0x00,0x00,0x27,0x00,0x00,0x00,0x1b,0x0b,0x00,0x00,
0xe1,0x09,0x00,0x00,0x0c,0x00,0x07,0x00,0x13,0x00,0x00,0x00,0x31,0x0b,0x00,0x00,
0x01,0x00,0x00,0x00,0x2a,0x00,0x00,0x00,0x24,0x01,0x00,0x00,0x2c,0x0b,0x00,0x00,
0x51,0x00,0x05,0x00,0x13,0x00,0x00,0x00,0x23,0x0b,0x00,0x00,0xf4,0x0a,0x00,0x00,
0x01,0x00,0x00,0x00,0x0c,0x00,0x07,0x00,0x13,0x00,0x00,0x00,0x36,0x0b,0x00,0x00,
0x01,0x00,0x00,0x00,0x27,0x00,0x00,0x00,0x23,0x0b,0x00,0x00,0xe9,0x09,0x00,0x00,
0x0c,0x00,0x07,0x00,0x13,0x00,0x00,0x00,0x3b,0x0b,0x00,0x00,0x01,0x00,0x00,0x00,
0x2a,0x00,0x00,0x00,0x24,0x01,0x00,0x00,0x36,0x0b,0x00,0x00,0x50,0x00,0x05,0x00,
0x2e,0x00,0x00,0x00,0xe8,0x2c,0x00,0x00,0x31,0x0b,0x00,0x00,0x3b,0x0b,0x00,0x00,
0x3d,0x00,0x04,0x00,0x7d,0x01,0x00,0x00,0x3e,0x0b,0x00,0x00,0x8f,0x01,0x00,0x00,
0x5f,0x00,0x07,0x00,0x4a,0x00,0x00,0x00,0x40,0x0b,0x00,0x00,0x3e,0x0b,0x00,0x00,
0xe8,0x2c,0x00,0x00,0x02,0x00,0x00,0x00,0x24,0x01,0x00,0x00,0x51,0x00,0x05,0x00,
0x1a,0x00,0x00,0x00,0x41,0x0b,0x00,0x00,0x40,0x0b,0x00,0x00,0x00,0x00,0x00,0x00,
0x0c,0x00,0x06,0x00,0x1a,0x00,0x00,0x00,0xfa,0x0a,0x00,0x00,0x01,0x00,0x00,0x00,
0x1c,0x00,0x00,0x00,0x41,0x0b,0x00,0x00,0x0c,0x00,0x07,0x00,0x1a,0x00,0x00,0x00,
0x46,0x0b,0x00,0x00,0x01,0x00,0x00,0x00,0x28,0x00,0x00,0x00,0x74,0x02,0x00,0x00,
0xfa,0x0a,0x00,0x00,0x3d,0x00,0x04,0x00,0x7d,0x01,0x00,0x00,0x49,0x0b,0x00,0x00,
0x7f,0x01,0x00,0x00,0x5f,0x00,0x07,0x00,0x4a,0x00,0x00,0x00,0x4b,0x0b,0x00,0x00,
0x49,0x0b,0x00,0x00,0xe8,0x2c,0x00,0x00,0x02,0x00,0x00,0x00,0x24,0x01,0x00,0x00,
0x51,0x00,0x05,0x00,0x1a,0x00,0x00,0x00,0x4c,0x0b,0x00,0x00,0x4b,0x0b,0x00,0x00,
0x00,0x00,0x00,0x00,0x52,0x00,0x06,0x00,0x4a,0x00,0x00,0x00,0x38,0x2b,0x00,0x00,
0x46,0x0b,0x00,0x00,0x7f,0x02,0x00,0x00,0x00,0x00,0x00,0x00,0x52,0x00,0x06,0x00,
0x4a,0x00,0x00,0x00,0x3a,0x2b,0x00,0x00,0x41,0x0b,0x00,0x00,0x38,0x2b,0x00,0x00,
0x01,0x00,0x00,0x00,0x52,0x00,0x06,0x00,0x4a,0x00,0x00,0x00,0x3c,0x2b,0x00,0x00,
0x4c,0x0b,0x00,0x00,0x3a,0x2b,0x00,0x00,0x02,0x00,0x00,0x00,0x81,0x00,0x05,0x00,
0x4a,0x00,0x00,0x00,0x51,0x0b,0x00,0x00,0x12,0x2b,0x00,0x00,0x20,0x2b,0x00,0x00,
0x81,0x00,0x05,0x00,0x4a,0x00,0x00,0x00,0x53,0x0b,0x00,0x00,0x51,0x0b,0x00,0x00,
0x2e,0x2b,0x00,0x00,0x81,0x00,0x05,0x00,0x4a,0x00,0x00,0x00,0x55,0x0b,0x00,0x00,
0x53,0x0b,0x00,0x00,0x3c,0x2b,0x00,0x00,0x8e,0x00,0x05,0x00,0x4a,0x00,0x00,0x00,
0x56,0x0b,0x00,0x00,0x55,0x0b,0x00,0x00,0x99,0x02,0x00,0x00,0x51,0x00,0x05,0x00,
0x1a,0x00,0x00,0x00,0x73,0x0b,0x00,0x00,0x56,0x0b,0x00,0x00,0x02,0x00,0x00,0x00,
0x3d,0x00,0x04,0x00,0x87,0x01,0x00,0x00,0xe0,0x0b,0x00,0x00,0x89,0x01,0x00,0x00,
0x50,0x00,0x07,0x00,0x4a,0x00,0x00,0x00,0xe3,0x0b,0x00,0x00,0x73,0x0b,0x00,0x00,
0x8d,0x01,0x00,0x00,0x8d,0x01,0x00,0x00,0x8d,0x01,0x00,0x00,0x63,0x00,0x04,0x00,
0xe0,0x0b,0x00,0x00,0x80,0x08,0x00,0x00,0xe3,0x0b,0x00,0x00,0x82,0x00,0x05,0x00,
0x06,0x00,0x00,0x00,0x79,0x0b,0x00,0x00,0x6e,0x07,0x00,0x00,0x45,0x01,0x00,0x00,
0xaa,0x00,0x05,0x00,0x9d,0x00,0x00,0x00,0x7a,0x0b,0x00,0x00,0x83,0x01,0x00,0x00,
0x79,0x0b,0x00,0x00,0xf7,0x00,0x03,0x00,0xa1,0x0b,0x00,0x00,0x00,0x00,0x00,0x00,
0xfa,0x00,0x04,0x00,0x7a,0x0b,0x00,0x00,0x7b,0x0b,0x00,0x00,0xa1,0x0b,0x00,0x00,
0xf8,0x00,0x02,0x00,0x7b,0x0b,0x00,0x00,0xaa,0x00,0x05,0x00,0xbb,0x02,0x00,0x00,
0x7d,0x0b,0x00,0x00,0x80,0x08,0x00,0x00,0x9a,0x01,0x00,0x00,0x9b,0x00,0x04,0x00,
0x9d,0x00,0x00,0x00,0x7e,0x0b,0x00,0x00,0x7d,0x0b,0x00,0x00,0xf7,0x00,0x03,0x00,
0xa0,0x0b,0x00,0x00,0x00,0x00,0x00,0x00,0xfa,0x00,0x04,0x00,0x7e,0x0b,0x00,0x00,
0x7f,0x0b,0x00,0x00,0xa0,0x0b,0x00,0x00,0xf8,0x00,0x02,0x00,0x7f,0x0b,0x00,0x00,
0x3d,0x00,0x04,0x00,0x96,0x01,0x00,0x00,0xea,0x0b,0x00,0x00,0x98,0x01,0x00,0x00,
0x62,0x00,0x05,0x00,0x4a,0x00,0x00,0x00,0xeb,0x0b,0x00,0x00,0xea,0x0b,0x00,0x00,
0x9a,0x01,0x00,0x00,0x51,0x00,0x05,0x00,0x1a,0x00,0x00,0x00,0x82,0x0b,0x00,0x00,
0x56,0x0b,0x00,0x00,0x01,0x00,0x00,0x00,0x51,0x00,0x05,0x00,0x1a,0x00,0x00,0x00,
0x84,0x0b,0x00,0x00,0xeb,0x0b,0x00,0x00,0x01,0x00,0x00,0x00,0x51,0x00,0x05,0x00,
0x1a,0x00,0x00,0x00,0x86,0x0b,0x00,0x00,0x56,0x0b,0x00,0x00,0x00,0x00,0x00,0x00,
0xb8,0x00,0x05,0x00,0x9d,0x00,0x00,0x00,0x88,0x0b,0x00,0x00,0x84,0x0b,0x00,0x00,
0xcc,0x02,0x00,0x00,0xf7,0x00,0x03,0x00,0x96,0x0b,0x00,0x00,0x00,0x00,0x00,0x00,
0xfa,0x00,0x04,0x00,0x88,0x0b,0x00,0x00,0x89,0x0b,0x00,0x00,0x96,0x0b,0x00,0x00,
0xf8,0x00,0x02,0x00,0x89,0x0b,0x00,0x00,0x83,0x00,0x05,0x00,0x1a,0x00,0x00,0x00,
0x8d,0x0b,0x00,0x00,0x86,0x0b,0x00,0x00,0x84,0x0b,0x00,0x00,0x41,0x00,0x05,0x00,
0x65,0x01,0x00,0x00,0xee,0x0b,0x00,0x00,0x5e,0x01,0x00,0x00,0x64,0x01,0x00,0x00,
0x3d,0x00,0x04,0x00,0x1a,0x00,0x00,0x00,0xef,0x0b,0x00,0x00,0xee,0x0b,0x00,0x00,
0x7f,0x00,0x04,0x00,0x1a,0x00,0x00,0x00,0x8f,0x0b,0x00,0x00,0xef,0x0b,0x00,0x00,
0x0c,0x00,0x06,0x00,0x1a,0x00,0x00,0x00,0x90,0x0b,0x00,0x00,0x01,0x00,0x00,0x00,
0x1b,0x00,0x00,0x00,0x8f,0x0b,0x00,0x00,0x83,0x00,0x05,0x00,0x1a,0x00,0x00,0x00,
0x91,0x0b,0x00,0x00,0x58,0x02,0x00,0x00,0x90,0x0b,0x00,0x00,0x85,0x00,0x05,0x00,
0x1a,0x00,0x00,0x00,0x92,0x0b,0x00,0x00,0x8d,0x0b,0x00,0x00,0x91,0x0b,0x00,0x00,
0x81,0x00,0x05,0x00,0x1a,0x00,0x00,0x00,0x93,0x0b,0x00,0x00,0x84,0x0b,0x00,0x00,
0x92,0x0b,0x00,0x00,0x0c,0x00,0x07,0x00,0x1a,0x00,0x00,0x00,0xf4,0x0b,0x00,0x00,
0x01,0x00,0x00,0x00,0x28,0x00,0x00,0x00,0x8d,0x01,0x00,0x00,0x93,0x0b,0x00,0x00,
0xf9,0x00,0x02,0x00,0x96,0x0b,0x00,0x00,0xf8,0x00,0x02,0x00,0x96,0x0b,0x00,0x00,
0xf5,0x00,0x07,0x00,0x1a,0x00,0x00,0x00,0x00,0x2d,0x00,0x00,0x86,0x0b,0x00,0x00,
0x7f,0x0b,0x00,0x00,0xf4,0x0b,0x00,0x00,0x89,0x0b,0x00,0x00,0x0c,0x00,0x06,0x00,
0x1a,0x00,0x00,0x00,0xfc,0x0b,0x00,0x00,0x01,0x00,0x00,0x00,0x1b,0x00,0x00,0x00,
0x00,0x2d,0x00,0x00,0x85,0x00,0x05,0x00,0x1a,0x00,0x00,0x00,0xff,0x0b,0x00,0x00,
0xfc,0x0b,0x00,0x00,0xea,0x2c,0x00,0x00,0x0c,0x00,0x06,0x00,0x1a,0x00,0x00,0x00,
0x00,0x0c,0x00,0x00,0x01,0x00,0x00,0x00,0x1e,0x00,0x00,0x00,0xff,0x0b,0x00,0x00,
0x0c,0x00,0x07,0x00,0x1a,0x00,0x00,0x00,0x0a,0x0c,0x00,0x00,0x01,0x00,0x00,0x00,
0x1a,0x00,0x00,0x00,0x52,0x02,0x00,0x00,0x00,0x0c,0x00,0x00,0x88,0x00,0x05,0x00,
0x1a,0x00,0x00,0x00,0x05,0x0c,0x00,0x00,0xeb,0x2c,0x00,0x00,0x0a,0x0c,0x00,0x00,
0x52,0x00,0x06,0x00,0x4a,0x00,0x00,0x00,0x42,0x2b,0x00,0x00,0x05,0x0c,0x00,0x00,
0xeb,0x0b,0x00,0x00,0x00,0x00,0x00,0x00,0x52,0x00,0x06,0x00,0x4a,0x00,0x00,0x00,
0x44,0x2b,0x00,0x00,0x00,0x2d,0x00,0x00,0x42,0x2b,0x00,0x00,0x01,0x00,0x00,0x00,
0x52,0x00,0x06,0x00,0x4a,0x00,0x00,0x00,0x46,0x2b,0x00,0x00,0x82,0x0b,0x00,0x00,
0x44,0x2b,0x00,0x00,0x02,0x00,0x00,0x00,0x3d,0x00,0x04,0x00,0x96,0x01,0x00,0x00,
0x0c,0x0c,0x00,0x00,0x98,0x01,0x00,0x00,0x63,0x00,0x04,0x00,0x0c,0x0c,0x00,0x00,
0x9a,0x01,0x00,0x00,0x46,0x2b,0x00,0x00,0xf9,0x00,0x02,0x00,0xa0,0x0b,0x00,0x00,
0xf8,0x00,0x02,0x00,0xa0,0x0b,0x00,0x00,0xf9,0x00,0x02,0x00,0xa1,0x0b,0x00,0x00,
0xf8,0x00,0x02,0x00,0xa1,0x0b,0x00,0x00,0x80,0x00,0x05,0x00,0x06,0x00,0x00,0x00,
0x91,0x08,0x00,0x00,0x70,0x08,0x00,0x00,0xc9,0x03,0x00,0x00,0x7c,0x00,0x04,0x00,
0x13,0x00,0x00,0x00,0x92,0x08,0x00,0x00,0x91,0x08,0x00,0x00,0x50,0x00,0x05,0x00,
0x2e,0x00,0x00,0x00,0x96,0x08,0x00,0x00,0x92,0x08,0x00,0x00,0x74,0x08,0x00,0x00,
0x80,0x00,0x05,0x00,0x2e,0x00,0x00,0x00,0x97,0x08,0x00,0x00,0x6e,0x08,0x00,0x00,
0x96,0x08,0x00,0x00,0x80,0x00,0x05,0x00,0x06,0x00,0x00,0x00,0x9d,0x08,0x00,0x00,
0xb1,0x07,0x00,0x00,0xe9,0x02,0x00,0x00,0x7c,0x00,0x04,0x00,0x13,0x00,0x00,0x00,
0x9e,0x08,0x00,0x00,0x9d,0x08,0x00,0x00,0x50,0x00,0x05,0x00,0x2e,0x00,0x00,0x00,
0xa1,0x08,0x00,0x00,0x9e,0x08,0x00,0x00,0x7e,0x08,0x00,0x00,0x80,0x00,0x05,0x00,
0x2e,0x00,0x00,0x00,0xa2,0x08,0x00,0x00,0x7a,0x08,0x00,0x00,0xa1,0x08,0x00,0x00,
0x7c,0x00,0x04,0x00,0x29,0x00,0x00,0x00,0xa4,0x08,0x00,0x00,0x97,0x08,0x00,0x00,
0x80,0x00,0x05,0x00,0x29,0x00,0x00,0x00,0x18,0x0c,0x00,0x00,0xa4,0x08,0x00,0x00,
0x6c,0x03,0x00,0x00,0x80,0x00,0x05,0x00,0x29,0x00,0x00,0x00,0x1a,0x0c,0x00,0x00,
0xa4,0x08,0x00,0x00,0x6f,0x03,0x00,0x00,0x80,0x00,0x05,0x00,0x29,0x00,0x00,0x00,
0x1c,0x0c,0x00,0x00,0xa4,0x08,0x00,0x00,0x72,0x03,0x00,0x00,0x7c,0x00,0x04,0x00,
0x2e,0x00,0x00,0x00,0x32,0x0c,0x00,0x00,0xa4,0x08,0x00,0x00,0x6f,0x00,0x04,0x00,
0x53,0x00,0x00,0x00,0x33,0x0c,0x00,0x00,0x32,0x0c,0x00,0x00,0x6e,0x00,0x04,0x00,
0x2e,0x00,0x00,0x00,0x59,0x0c,0x00,0x00,0x33,0x0c,0x00,0x00,0x51,0x00,0x05,0x00,
0x13,0x00,0x00,0x00,0x80,0x0c,0x00,0x00,0x59,0x0c,0x00,0x00,0x00,0x00,0x00,0x00,
0x0c,0x00,0x07,0x00,0x13,0x00,0x00,0x00,0x91,0x0c,0x00,0x00,0x01,0x00,0x00,0x00,
0x27,0x00,0x00,0x00,0x80,0x0c,0x00,0x00,0xe1,0x09,0x00,0x00,0x0c,0x00,0x07,0x00,
0x13,0x00,0x00,0x00,0x96,0x0c,0x00,0x00,0x01,0x00,0x00,0x00,0x2a,0x00,0x00,0x00,
0x24,0x01,0x00,0x00,0x91,0x0c,0x00,0x00,0x51,0x00,0x05,0x00,0x13,0x00,0x00,0x00,
0x88,0x0c,0x00,0x00,0x59,0x0c,0x00,0x00,0x01,0x00,0x00,0x00,0x0c,0x00,0x07,0x00,
0x13,0x00,0x00,0x00,0x9b,0x0c,0x00,0x00,0x01,0x00,0x00,0x00,0x27,0x00,0x00,0x00,
0x88,0x0c,0x00,0x00,0xe9,0x09,0x00,0x00,0x0c,0x00,0x07,0x00,0x13,0x00,0x00,0x00,
0xa0,0x0c,0x00,0x00,0x01,0x00,0x00,0x00,0x2a,0x00,0x00,0x00,0x24,0x01,0x00,0x00,
0x9b,0x0c,0x00,0x00,0x50,0x00,0x05,0x00,0x2e,0x00,0x00,0x00,0xec,0x2c,0x00,0x00,
0x96,0x0c,0x00,0x00,0xa0,0x0c,0x00,0x00,0x3d,0x00,0x04,0x00,0x7d,0x01,0x00,0x00,
0xa3,0x0c,0x00,0x00,0x8f,0x01,0x00,0x00,0x5f,0x00,0x07,0x00,0x4a,0x00,0x00,0x00,
0xa5,0x0c,0x00,0x00,0xa3,0x0c,0x00,0x00,0xec,0x2c,0x00,0x00,0x02,0x00,0x00,0x00,
0x24,0x01,0x00,0x00,0x51,0x00,0x05,0x00,0x1a,0x00,0x00,0x00,0xa6,0x0c,0x00,0x00,
0xa5,0x0c,0x00,0x00,0x00,0x00,0x00,0x00,0x0c,0x00,0x06,0x00,0x1a,0x00,0x00,0x00,
0x5f,0x0c,0x00,0x00,0x01,0x00,0x00,0x00,0x1c,0x00,0x00,0x00,0xa6,0x0c,0x00,0x00,
0x0c,0x00,0x07,0x00,0x1a,0x00,0x00,0x00,0xab,0x0c,0x00,0x00,0x01,0x00,0x00,0x00,
0x28,0x00,0x00,0x00,0x74,0x02,0x00,0x00,0x5f,0x0c,0x00,0x00,0x3d,0x00,0x04,0x00,
0x7d,0x01,0x00,0x00,0xae,0x0c,0x00,0x00,0x7f,0x01,0x00,0x00,0x5f,0x00,0x07,0x00,
0x4a,0x00,0x00,0x00,0xb0,0x0c,0x00,0x00,0xae,0x0c,0x00,0x00,0xec,0x2c,0x00,0x00,
0x02,0x00,0x00,0x00,0x24,0x01,0x00,0x00,0x51,0x00,0x05,0x00,0x1a,0x00,0x00,0x00,
0xb1,0x0c,0x00,0x00,0xb0,0x0c,0x00,0x00,0x00,0x00,0x00,0x00,0x52,0x00,0x06,0x00,
0x4a,0x00,0x00,0x00,0x50,0x2b,0x00,0x00,0xab,0x0c,0x00,0x00,0x7f,0x02,0x00,0x00,
0x00,0x00,0x00,0x00,0x52,0x00,0x06,0x00,0x4a,0x00,0x00,0x00,0x52,0x2b,0x00,0x00,
0xa6,0x0c,0x00,0x00,0x50,0x2b,0x00,0x00,0x01,0x00,0x00,0x00,0x52,0x00,0x06,0x00,
0x4a,0x00,0x00,0x00,0x54,0x2b,0x00,0x00,0xb1,0x0c,0x00,0x00,0x52,0x2b,0x00,0x00,
0x02,0x00,0x00,0x00,0x7c,0x00,0x04,0x00,0x2e,0x00,0x00,0x00,0x37,0x0c,0x00,0x00,
0x18,0x0c,0x00,0x00,0x6f,0x00,0x04,0x00,0x53,0x00,0x00,0x00,0x38,0x0c,0x00,0x00,
0x37,0x0c,0x00,0x00,0x6e,0x00,0x04,0x00,0x2e,0x00,0x00,0x00,0xc1,0x0c,0x00,0x00,
0x38,0x0c,0x00,0x00,0x51,0x00,0x05,0x00,0x13,0x00,0x00,0x00,0xe8,0x0c,0x00,0x00,
0xc1,0x0c,0x00,0x00,0x00,0x00,0x00,0x00,0x0c,0x00,0x07,0x00,0x13,0x00,0x00,0x00,
0xf9,0x0c,0x00,0x00,0x01,0x00,0x00,0x00,0x27,0x00,0x00,0x00,0xe8,0x0c,0x00,0x00,
0xe1,0x09,0x00,0x00,0x0c,0x00,0x07,0x00,0x13,0x00,0x00,0x00,0xfe,0x0c,0x00,0x00,
0x01,0x00,0x00,0x00,0x2a,0x00,0x00,0x00,0x24,0x01,0x00,0x00,0xf9,0x0c,0x00,0x00,
0x51,0x00,0x05,0x00,0x13,0x00,0x00,0x00,0xf0,0x0c,0x00,0x00,0xc1,0x0c,0x00,0x00,
0x01,0x00,0x00,0x00,0x0c,0x00,0x07,0x00,0x13,0x00,0x00,0x00,0x03,0x0d,0x00,0x00,
0x01,0x00,0x00,0x00,0x27,0x00,0x00,0x00,0xf0,0x0c,0x00,0x00,0xe9,0x09,0x00,0x00,
0x0c,0x00,0x07,0x00,0x13,0x00,0x00,0x00,0x08,0x0d,0x00,0x00,0x01,0x00,0x00,0x00,
0x2a,0x00,0x00,0x00,0x24,0x01,0x00,0x00,0x03,0x0d,0x00,0x00,0x50,0x00,0x05,0x00,
0x2e,0x00,0x00,0x00,0xed,0x2c,0x00,0x00,0xfe,0x0c,0x00,0x00,0x08,0x0d,0x00,0x00,
0x3d,0x00,0x04,0x00,0x7d,0x01,0x00,0x00,0x0b,0x0d,0x00,0x00,0x8f,0x01,0x00,0x00,
0x5f,0x00,0x07,0x00,0x4a,0x00,0x00,0x00,0x0d,0x0d,0x00,0x00,0x0b,0x0d,0x00,0x00,
0xed,0x2c,0x00,0x00,0x02,0x00,0x00,0x00,0x24,0x01,0x00,0x00,0x51,0x00,0x05,0x00,
0x1a,0x00,0x00,0x00,0x0e,0x0d,0x00,0x00,0x0d,0x0d,0x00,0x00,0x00,0x00,0x00,0x00,
0x0c,0x00,0x06,0x00,0x1a,0x00,0x00,0x00,0xc7,0x0c,0x00,0x00,0x01,0x00,0x00,0x00,
0x1c,0x00,0x00,0x00,0x0e,0x0d,0x00,0x00,0x0c,0x00,0x07,0x00,0x1a,0x00,0x00,0x00,
0x13,0x0d,0x00,0x00,0x01,0x00,0x00,0x00,0x28,0x00,0x00,0x00,0x74,0x02,0x00,0x00,
0xc7,0x0c,0x00,0x00,0x3d,0x00,0x04,0x00,0x7d,0x01,0x00,0x00,0x16,0x0d,0x00,0x00,
0x7f,0x01,0x00,0x00,0x5f,0x00,0x07,0x00,0x4a,0x00,0x00,0x00,0x18,0x0d,0x00,0x00,
0x16,0x0d,0x00,0x00,0xed,0x2c,0x00,0x00,0x02,0x00,0x00,0x00,0x24,0x01,0x00,0x00,
0x51,0x00,0x05,0x00,0x1a,0x00,0x00,0x00,0x19,0x0d,0x00,0x00,0x18,0x0d,0x00,0x00,
0x00,0x00,0x00,0x00,0x52,0x00,0x06,0x00,0x4a,0x00,0x00,0x00,0x5e,0x2b,0x00,0x00,
0x13,0x0d,0x00,0x00,0x7f,0x02,0x00,0x00,0x00,0x00,0x00,0x00,0x52,0x00,0x06,0x00,
0x4a,0x00,0x00,0x00,0x60,0x2b,0x00,0x00,0x0e,0x0d,0x00,0x00,0x5e,0x2b,0x00,0x00,
0x01,0x00,0x00,0x00,0x52,0x00,0x06,0x00,0x4a,0x00,0x00,0x00,0x62,0x2b,0x00,0x00,
0x19,0x0d,0x00,0x00,0x60,0x2b,0x00,0x00,0x02,0x00,0x00,0x00,0x7c,0x00,0x04,0x00,
0x2e,0x00,0x00,0x00,0x3c,0x0c,0x00,0x00,0x1a,0x0c,0x00,0x00,0x6f,0x00,0x04,0x00,
0x53,0x00,0x00,0x00,0x3d,0x0c,0x00,0x00,0x3c,0x0c,0x00,0x00,0x6e,0x00,0x04,0x00,
0x2e,0x00,0x00,0x00,0x29,0x0d,0x00,0x00,0x3d,0x0c,0x00,0x00,0x51,0x00,0x05,0x00,
0x13,0x00,0x00,0x00,0x50,0x0d,0x00,0x00,0x29,0x0d,0x00,0x00,0x00,0x00,0x00,0x00,
0x0c,0x00,0x07,0x00,0x13,0x00,0x00,0x00,0x61,0x0d,0x00,0x00,0x01,0x00,0x00,0x00,
0x27,0x00,0x00,0x00,0x50,0x0d,0x00,0x00,0xe1,0x09,0x00,0x00,0x0c,0x00,0x07,0x00,
0x13,0x00,0x00,0x00,0x66,0x0d,0x00,0x00,0x01,0x00,0x00,0x00,0x2a,0x00,0x00,0x00,
0x24,0x01,0x00,0x00,0x61,0x0d,0x00,0x00,0x51,0x00,0x05,0x00,0x13,0x00,0x00,0x00,
0x58,0x0d,0x00,0x00,0x29,0x0d,0x00,0x00,0x01,0x00,0x00,0x00,0x0c,0x00,0x07,0x00,
0x13,0x00,0x00,0x00,0x6b,0x0d,0x00,0x00,0x01,0x00,0x00,0x00,0x27,0x00,0x00,0x00,
0x58,0x0d,0x00,0x00,0xe9,0x09,0x00,0x00,0x0c,0x00,0x07,0x00,0x13,0x00,0x00,0x00,
0x70,0x0d,0x00,0x00,0x01,0x00,0x00,0x00,0x2a,0x00,0x00,0x00,0x24,0x01,0x00,0x00,
0x6b,0x0d,0x00,0x00,0x50,0x00,0x05,0x00,0x2e,0x00,0x00,0x00,0xee,0x2c,0x00,0x00,
0x66,0x0d,0x00,0x00,0x70,0x0d,0x00,0x00,0x3d,0x00,0x04,0x00,0x7d,0x01,0x00,0x00,
0x73,0x0d,0x00,0x00,0x8f,0x01,0x00,0x00,0x5f,0x00,0x07,0x00,0x4a,0x00,0x00,0x00,
0x75,0x0d,0x00,0x00,0x73,0x0d,0x00,0x00,0xee,0x2c,0x00,0x00,0x02,0x00,0x00,0x00,
0x24,0x01,0x00,0x00,0x51,0x00,0x05,0x00,0x1a,0x00,0x00,0x00,0x76,0x0d,0x00,0x00,
0x75,0x0d,0x00,0x00,0x00,0x00,0x00,0x00,0x0c,0x00,0x06,0x00,0x1a,0x00,0x00,0x00,
0x2f,0x0d,0x00,0x00,0x01,0x00,0x00,0x00,0x1c,0x00,0x00,0x00,0x76,0x0d,0x00,0x00,
0x0c,0x00,0x07,0x00,0x1a,0x00,0x00,0x00,0x7b,0x0d,0x00,0x00,0x01,0x00,0x00,0x00,
0x28,0x00,0x00,0x00,0x74,0x02,0x00,0x00,0x2f,0x0d,0x00,0x00,0x3d,0x00,0x04,0x00,
0x7d,0x01,0x00,0x00,0x7e,0x0d,0x00,0x00,0x7f,0x01,0x00,0x00,0x5f,0x00,0x07,0x00,
0x4a,0x00,0x00,0x00,0x80,0x0d,0x00,0x00,0x7e,0x0d,0x00,0x00,0xee,0x2c,0x00,0x00,
0x02,0x00,0x00,0x00,0x24,0x01,0x00,0x00,0x51,0x00,0x05,0x00,0x1a,0x00,0x00,0x00,
0x81,0x0d,0x00,0x00,0x80,0x0d,0x00,0x00,0x00,0x00,0x00,0x00,0x52,0x00,0x06,0x00,
0x4a,0x00,0x00,0x00,0x6c,0x2b,0x00,0x00,0x7b,0x0d,0x00,0x00,0x7f,0x02,0x00,0x00,
0x00,0x00,0x00,0x00,0x52,0x00,0x06,0x00,0x4a,0x00,0x00,0x00,0x6e,0x2b,0x00,0x00,
0x76,0x0d,0x00,0x00,0x6c,0x2b,0x00,0x00,0x01,0x00,0x00,0x00,0x52,0x00,0x06,0x00,
0x4a,0x00,0x00,0x00,0x70,0x2b,0x00,0x00,0x81,0x0d,0x00,0x00,0x6e,0x2b,0x00,0x00,
0x02,0x00,0x00,0x00,0x7c,0x00,0x04,0x00,0x2e,0x00,0x00,0x00,0x41,0x0c,0x00,0x00,
0x1c,0x0c,0x00,0x00,0x6f,0x00,0x04,0x00,0x53,0x00,0x00,0x00,0x42,0x0c,0x00,0x00,
0x41,0x0c,0x00,0x00,0x6e,0x00,0x04,0x00,0x2e,0x00,0x00,0x00,0x91,0x0d,0x00,0x00,
0x42,0x0c,0x00,0x00,0x51,0x00,0x05,0x00,0x13,0x00,0x00,0x00,0xb8,0x0d,0x00,0x00,
0x91,0x0d,0x00,0x00,0x00,0x00,0x00,0x00,0x0c,0x00,0x07,0x00,0x13,0x00,0x00,0x00,
0xc9,0x0d,0x00,0x00,0x01,0x00,0x00,0x00,0x27,0x00,0x00,0x00,0xb8,0x0d,0x00,0x00,
0xe1,0x09,0x00,0x00,0x0c,0x00,0x07,0x00,0x13,0x00,0x00,0x00,0xce,0x0d,0x00,0x00,
0x01,0x00,0x00,0x00,0x2a,0x00,0x00,0x00,0x24,0x01,0x00,0x00,0xc9,0x0d,0x00,0x00,
0x51,0x00,0x05,0x00,0x13,0x00,0x00,0x00,0xc0,0x0d,0x00,0x00,0x91,0x0d,0x00,0x00,
0x01,0x00,0x00,0x00,0x0c,0x00,0x07,0x00,0x13,0x00,0x00,0x00,0xd3,0x0d,0x00,0x00,
0x01,0x00,0x00,0x00,0x27,0x00,0x00,0x00,0xc0,0x0d,0x00,0x00,0xe9,0x09,0x00,0x00,
0x0c,0x00,0x07,0x00,0x13,0x00,0x00,0x00,0xd8,0x0d,0x00,0x00,0x01,0x00,0x00,0x00,
0x2a,0x00,0x00,0x00,0x24,0x01,0x00,0x00,0xd3,0x0d,0x00,0x00,0x50,0x00,0x05,0x00,
0x2e,0x00,0x00,0x00,0xef,0x2c,0x00,0x00,0xce,0x0d,0x00,0x00,0xd8,0x0d,0x00,0x00,
0x3d,0x00,0x04,0x00,0x7d,0x01,0x00,0x00,0xdb,0x0d,0x00,0x00,0x8f,0x01,0x00,0x00,
0x5f,0x00,0x07,0x00,0x4a,0x00,0x00,0x00,0xdd,0x0d,0x00,0x00,0xdb,0x0d,0x00,0x00,
0xef,0x2c,0x00,0x00,0x02,0x00,0x00,0x00,0x24,0x01,0x00,0x00,0x51,0x00,0x05,0x00,
0x1a,0x00,0x00,0x00,0xde,0x0d,0x00,0x00,0xdd,0x0d,0x00,0x00,0x00,0x00,0x00,0x00,
0x0c,0x00,0x06,0x00,0x1a,0x00,0x00,0x00,0x97,0x0d,0x00,0x00,0x01,0x00,0x00,0x00,
0x1c,0x00,0x00,0x00,0xde,0x0d,0x00,0x00,0x0c,0x00,0x07,0x00,0x1a,0x00,0x00,0x00,
0xe3,0x0d,0x00,0x00,0x01,0x00,0x00,0x00,0x28,0x00,0x00,0x00,0x74,0x02,0x00,0x00,
0x97,0x0d,0x00,0x00,0x3d,0x00,0x04,0x00,0x7d,0x01,0x00,0x00,0xe6,0x0d,0x00,0x00,
0x7f,0x01,0x00,0x00,0x5f,0x00,0x07,0x00,0x4a,0x00,0x00,0x00,0xe8,0x0d,0x00,0x00,
0xe6,0x0d,0x00,0x00,0xef,0x2c,0x00,0x00,0x02,0x00,0x00,0x00,0x24,0x01,0x00,0x00,
0x51,0x00,0x05,0x00,0x1a,0x00,0x00,0x00,0xe9,0x0d,0x00,0x00,0xe8,0x0d,0x00,0x00,
0x00,0x00,0x00,0x00,0x52,0x00,0x06,0x00,0x4a,0x00,0x00,0x00,0x7a,0x2b,0x00,0x00,
0xe3,0x0d,0x00,0x00,0x7f,0x02,0x00,0x00,0x00,0x00,0x00,0x00,0x52,0x00,0x06,0x00,
0x4a,0x00,0x00,0x00,0x7c,0x2b,0x00,0x00,0xde,0x0d,0x00,0x00,0x7a,0x2b,0x00,0x00,
0x01,0x00,0x00,0x00,0x52,0x00,0x06,0x00,0x4a,0x00,0x00,0x00,0x7e,0x2b,0x00,0x00,
0xe9,0x0d,0x00,0x00,0x7c,0x2b,0x00,0x00,0x02,0x00,0x00,0x00,0x81,0x00,0x05,0x00,
0x4a,0x00,0x00,0x00,0xee,0x0d,0x00,0x00,0x54,0x2b,0x00,0x00,0x62,0x2b,0x00,0x00,
0x81,0x00,0x05,0x00,0x4a,0x00,0x00,0x00,0xf0,0x0d,0x00,0x00,0xee,0x0d,0x00,0x00,
0x70,0x2b,0x00,0x00,0x81,0x00,0x05,0x00,0x4a,0x00,0x00,0x00,0xf2,0x0d,0x00,0x00,
0xf0,0x0d,0x00,0x00,0x7e,0x2b,0x00,0x00,0x8e,0x00,0x05,0x00,0x4a,0x00,0x00,0x00,
0xf3,0x0d,0x00,0x00,0xf2,0x0d,0x00,0x00,0x99,0x02,0x00,0x00,0x51,0x00,0x05,0x00,
0x1a,0x00,0x00,0x00,0x10,0x0e,0x00,0x00,0xf3,0x0d,0x00,0x00,0x02,0x00,0x00,0x00,
0x3d,0x00,0x04,0x00,0x87,0x01,0x00,0x00,0x7d,0x0e,0x00,0x00,0x89,0x01,0x00,0x00,
0x50,0x00,0x07,0x00,0x4a,0x00,0x00,0x00,0x80,0x0e,0x00,0x00,0x10,0x0e,0x00,0x00,
0x8d,0x01,0x00,0x00,0x8d,0x01,0x00,0x00,0x8d,0x01,0x00,0x00,0x63,0x00,0x04,0x00,
0x7d,0x0e,0x00,0x00,0xa2,0x08,0x00,0x00,0x80,0x0e,0x00,0x00,0xf7,0x00,0x03,0x00,
0x3e,0x0e,0x00,0x00,0x00,0x00,0x00,0x00,0xfa,0x00,0x04,0x00,0x7a,0x0b,0x00,0x00,
0x18,0x0e,0x00,0x00,0x3e,0x0e,0x00,0x00,0xf8,0x00,0x02,0x00,0x18,0x0e,0x00,0x00,
0xaa,0x00,0x05,0x00,0xbb,0x02,0x00,0x00,0x1a,0x0e,0x00,0x00,0xa2,0x08,0x00,0x00,
0x9a,0x01,0x00,0x00,0x9b,0x00,0x04,0x00,0x9d,0x00,0x00,0x00,0x1b,0x0e,0x00,0x00,
0x1a,0x0e,0x00,0x00,0xf7,0x00,0x03,0x00,0x3d,0x0e,0x00,0x00,0x00,0x00,0x00,0x00,
0xfa,0x00,0x04,0x00,0x1b,0x0e,0x00,0x00,0x1c,0x0e,0x00,0x00,0x3d,0x0e,0x00,0x00,
0xf8,0x00,0x02,0x00,0x1c,0x0e,0x00,0x00,0x3d,0x00,0x04,0x00,0x96,0x01,0x00,0x00,
0x87,0x0e,0x00,0x00,0x98,0x01,0x00,0x00,0x62,0x00,0x05,0x00,0x4a,0x00,0x00,0x00,
0x88,0x0e,0x00,0x00,0x87,0x0e,0x00,0x00,0x9a,0x01,0x00,0x00,0x51,0x00,0x05,0x00,
0x1a,0x00,0x00,0x00,0x1f,0x0e,0x00,0x00,0xf3,0x0d,0x00,0x00,0x01,0x00,0x00,0x00,
0x51,0x00,0x05,0x00,0x1a,0x00,0x00,0x00,0x21,0x0e,0x00,0x00,0x88,0x0e,0x00,0x00,
0x01,0x00,0x00,0x00,0x51,0x00,0x05,0x00,0x1a,0x00,0x00,0x00,0x23,0x0e,0x00,0x00,
0xf3,0x0d,0x00,0x00,0x00,0x00,0x00,0x00,0xb8,0x00,0x05,0x00,0x9d,0x00,0x00,0x00,
0x25,0x0e,0x00,0x00,0x21,0x0e,0x00,0x00,0xcc,0x02,0x00,0x00,0xf7,0x00,0x03,0x00,
0x33,0x0e,0x00,0x00,0x00,0x00,0x00,0x00,0xfa,0x00,0x04,0x00,0x25,0x0e,0x00,0x00,
0x26,0x0e,0x00,0x00,0x33,0x0e,0x00,0x00,0xf8,0x00,0x02,0x00,0x26,0x0e,0x00,0x00,
0x83,0x00,0x05,0x00,0x1a,0x00,0x00,0x00,0x2a,0x0e,0x00,0x00,0x23,0x0e,0x00,0x00,
0x21,0x0e,0x00,0x00,0x41,0x00,0x05,0x00,0x65,0x01,0x00,0x00,0x8b,0x0e,0x00,0x00,
0x5e,0x01,0x00,0x00,0x64,0x01,0x00,0x00,0x3d,0x00,0x04,0x00,0x1a,0x00,0x00,0x00,
0x8c,0x0e,0x00,0x00,0x8b,0x0e,0x00,0x00,0x7f,0x00,0x04,0x00,0x1a,0x00,0x00,0x00,
0x2c,0x0e,0x00,0x00,0x8c,0x0e,0x00,0x00,0x0c,0x00,0x06,0x00,0x1a,0x00,0x00,0x00,
0x2d,0x0e,0x00,0x00,0x01,0x00,0x00,0x00,0x1b,0x00,0x00,0x00,0x2c,0x0e,0x00,0x00,
0x83,0x00,0x05,0x00,0x1a,0x00,0x00,0x00,0x2e,0x0e,0x00,0x00,0x58,0x02,0x00,0x00,
0x2d,0x0e,0x00,0x00,0x85,0x00,0x05,0x00,0x1a,0x00,0x00,0x00,0x2f,0x0e,0x00,0x00,
0x2a,0x0e,0x00,0x00,0x2e,0x0e,0x00,0x00,0x81,0x00,0x05,0x00,0x1a,0x00,0x00,0x00,
0x30,0x0e,0x00,0x00,0x21,0x0e,0x00,0x00,0x2f,0x0e,0x00,0x00,0x0c,0x00,0x07,0x00,
0x1a,0x00,0x00,0x00,0x91,0x0e,0x00,0x00,0x01,0x00,0x00,0x00,0x28,0x00,0x00,0x00,
0x8d,0x01,0x00,0x00,0x30,0x0e,0x00,0x00,0xf9,0x00,0x02,0x00,0x33,0x0e,0x00,0x00,
0xf8,0x00,0x02,0x00,0x33,0x0e,0x00,0x00,0xf5,0x00,0x07,0x00,0x1a,0x00,0x00,0x00,
0x02,0x2d,0x00,0x00,0x23,0x0e,0x00,0x00,0x1c,0x0e,0x00,0x00,0x91,0x0e,0x00,0x00,
0x26,0x0e,0x00,0x00,0x0c,0x00,0x06,0x00,0x1a,0x00,0x00,0x00,0x99,0x0e,0x00,0x00,
0x01,0x00,0x00,0x00,0x1b,0x00,0x00,0x00,0x02,0x2d,0x00,0x00,0x85,0x00,0x05,0x00,
0x1a,0x00,0x00,0x00,0x9c,0x0e,0x00,0x00,0x99,0x0e,0x00,0x00,0xea,0x2c,0x00,0x00,
0x0c,0x00,0x06,0x00,0x1a,0x00,0x00,0x00,0x9d,0x0e,0x00,0x00,0x01,0x00,0x00,0x00,
0x1e,0x00,0x00,0x00,0x9c,0x0e,0x00,0x00,0x0c,0x00,0x07,0x00,0x1a,0x00,0x00,0x00,
0xa7,0x0e,0x00,0x00,0x01,0x00,0x00,0x00,0x1a,0x00,0x00,0x00,0x52,0x02,0x00,0x00,
0x9d,0x0e,0x00,0x00,0x88,0x00,0x05,0x00,0x1a,0x00,0x00,0x00,0xa2,0x0e,0x00,0x00,
0xeb,0x2c,0x00,0x00,0xa7,0x0e,0x00,0x00,0x52,0x00,0x06,0x00,0x4a,0x00,0x00,0x00,
0x84,0x2b,0x00,0x00,0xa2,0x0e,0x00,0x00,0x88,0x0e,0x00,0x00,0x00,0x00,0x00,0x00,
0x52,0x00,0x06,0x00,0x4a,0x00,0x00,0x00,0x86,0x2b,0x00,0x00,0x02,0x2d,0x00,0x00,
0x84,0x2b,0x00,0x00,0x01,0x00,0x00,0x00,0x52,0x00,0x06,0x00,0x4a,0x00,0x00,0x00,
0x88,0x2b,0x00,0x00,0x1f,0x0e,0x00,0x00,0x86,0x2b,0x00,0x00,0x02,0x00,0x00,0x00,
0x3d,0x00,0x04,0x00,0x96,0x01,0x00,0x00,0xa9,0x0e,0x00,0x00,0x98,0x01,0x00,0x00,
0x63,0x00,0x04,0x00,0xa9,0x0e,0x00,0x00,0x9a,0x01,0x00,0x00,0x88,0x2b,0x00,0x00,
0xf9,0x00,0x02,0x00,0x3d,0x0e,0x00,0x00,0xf8,0x00,0x02,0x00,0x3d,0x0e,0x00,0x00,
0xf9,0x00,0x02,0x00,0x3e,0x0e,0x00,0x00,0xf8,0x00,0x02,0x00,0x3e,0x0e,0x00,0x00,
0x80,0x00,0x05,0x00,0x06,0x00,0x00,0x00,0xb6,0x08,0x00,0x00,0x73,0x08,0x00,0x00,
0xc9,0x03,0x00,0x00,0x7c,0x00,0x04,0x00,0x13,0x00,0x00,0x00,0xb7,0x08,0x00,0x00,
0xb6,0x08,0x00,0x00,0x50,0x00,0x05,0x00,0x2e,0x00,0x00,0x00,0xb8,0x08,0x00,0x00,
0x71,0x08,0x00,0x00,0xb7,0x08,0x00,0x00,0x80,0x00,0x05,0x00,0x2e,0x00,0x00,0x00,
0xb9,0x08,0x00,0x00,0x6e,0x08,0x00,0x00,0xb8,0x08,0x00,0x00,0x80,0x00,0x05,0x00,
0x06,0x00,0x00,0x00,0xc1,0x08,0x00,0x00,0xb7,0x07,0x00,0x00,0xe9,0x02,0x00,0x00,
0x7c,0x00,0x04,0x00,0x13,0x00,0x00,0x00,0xc2,0x08,0x00,0x00,0xc1,0x08,0x00,0x00,
0x50,0x00,0x05,0x00,0x2e,0x00,0x00,0x00,0xc3,0x08,0x00,0x00,0x7c,0x08,0x00,0x00,
0xc2,0x08,0x00,0x00,0x80,0x00,0x05,0x00,0x2e,0x00,0x00,0x00,0xc4,0x08,0x00,0x00,
0x7a,0x08,0x00,0x00,0xc3,0x08,0x00,0x00,0x7c,0x00,0x04,0x00,0x29,0x00,0x00,0x00,
0xc6,0x08,0x00,0x00,0xb9,0x08,0x00,0x00,0x80,0x00,0x05,0x00,0x29,0x00,0x00,0x00,
0xb5,0x0e,0x00,0x00,0xc6,0x08,0x00,0x00,0x6c,0x03,0x00,0x00,0x80,0x00,0x05,0x00,
0x29,0x00,0x00,0x00,0xb7,0x0e,0x00,0x00,0xc6,0x08,0x00,0x00,0x6f,0x03,0x00,0x00,
0x80,0x00,0x05,0x00,0x29,0x00,0x00,0x00,0xb9,0x0e,0x00,0x00,0xc6,0x08,0x00,0x00,
0x72,0x03,0x00,0x00,0x7c,0x00,0x04,0x00,0x2e,0x00,0x00,0x00,0xcf,0x0e,0x00,0x00,
0xc6,0x08,0x00,0x00,0x6f,0x00,0x04,0x00,0x53,0x00,0x00,0x00,0xd0,0x0e,0x00,0x00,
0xcf,0x0e,0x00,0x00,0x6e,0x00,0x04,0x00,0x2e,0x00,0x00,0x00,0xf6,0x0e,0x00,0x00,
0xd0,0x0e,0x00,0x00,0x51,0x00,0x05,0x00,0x13,0x00,0x00,0x00,0x1d,0x0f,0x00,0x00,
0xf6,0x0e,0x00,0x00,0x00,0x00,0x00,0x00,0x0c,0x00,0x07,0x00,0x13,0x00,0x00,0x00,
0x2e,0x0f,0x00,0x00,0x01,0x00,0x00,0x00,0x27,0x00,0x00,0x00,0x1d,0x0f,0x00,0x00,
0xe1,0x09,0x00,0x00,0x0c,0x00,0x07,0x00,0x13,0x00,0x00,0x00,0x33,0x0f,0x00,0x00,
0x01,0x00,0x00,0x00,0x2a,0x00,0x00,0x00,0x24,0x01,0x00,0x00,0x2e,0x0f,0x00,0x00,
0x51,0x00,0x05,0x00,0x13,0x00,0x00,0x00,0x25,0x0f,0x00,0x00,0xf6,0x0e,0x00,0x00,
0x01,0x00,0x00,0x00,0x0c,0x00,0x07,0x00,0x13,0x00,0x00,0x00,0x38,0x0f,0x00,0x00,
0x01,0x00,0x00,0x00,0x27,0x00,0x00,0x00,0x25,0x0f,0x00,0x00,0xe9,0x09,0x00,0x00,
0x0c,0x00,0x07,0x00,0x13,0x00,0x00,0x00,0x3d,0x0f,0x00,0x00,0x01,0x00,0x00,0x00,
0x2a,0x00,0x00,0x00,0x24,0x01,0x00,0x00,0x38,0x0f,0x00,0x00,0x50,0x00,0x05,0x00,
0x2e,0x00,0x00,0x00,0xf0,0x2c,0x00,0x00,0x33,0x0f,0x00,0x00,0x3d,0x0f,0x00,0x00,
0x3d,0x00,0x04,0x00,0x7d,0x01,0x00,0x00,0x40,0x0f,0x00,0x00,0x8f,0x01,0x00,0x00,
0x5f,0x00,0x07,0x00,0x4a,0x00,0x00,0x00,0x42,0x0f,0x00,0x00,0x40,0x0f,0x00,0x00,
0xf0,0x2c,0x00,0x00,0x02,0x00,0x00,0x00,0x24,0x01,0x00,0x00,0x51,0x00,0x05,0x00,
0x1a,0x00,0x00,0x00,0x43,0x0f,0x00,0x00,0x42,0x0f,0x00,0x00,0x00,0x00,0x00,0x00,
0x0c,0x00,0x06,0x00,0x1a,0x00,0x00,0x00,0xfc,0x0e,0x00,0x00,0x01,0x00,0x00,0x00,
0x1c,0x00,0x00,0x00,0x43,0x0f,0x00,0x00,0x0c,0x00,0x07,0x00,0x1a,0x00,0x00,0x00,
0x48,0x0f,0x00,0x00,0x01,0x00,0x00,0x00,0x28,0x00,0x00,0x00,0x74,0x02,0x00,0x00,
0xfc,0x0e,0x00,0x00,0x3d,0x00,0x04,0x00,0x7d,0x01,0x00,0x00,0x4b,0x0f,0x00,0x00,
0x7f,0x01,0x00,0x00,0x5f,0x00,0x07,0x00,0x4a,0x00,0x00,0x00,0x4d,0x0f,0x00,0x00,
0x4b,0x0f,0x00,0x00,0xf0,0x2c,0x00,0x00,0x02,0x00,0x00,0x00,0x24,0x01,0x00,0x00,
0x51,0x00,0x05,0x00,0x1a,0x00,0x00,0x00,0x4e,0x0f,0x00,0x00,0x4d,0x0f,0x00,0x00,
0x00,0x00,0x00,0x00,0x52,0x00,0x06,0x00,0x4a,0x00,0x00,0x00,0x92,0x2b,0x00,0x00,
0x48,0x0f,0x00,0x00,0x7f,0x02,0x00,0x00,0x00,0x00,0x00,0x00,0x52,0x00,0x06,0x00,
0x4a,0x00,0x00,0x00,0x94,0x2b,0x00,0x00,0x43,0x0f,0x00,0x00,0x92,0x2b,0x00,0x00,
0x01,0x00,0x00,0x00,0x52,0x00,0x06,0x00,0x4a,0x00,0x00,0x00,0x96,0x2b,0x00,0x00,
0x4e,0x0f,0x00,0x00,0x94,0x2b,0x00,0x00,0x02,0x00,0x00,0x00,0x7c,0x00,0x04,0x00,
0x2e,0x00,0x00,0x00,0xd4,0x0e,0x00,0x00,0xb5,0x0e,0x00,0x00,0x6f,0x00,0x04,0x00,
0x53,0x00,0x00,0x00,0xd5,0x0e,0x00,0x00,0xd4,0x0e,0x00,0x00,0x6e,0x00,0x04,0x00,
0x2e,0x00,0x00,0x00,0x5e,0x0f,0x00,0x00,0xd5,0x0e,0x00,0x00,0x51,0x00,0x05,0x00,
0x13,0x00,0x00,0x00,0x85,0x0f,0x00,0x00,0x5e,0x0f,0x00,0x00,0x00,0x00,0x00,0x00,
0x0c,0x00,0x07,0x00,0x13,0x00,0x00,0x00,0x96,0x0f,0x00,0x00,0x01,0x00,0x00,0x00,
0x27,0x00,0x00,0x00,0x85,0x0f,0x00,0x00,0xe1,0x09,0x00,0x00,0x0c,0x00,0x07,0x00,
0x13,0x00,0x00,0x00,0x9b,0x0f,0x00,0x00,0x01,0x00,0x00,0x00,0x2a,0x00,0x00,0x00,
0x24,0x01,0x00,0x00,0x96,0x0f,0x00,0x00,0x51,0x00,0x05,0x00,0x13,0x00,0x00,0x00,
0x8d,0x0f,0x00,0x00,0x5e,0x0f,0x00,0x00,0x01,0x00,0x00,0x00,0x0c,0x00,0x07,0x00,
0x13,0x00,0x00,0x00,0xa0,0x0f,0x00,0x00,0x01,0x00,0x00,0x00,0x27,0x00,0x00,0x00,
0x8d,0x0f,0x00,0x00,0xe9,0x09,0x00,0x00,0x0c,0x00,0x07,0x00,0x13,0x00,0x00,0x00,
0xa5,0x0f,0x00,0x00,0x01,0x00,0x00,0x00,0x2a,0x00,0x00,0x00,0x24,0x01,0x00,0x00,
0xa0,0x0f,0x00,0x00,0x50,0x00,0x05,0x00,0x2e,0x00,0x00,0x00,0xf1,0x2c,0x00,0x00,
0x9b,0x0f,0x00,0x00,0xa5,0x0f,0x00,0x00,0x3d,0x00,0x04,0x00,0x7d,0x01,0x00,0x00,
0xa8,0x0f,0x00,0x00,0x8f,0x01,0x00,0x00,0x5f,0x00,0x07,0x00,0x4a,0x00,0x00,0x00,
0xaa,0x0f,0x00,0x00,0xa8,0x0f,0x00,0x00,0xf1,0x2c,0x00,0x00,0x02,0x00,0x00,0x00,
0x24,0x01,0x00,0x00,0x51,0x00,0x05,0x00,0x1a,0x00,0x00,0x00,0xab,0x0f,0x00,0x00,
0xaa,0x0f,0x00,0x00,0x00,0x00,0x00,0x00,0x0c,0x00,0x06,0x00,0x1a,0x00,0x00,0x00,
0x64,0x0f,0x00,0x00,0x01,0x00,0x00,0x00,0x1c,0x00,0x00,0x00,0xab,0x0f,0x00,0x00,
0x0c,0x00,0x07,0x00,0x1a,0x00,0x00,0x00,0xb0,0x0f,0x00,0x00,0x01,0x00,0x00,0x00,
0x28,0x00,0x00,0x00,0x74,0x02,0x00,0x00,0x64,0x0f,0x00,0x00,0x3d,0x00,0x04,0x00,
0x7d,0x01,0x00,0x00,0xb3,0x0f,0x00,0x00,0x7f,0x01,0x00,0x00,0x5f,0x00,0x07,0x00,
0x4a,0x00,0x00,0x00,0xb5,0x0f,0x00,0x00,0xb3,0x0f,0x00,0x00,0xf1,0x2c,0x00,0x00,
0x02,0x00,0x00,0x00,0x24,0x01,0x00,0x00,0x51,0x00,0x05,0x00,0x1a,0x00,0x00,0x00,
0xb6,0x0f,0x00,0x00,0xb5,0x0f,0x00,0x00,0x00,0x00,0x00,0x00,0x52,0x00,0x06,0x00,
0x4a,0x00,0x00,0x00,0xa0,0x2b,0x00,0x00,0xb0,0x0f,0x00,0x00,0x7f,0x02,0x00,0x00,
0x00,0x00,0x00,0x00,0x52,0x00,0x06,0x00,0x4a,0x00,0x00,0x00,0xa2,0x2b,0x00,0x00,
0xab,0x0f,0x00,0x00,0xa0,0x2b,0x00,0x00,0x01,0x00,0x00,0x00,0x52,0x00,0x06,0x00,
0x4a,0x00,0x00,0x00,0xa4,0x2b,0x00,0x00,0xb6,0x0f,0x00,0x00,0xa2,0x2b,0x00,0x00,
0x02,0x00,0x00,0x00,0x7c,0x00,0x04,0x00,0x2e,0x00,0x00,0x00,0xd9,0x0e,0x00,0x00,
0xb7,0x0e,0x00,0x00,0x6f,0x00,0x04,0x00,0x53,0x00,0x00,0x00,0xda,0x0e,0x00,0x00,
0xd9,0x0e,0x00,0x00,0x6e,0x00,0x04,0x00,0x2e,0x00,0x00,0x00,0xc6,0x0f,0x00,0x00,
0xda,0x0e,0x00,0x00,0x51,0x00,0x05,0x00,0x13,0x00,0x00,0x00,0xed,0x0f,0x00,0x00,
0xc6,0x0f,0x00,0x00,0x00,0x00,0x00,0x00,0x0c,0x00,0x07,0x00,0x13,0x00,0x00,0x00,
0xfe,0x0f,0x00,0x00,0x01,0x00,0x00,0x00,0x27,0x00,0x00,0x00,0xed,0x0f,0x00,0x00,
0xe1,0x09,0x00,0x00,0x0c,0x00,0x07,0x00,0x13,0x00,0x00,0x00,0x03,0x10,0x00,0x00,
0x01,0x00,0x00,0x00,0x2a,0x00,0x00,0x00,0x24,0x01,0x00,0x00,0xfe,0x0f,0x00,0x00,
0x51,0x00,0x05,0x00,0x13,0x00,0x00,0x00,0xf5,0x0f,0x00,0x00,0xc6,0x0f,0x00,0x00,
0x01,0x00,0x00,0x00,0x0c,0x00,0x07,0x00,0x13,0x00,0x00,0x00,0x08,0x10,0x00,0x00,
0x01,0x00,0x00,0x00,0x27,0x00,0x00,0x00,0xf5,0x0f,0x00,0x00,0xe9,0x09,0x00,0x00,
0x0c,0x00,0x07,0x00,0x13,0x00,0x00,0x00,0x0d,0x10,0x00,0x00,0x01,0x00,0x00,0x00,
0x2a,0x00,0x00,0x00,0x24,0x01,0x00,0x00,0x08,0x10,0x00,0x00,0x50,0x00,0x05,0x00,
0x2e,0x00,0x00,0x00,0xf2,0x2c,0x00,0x00,0x03,0x10,0x00,0x00,0x0d,0x10,0x00,0x00,
0x3d,0x00,0x04,0x00,0x7d,0x01,0x00,0x00,0x10,0x10,0x00,0x00,0x8f,0x01,0x00,0x00,
0x5f,0x00,0x07,0x00,0x4a,0x00,0x00,0x00,0x12,0x10,0x00,0x00,0x10,0x10,0x00,0x00,
0xf2,0x2c,0x00,0x00,0x02,0x00,0x00,0x00,0x24,0x01,0x00,0x00,0x51,0x00,0x05,0x00,
0x1a,0x00,0x00,0x00,0x13,0x10,0x00,0x00,0x12,0x10,0x00,0x00,0x00,0x00,0x00,0x00,
0x0c,0x00,0x06,0x00,0x1a,0x00,0x00,0x00,0xcc,0x0f,0x00,0x00,0x01,0x00,0x00,0x00,
0x1c,0x00,0x00,0x00,0x13,0x10,0x00,0x00,0x0c,0x00,0x07,0x00,0x1a,0x00,0x00,0x00,
0x18,0x10,0x00,0x00,0x01,0x00,0x00,0x00,0x28,0x00,0x00,0x00,0x74,0x02,0x00,0x00,
0xcc,0x0f,0x00,0x00,0x3d,0x00,0x04,0x00,0x7d,0x01,0x00,0x00,0x1b,0x10,0x00,0x00,
0x7f,0x01,0x00,0x00,0x5f,0x00,0x07,0x00,0x4a,0x00,0x00,0x00,0x1d,0x10,0x00,0x00,
0x1b,0x10,0x00,0x00,0xf2,0x2c,0x00,0x00,0x02,0x00,0x00,0x00,0x24,0x01,0x00,0x00,
0x51,0x00,0x05,0x00,0x1a,0x00,0x00,0x00,0x1e,0x10,0x00,0x00,0x1d,0x10,0x00,0x00,
0x00,0x00,0x00,0x00,0x52,0x00,0x06,0x00,0x4a,0x00,0x00,0x00,0xae,0x2b,0x00,0x00,
0x18,0x10,0x00,0x00,0x7f,0x02,0x00,0x00,0x00,0x00,0x00,0x00,0x52,0x00,0x06,0x00,
0x4a,0x00,0x00,0x00,0xb0,0x2b,0x00,0x00,0x13,0x10,0x00,0x00,0xae,0x2b,0x00,0x00,
0x01,0x00,0x00,0x00,0x52,0x00,0x06,0x00,0x4a,0x00,0x00,0x00,0xb2,0x2b,0x00,0x00,
0x1e,0x10,0x00,0x00,0xb0,0x2b,0x00,0x00,0x02,0x00,0x00,0x00,0x7c,0x00,0x04,0x00,
0x2e,0x00,0x00,0x00,0xde,0x0e,0x00,0x00,0xb9,0x0e,0x00,0x00,0x6f,0x00,0x04,0x00,
0x53,0x00,0x00,0x00,0xdf,0x0e,0x00,0x00,0xde,0x0e,0x00,0x00,0x6e,0x00,0x04,0x00,
0x2e,0x00,0x00,0x00,0x2e,0x10,0x00,0x00,0xdf,0x0e,0x00,0x00,0x51,0x00,0x05,0x00,
0x13,0x00,0x00,0x00,0x55,0x10,0x00,0x00,0x2e,0x10,0x00,0x00,0x00,0x00,0x00,0x00,
0x0c,0x00,0x07,0x00,0x13,0x00,0x00,0x00,0x66,0x10,0x00,0x00,0x01,0x00,0x00,0x00,
0x27,0x00,0x00,0x00,0x55,0x10,0x00,0x00,0xe1,0x09,0x00,0x00,0x0c,0x00,0x07,0x00,
0x13,0x00,0x00,0x00,0x6b,0x10,0x00,0x00,0x01,0x00,0x00,0x00,0x2a,0x00,0x00,0x00,
0x24,0x01,0x00,0x00,0x66,0x10,0x00,0x00,0x51,0x00,0x05,0x00,0x13,0x00,0x00,0x00,
0x5d,0x10,0x00,0x00,0x2e,0x10,0x00,0x00,0x01,0x00,0x00,0x00,0x0c,0x00,0x07,0x00,
0x13,0x00,0x00,0x00,0x70,0x10,0x00,0x00,0x01,0x00,0x00,0x00,0x27,0x00,0x00,0x00,
0x5d,0x10,0x00,0x00,0xe9,0x09,0x00,0x00,0x0c,0x00,0x07,0x00,0x13,0x00,0x00,0x00,
0x75,0x10,0x00,0x00,0x01,0x00,0x00,0x00,0x2a,0x00,0x00,0x00,0x24,0x01,0x00,0x00,
0x70,0x10,0x00,0x00,0x50,0x00,0x05,0x00,0x2e,0x00,0x00,0x00,0xf3,0x2c,0x00,0x00,
0x6b,0x10,0x00,0x00,0x75,0x10,0x00,0x00,0x3d,0x00,0x04,0x00,0x7d,0x01,0x00,0x00,
0x78,0x10,0x00,0x00,0x8f,0x01,0x00,0x00,0x5f,0x00,0x07,0x00,0x4a,0x00,0x00,0x00,
0x7a,0x10,0x00,0x00,0x78,0x10,0x00,0x00,0xf3,0x2c,0x00,0x00,0x02,0x00,0x00,0x00,
0x24,0x01,0x00,0x00,0x51,0x00,0x05,0x00,0x1a,0x00,0x00,0x00,0x7b,0x10,0x00,0x00,
0x7a,0x10,0x00,0x00,0x00,0x00,0x00,0x00,0x0c,0x00,0x06,0x00,0x1a,0x00,0x00,0x00,
0x34,0x10,0x00,0x00,0x01,0x00,0x00,0x00,0x1c,0x00,0x00,0x00,0x7b,0x10,0x00,0x00,
0x0c,0x00,0x07,0x00,0x1a,0x00,0x00,0x00,0x80,0x10,0x00,0x00,0x01,0x00,0x00,0x00,
0x28,0x00,0x00,0x00,0x74,0x02,0x00,0x00,0x34,0x10,0x00,0x00,0x3d,0x00,0x04,0x00,
0x7d,0x01,0x00,0x00,0x83,0x10,0x00,0x00,0x7f,0x01,0x00,0x00,0x5f,0x00,0x07,0x00,
0x4a,0x00,0x00,0x00,0x85,0x10,0x00,0x00,0x83,0x10,0x00,0x00,0xf3,0x2c,0x00,0x00,
0x02,0x00,0x00,0x00,0x24,0x01,0x00,0x00,0x51,0x00,0x05,0x00,0x1a,0x00,0x00,0x00,
0x86,0x10,0x00,0x00,0x85,0x10,0x00,0x00,0x00,0x00,0x00,0x00,0x52,0x00,0x06,0x00,
0x4a,0x00,0x00,0x00,0xbc,0x2b,0x00,0x00,0x80,0x10,0x00,0x00,0x7f,0x02,0x00,0x00,
0x00,0x00,0x00,0x00,0x52,0x00,0x06,0x00,0x4a,0x00,0x00,0x00,0xbe,0x2b,0x00,0x00,
0x7b,0x10,0x00,0x00,0xbc,0x2b,0x00,0x00,0x01,0x00,0x00,0x00,0x52,0x00,0x06,0x00,
0x4a,0x00,0x00,0x00,0xc0,0x2b,0x00,0x00,0x86,0x10,0x00,0x00,0xbe,0x2b,0x00,0x00,
0x02,0x00,0x00,0x00,0x81,0x00,0x05,0x00,0x4a,0x00,0x00,0x00,0x8b,0x10,0x00,0x00,
0x96,0x2b,0x00,0x00,0xa4,0x2b,0x00,0x00,0x81,0x00,0x05,0x00,0x4a,0x00,0x00,0x00,
0x8d,0x10,0x00,0x00,0x8b,0x10,0x00,0x00,0xb2,0x2b,0x00,0x00,0x81,0x00,0x05,0x00,
0x4a,0x00,0x00,0x00,0x8f,0x10,0x00,0x00,0x8d,0x10,0x00,0x00,0xc0,0x2b,0x00,0x00,
0x8e,0x00,0x05,0x00,0x4a,0x00,0x00,0x00,0x90,0x10,0x00,0x00,0x8f,0x10,0x00,0x00,
0x99,0x02,0x00,0x00,0x51,0x00,0x05,0x00,0x1a,0x00,0x00,0x00,0xad,0x10,0x00,0x00,
0x90,0x10,0x00,0x00,0x02,0x00,0x00,0x00,0x3d,0x00,0x04,0x00,0x87,0x01,0x00,0x00,
0x1a,0x11,0x00,0x00,0x89,0x01,0x00,0x00,0x50,0x00,0x07,0x00,0x4a,0x00,0x00,0x00,
0x1d,0x11,0x00,0x00,0xad,0x10,0x00,0x00,0x8d,0x01,0x00,0x00,0x8d,0x01,0x00,0x00,
0x8d,0x01,0x00,0x00,0x63,0x00,0x04,0x00,0x1a,0x11,0x00,0x00,0xc4,0x08,0x00,0x00,
0x1d,0x11,0x00,0x00,0xf7,0x00,0x03,0x00,0xdb,0x10,0x00,0x00,0x00,0x00,0x00,0x00,
0xfa,0x00,0x04,0x00,0x7a,0x0b,0x00,0x00,0xb5,0x10,0x00,0x00,0xdb,0x10,0x00,0x00,
0xf8,0x00,0x02,0x00,0xb5,0x10,0x00,0x00,0xaa,0x00,0x05,0x00,0xbb,0x02,0x00,0x00,
0xb7,0x10,0x00,0x00,0xc4,0x08,0x00,0x00,0x9a,0x01,0x00,0x00,0x9b,0x00,0x04,0x00,
0x9d,0x00,0x00,0x00,0xb8,0x10,0x00,0x00,0xb7,0x10,0x00,0x00,0xf7,0x00,0x03,0x00,
0xda,0x10,0x00,0x00,0x00,0x00,0x00,0x00,0xfa,0x00,0x04,0x00,0xb8,0x10,0x00,0x00,
0xb9,0x10,0x00,0x00,0xda,0x10,0x00,0x00,0xf8,0x00,0x02,0x00,0xb9,0x10,0x00,0x00,
0x3d,0x00,0x04,0x00,0x96,0x01,0x00,0x00,0x24,0x11,0x00,0x00,0x98,0x01,0x00,0x00,
0x62,0x00,0x05,0x00,0x4a,0x00,0x00,0x00,0x25,0x11,0x00,0x00,0x24,0x11,0x00,0x00,
0x9a,0x01,0x00,0x00,0x51,0x00,0x05,0x00,0x1a,0x00,0x00,0x00,0xbc,0x10,0x00,0x00,
0x90,0x10,0x00,0x00,0x01,0x00,0x00,0x00,0x51,0x00,0x05,0x00,0x1a,0x00,0x00,0x00,
0xbe,0x10,0x00,0x00,0x25,0x11,0x00,0x00,0x01,0x00,0x00,0x00,0x51,0x00,0x05,0x00,
0x1a,0x00,0x00,0x00,0xc0,0x10,0x00,0x00,0x90,0x10,0x00,0x00,0x00,0x00,0x00,0x00,
0xb8,0x00,0x05,0x00,0x9d,0x00,0x00,0x00,0xc2,0x10,0x00,0x00,0xbe,0x10,0x00,0x00,
0xcc,0x02,0x00,0x00,0xf7,0x00,0x03,0x00,0xd0,0x10,0x00,0x00,0x00,0x00,0x00,0x00,
0xfa,0x00,0x04,0x00,0xc2,0x10,0x00,0x00,0xc3,0x10,0x00,0x00,0xd0,0x10,0x00,0x00,
0xf8,0x00,0x02,0x00,0xc3,0x10,0x00,0x00,0x83,0x00,0x05,0x00,0x1a,0x00,0x00,0x00,
0xc7,0x10,0x00,0x00,0xc0,0x10,0x00,0x00,0xbe,0x10,0x00,0x00,0x41,0x00,0x05,0x00,
0x65,0x01,0x00,0x00,0x28,0x11,0x00,0x00,0x5e,0x01,0x00,0x00,0x64,0x01,0x00,0x00,
0x3d,0x00,0x04,0x00,0x1a,0x00,0x00,0x00,0x29,0x11,0x00,0x00,0x28,0x11,0x00,0x00,
0x7f,0x00,0x04,0x00,0x1a,0x00,0x00,0x00,0xc9,0x10,0x00,0x00,0x29,0x11,0x00,0x00,
0x0c,0x00,0x06,0x00,0x1a,0x00,0x00,0x00,0xca,0x10,0x00,0x00,0x01,0x00,0x00,0x00,
0x1b,0x00,0x00,0x00,0xc9,0x10,0x00,0x00,0x83,0x00,0x05,0x00,0x1a,0x00,0x00,0x00,
0xcb,0x10,0x00,0x00,0x58,0x02,0x00,0x00,0xca,0x10,0x00,0x00,0x85,0x00,0x05,0x00,
0x1a,0x00,0x00,0x00,0xcc,0x10,0x00,0x00,0xc7,0x10,0x00,0x00,0xcb,0x10,0x00,0x00,
0x81,0x00,0x05,0x00,0x1a,0x00,0x00,0x00,0xcd,0x10,0x00,0x00,0xbe,0x10,0x00,0x00,
0xcc,0x10,0x00,0x00,0x0c,0x00,0x07,0x00,0x1a,0x00,0x00,0x00,0x2e,0x11,0x00,0x00,
0x01,0x00,0x00,0x00,0x28,0x00,0x00,0x00,0x8d,0x01,0x00,0x00,0xcd,0x10,0x00,0x00,
0xf9,0x00,0x02,0x00,0xd0,0x10,0x00,0x00,0xf8,0x00,0x02,0x00,0xd0,0x10,0x00,0x00,
0xf5,0x00,0x07,0x00,0x1a,0x00,0x00,0x00,0x04,0x2d,0x00,0x00,0xc0,0x10,0x00,0x00,
0xb9,0x10,0x00,0x00,0x2e,0x11,0x00,0x00,0xc3,0x10,0x00,0x00,0x0c,0x00,0x06,0x00,
0x1a,0x00,0x00,0x00,0x36,0x11,0x00,0x00,0x01,0x00,0x00,0x00,0x1b,0x00,0x00,0x00,
0x04,0x2d,0x00,0x00,0x85,0x00,0x05,0x00,0x1a,0x00,0x00,0x00,0x39,0x11,0x00,0x00,
0x36,0x11,0x00,0x00,0xea,0x2c,0x00,0x00,0x0c,0x00,0x06,0x00,0x1a,0x00,0x00,0x00,
0x3a,0x11,0x00,0x00,0x01,0x00,0x00,0x00,0x1e,0x00,0x00,0x00,0x39,0x11,0x00,0x00,
0x0c,0x00,0x07,0x00,0x1a,0x00,0x00,0x00,0x44,0x11,0x00,0x00,0x01,0x00,0x00,0x00,
0x1a,0x00,0x00,0x00,0x52,0x02,0x00,0x00,0x3a,0x11,0x00,0x00,0x88,0x00,0x05,0x00,
0x1a,0x00,0x00,0x00,0x3f,0x11,0x00,0x00,0xeb,0x2c,0x00,0x00,0x44,0x11,0x00,0x00,
0x52,0x00,0x06,0x00,0x4a,0x00,0x00,0x00,0xc6,0x2b,0x00,0x00,0x3f,0x11,0x00,0x00,
0x25,0x11,0x00,0x00,0x00,0x00,0x00,0x00,0x52,0x00,0x06,0x00,0x4a,0x00,0x00,0x00,
0xc8,0x2b,0x00,0x00,0x04,0x2d,0x00,0x00,0xc6,0x2b,0x00,0x00,0x01,0x00,0x00,0x00,
0x52,0x00,0x06,0x00,0x4a,0x00,0x00,0x00,0xca,0x2b,0x00,0x00,0xbc,0x10,0x00,0x00,
0xc8,0x2b,0x00,0x00,0x02,0x00,0x00,0x00,0x3d,0x00,0x04,0x00,0x96,0x01,0x00,0x00,
0x46,0x11,0x00,0x00,0x98,0x01,0x00,0x00,0x63,0x00,0x04,0x00,0x46,0x11,0x00,0x00,
0x9a,0x01,0x00,0x00,0xca,0x2b,0x00,0x00,0xf9,0x00,0x02,0x00,0xda,0x10,0x00,0x00,
0xf8,0x00,0x02,0x00,0xda,0x10,0x00,0x00,0xf9,0x00,0x02,0x00,0xdb,0x10,0x00,0x00,
0xf8,0x00,0x02,0x00,0xdb,0x10,0x00,0x00,0x50,0x00,0x05,0x00,0x2e,0x00,0x00,0x00,
0xdb,0x08,0x00,0x00,0x92,0x08,0x00,0x00,0xb7,0x08,0x00,0x00,0x80,0x00,0x05,0x00,
0x2e,0x00,0x00,0x00,0xdc,0x08,0x00,0x00,0x6e,0x08,0x00,0x00,0xdb,0x08,0x00,0x00,
0x50,0x00,0x05,0x00,0x2e,0x00,0x00,0x00,0xe7,0x08,0x00,0x00,0x9e,0x08,0x00,0x00,
0xc2,0x08,0x00,0x00,0x80,0x00,0x05,0x00,0x2e,0x00,0x00,0x00,0xe8,0x08,0x00,0x00,
0x7a,0x08,0x00,0x00,0xe7,0x08,0x00,0x00,0x7c,0x00,0x04,0x00,0x29,0x00,0x00,0x00,
0xea,0x08,0x00,0x00,0xdc,0x08,0x00,0x00,0x80,0x00,0x05,0x00,0x29,0x00,0x00,0x00,
0x52,0x11,0x00,0x00,0xea,0x08,0x00,0x00,0x6c,0x03,0x00,0x00,0x80,0x00,0x05,0x00,
0x29,0x00,0x00,0x00,0x54,0x11,0x00,0x00,0xea,0x08,0x00,0x00,0x6f,0x03,0x00,0x00,
0x80,0x00,0x05,0x00,0x29,0x00,0x00,0x00,0x56,0x11,0x00,0x00,0xea,0x08,0x00,0x00,
0x72,0x03,0x00,0x00,0x7c,0x00,0x04,0x00,0x2e,0x00,0x00,0x00,0x6c,0x11,0x00,0x00,
0xea,0x08,0x00,0x00,0x6f,0x00,0x04,0x00,0x53,0x00,0x00,0x00,0x6d,0x11,0x00,0x00,
0x6c,0x11,0x00,0x00,0x6e,0x00,0x04,0x00,0x2e,0x00,0x00,0x00,0x93,0x11,0x00,0x00,
0x6d,0x11,0x00,0x00,0x51,0x00,0x05,0x00,0x13,0x00,0x00,0x00,0xba,0x11,0x00,0x00,
0x93,0x11,0x00,0x00,0x00,0x00,0x00,0x00,0x0c,0x00,0x07,0x00,0x13,0x00,0x00,0x00,
0xcb,0x11,0x00,0x00,0x01,0x00,0x00,0x00,0x27,0x00,0x00,0x00,0xba,0x11,0x00,0x00,
0xe1,0x09,0x00,0x00,0x0c,0x00,0x07,0x00,0x13,0x00,0x00,0x00,0xd0,0x11,0x00,0x00,
0x01,0x00,0x00,0x00,0x2a,0x00,0x00,0x00,0x24,0x01,0x00,0x00,0xcb,0x11,0x00,0x00,
0x51,0x00,0x05,0x00,0x13,0x00,0x00,0x00,0xc2,0x11,0x00,0x00,0x93,0x11,0x00,0x00,
0x01,0x00,0x00,0x00,0x0c,0x00,0x07,0x00,0x13,0x00,0x00,0x00,0xd5,0x11,0x00,0x00,
0x01,0x00,0x00,0x00,0x27,0x00,0x00,0x00,0xc2,0x11,0x00,0x00,0xe9,0x09,0x00,0x00,
0x0c,0x00,0x07,0x00,0x13,0x00,0x00,0x00,0xda,0x11,0x00,0x00,0x01,0x00,0x00,0x00,
0x2a,0x00,0x00,0x00,0x24,0x01,0x00,0x00,0xd5,0x11,0x00,0x00,0x50,0x00,0x05,0x00,
0x2e,0x00,0x00,0x00,0xf4,0x2c,0x00,0x00,0xd0,0x11,0x00,0x00,0xda,0x11,0x00,0x00,
0x3d,0x00,0x04,0x00,0x7d,0x01,0x00,0x00,0xdd,0x11,0x00,0x00,0x8f,0x01,0x00,0x00,
0x5f,0x00,0x07,0x00,0x4a,0x00,0x00,0x00,0xdf,0x11,0x00,0x00,0xdd,0x11,0x00,0x00,
0xf4,0x2c,0x00,0x00,0x02,0x00,0x00,0x00,0x24,0x01,0x00,0x00,0x51,0x00,0x05,0x00,
0x1a,0x00,0x00,0x00,0xe0,0x11,0x00,0x00,0xdf,0x11,0x00,0x00,0x00,0x00,0x00,0x00,
0x0c,0x00,0x06,0x00,0x1a,0x00,0x00,0x00,0x99,0x11,0x00,0x00,0x01,0x00,0x00,0x00,
0x1c,0x00,0x00,0x00,0xe0,0x11,0x00,0x00,0x0c,0x00,0x07,0x00,0x1a,0x00,0x00,0x00,
0xe5,0x11,0x00,0x00,0x01,0x00,0x00,0x00,0x28,0x00,0x00,0x00,0x74,0x02,0x00,0x00,
0x99,0x11,0x00,0x00,0x3d,0x00,0x04,0x00,0x7d,0x01,0x00,0x00,0xe8,0x11,0x00,0x00,
0x7f,0x01,0x00,0x00,0x5f,0x00,0x07,0x00,0x4a,0x00,0x00,0x00,0xea,0x11,0x00,0x00,
0xe8,0x11,0x00,0x00,0xf4,0x2c,0x00,0x00,0x02,0x00,0x00,0x00,0x24,0x01,0x00,0x00,
0x51,0x00,0x05,0x00,0x1a,0x00,0x00,0x00,0xeb,0x11,0x00,0x00,0xea,0x11,0x00,0x00,
0x00,0x00,0x00,0x00,0x52,0x00,0x06,0x00,0x4a,0x00,0x00,0x00,0xd4,0x2b,0x00,0x00,
0xe5,0x11,0x00,0x00,0x7f,0x02,0x00,0x00,0x00,0x00,0x00,0x00,0x52,0x00,0x06,0x00,
0x4a,0x00,0x00,0x00,0xd6,0x2b,0x00,0x00,0xe0,0x11,0x00,0x00,0xd4,0x2b,0x00,0x00,
0x01,0x00,0x00,0x00,0x52,0x00,0x06,0x00,0x4a,0x00,0x00,0x00,0xd8,0x2b,0x00,0x00,
0xeb,0x11,0x00,0x00,0xd6,0x2b,0x00,0x00,0x02,0x00,0x00,0x00,0x7c,0x00,0x04,0x00,
0x2e,0x00,0x00,0x00,0x71,0x11,0x00,0x00,0x52,0x11,0x00,0x00,0x6f,0x00,0x04,0x00,
0x53,0x00,0x00,0x00,0x72,0x11,0x00,0x00,0x71,0x11,0x00,0x00,0x6e,0x00,0x04,0x00,
0x2e,0x00,0x00,0x00,0xfb,0x11,0x00,0x00,0x72,0x11,0x00,0x00,0x51,0x00,0x05,0x00,
0x13,0x00,0x00,0x00,0x22,0x12,0x00,0x00,0xfb,0x11,0x00,0x00,0x00,0x00,0x00,0x00,
0x0c,0x00,0x07,0x00,0x13,0x00,0x00,0x00,0x33,0x12,0x00,0x00,0x01,0x00,0x00,0x00,
0x27,0x00,0x00,0x00,0x22,0x12,0x00,0x00,0xe1,0x09,0x00,0x00,0x0c,0x00,0x07,0x00,
0x13,0x00,0x00,0x00,0x38,0x12,0x00,0x00,0x01,0x00,0x00,0x00,0x2a,0x00,0x00,0x00,
0x24,0x01,0x00,0x00,0x33,0x12,0x00,0x00,0x51,0x00,0x05,0x00,0x13,0x00,0x00,0x00,
0x2a,0x12,0x00,0x00,0xfb,0x11,0x00,0x00,0x01,0x00,0x00,0x00,0x0c,0x00,0x07,0x00,
0x13,0x00,0x00,0x00,0x3d,0x12,0x00,0x00,0x01,0x00,0x00,0x00,0x27,0x00,0x00,0x00,
0x2a,0x12,0x00,0x00,0xe9,0x09,0x00,0x00,0x0c,0x00,0x07,0x00,0x13,0x00,0x00,0x00,
0x42,0x12,0x00,0x00,0x01,0x00,0x00,0x00,0x2a,0x00,0x00,0x00,0x24,0x01,0x00,0x00,
0x3d,0x12,0x00,0x00,0x50,0x00,0x05,0x00,0x2e,0x00,0x00,0x00,0xf5,0x2c,0x00,0x00,
0x38,0x12,0x00,0x00,0x42,0x12,0x00,0x00,0x3d,0x00,0x04,0x00,0x7d,0x01,0x00,0x00,
0x45,0x12,0x00,0x00,0x8f,0x01,0x00,0x00,0x5f,0x00,0x07,0x00,0x4a,0x00,0x00,0x00,
0x47,0x12,0x00,0x00,0x45,0x12,0x00,0x00,0xf5,0x2c,0x00,0x00,0x02,0x00,0x00,0x00,
0x24,0x01,0x00,0x00,0x51,0x00,0x05,0x00,0x1a,0x00,0x00,0x00,0x48,0x12,0x00,0x00,
0x47,0x12,0x00,0x00,0x00,0x00,0x00,0x00,0x0c,0x00,0x06,0x00,0x1a,0x00,0x00,0x00,
0x01,0x12,0x00,0x00,0x01,0x00,0x00,0x00,0x1c,0x00,0x00,0x00,0x48,0x12,0x00,0x00,
0x0c,0x00,0x07,0x00,0x1a,0x00,0x00,0x00,0x4d,0x12,0x00,0x00,0x01,0x00,0x00,0x00,
0x28,0x00,0x00,0x00,0x74,0x02,0x00,0x00,0x01,0x12,0x00,0x00,0x3d,0x00,0x04,0x00,
0x7d,0x01,0x00,0x00,0x50,0x12,0x00,0x00,0x7f,0x01,0x00,0x00,0x5f,0x00,0x07,0x00,
0x4a,0x00,0x00,0x00,0x52,0x12,0x00,0x00,0x50,0x12,0x00,0x00,0xf5,0x2c,0x00,0x00,
0x02,0x00,0x00,0x00,0x24,0x01,0x00,0x00,0x51,0x00,0x05,0x00,0x1a,0x00,0x00,0x00,
0x53,0x12,0x00,0x00,0x52,0x12,0x00,0x00,0x00,0x00,0x00,0x00,0x52,0x00,0x06,0x00,
0x4a,0x00,0x00,0x00,0xe2,0x2b,0x00,0x00,0x4d,0x12,0x00,0x00,0x7f,0x02,0x00,0x00,
0x00,0x00,0x00,0x00,0x52,0x00,0x06,0x00,0x4a,0x00,0x00,0x00,0xe4,0x2b,0x00,0x00,
0x48,0x12,0x00,0x00,0xe2,0x2b,0x00,0x00,0x01,0x00,0x00,0x00,0x52,0x00,0x06,0x00,
0x4a,0x00,0x00,0x00,0xe6,0x2b,0x00,0x00,0x53,0x12,0x00,0x00,0xe4,0x2b,0x00,0x00,
0x02,0x00,0x00,0x00,0x7c,0x00,0x04,0x00,0x2e,0x00,0x00,0x00,0x76,0x11,0x00,0x00,
0x54,0x11,0x00,0x00,0x6f,0x00,0x04,0x00,0x53,0x00,0x00,0x00,0x77,0x11,0x00,0x00,
0x76,0x11,0x00,0x00,0x6e,0x00,0x04,0x00,0x2e,0x00,0x00,0x00,0x63,0x12,0x00,0x00,
0x77,0x11,0x00,0x00,0x51,0x00,0x05,0x00,0x13,0x00,0x00,0x00,0x8a,0x12,0x00,0x00,
0x63,0x12,0x00,0x00,0x00,0x00,0x00,0x00,0x0c,0x00,0x07,0x00,0x13,0x00,0x00,0x00,
0x9b,0x12,0x00,0x00,0x01,0x00,0x00,0x00,0x27,0x00,0x00,0x00,0x8a,0x12,0x00,0x00,
0xe1,0x09,0x00,0x00,0x0c,0x00,0x07,0x00,0x13,0x00,0x00,0x00,0xa0,0x12,0x00,0x00,
0x01,0x00,0x00,0x00,0x2a,0x00,0x00,0x00,0x24,0x01,0x00,0x00,0x9b,0x12,0x00,0x00,
0x51,0x00,0x05,0x00,0x13,0x00,0x00,0x00,0x92,0x12,0x00,0x00,0x63,0x12,0x00,0x00,
0x01,0x00,0x00,0x00,0x0c,0x00,0x07,0x00,0x13,0x00,0x00,0x00,0xa5,0x12,0x00,0x00,
0x01,0x00,0x00,0x00,0x27,0x00,0x00,0x00,0x92,0x12,0x00,0x00,0xe9,0x09,0x00,0x00,
0x0c,0x00,0x07,0x00,0x13,0x00,0x00,0x00,0xaa,0x12,0x00,0x00,0x01,0x00,0x00,0x00,
0x2a,0x00,0x00,0x00,0x24,0x01,0x00,0x00,0xa5,0x12,0x00,0x00,0x50,0x00,0x05,0x00,
0x2e,0x00,0x00,0x00,0xf6,0x2c,0x00,0x00,0xa0,0x12,0x00,0x00,0xaa,0x12,0x00,0x00,
0x3d,0x00,0x04,0x00,0x7d,0x01,0x00,0x00,0xad,0x12,0x00,0x00,0x8f,0x01,0x00,0x00,
0x5f,0x00,0x07,0x00,0x4a,0x00,0x00,0x00,0xaf,0x12,0x00,0x00,0xad,0x12,0x00,0x00,
0xf6,0x2c,0x00,0x00,0x02,0x00,0x00,0x00,0x24,0x01,0x00,0x00,0x51,0x00,0x05,0x00,
0x1a,0x00,0x00,0x00,0xb0,0x12,0x00,0x00,0xaf,0x12,0x00,0x00,0x00,0x00,0x00,0x00,
0x0c,0x00,0x06,0x00,0x1a,0x00,0x00,0x00,0x69,0x12,0x00,0x00,0x01,0x00,0x00,0x00,
0x1c,0x00,0x00,0x00,0xb0,0x12,0x00,0x00,0x0c,0x00,0x07,0x00,0x1a,0x00,0x00,0x00,
0xb5,0x12,0x00,0x00,0x01,0x00,0x00,0x00,0x28,0x00,0x00,0x00,0x74,0x02,0x00,0x00,
0x69,0x12,0x00,0x00,0x3d,0x00,0x04,0x00,0x7d,0x01,0x00,0x00,0xb8,0x12,0x00,0x00,
0x7f,0x01,0x00,0x00,0x5f,0x00,0x07,0x00,0x4a,0x00,0x00,0x00,0xba,0x12,0x00,0x00,
0xb8,0x12,0x00,0x00,0xf6,0x2c,0x00,0x00,0x02,0x00,0x00,0x00,0x24,0x01,0x00,0x00,
0x51,0x00,0x05,0x00,0x1a,0x00,0x00,0x00,0xbb,0x12,0x00,0x00,0xba,0x12,0x00,0x00,
0x00,0x00,0x00,0x00,0x52,0x00,0x06,0x00,0x4a,0x00,0x00,0x00,0xf0,0x2b,0x00,0x00,
0xb5,0x12,0x00,0x00,0x7f,0x02,0x00,0x00,0x00,0x00,0x00,0x00,0x52,0x00,0x06,0x00,
0x4a,0x00,0x00,0x00,0xf2,0x2b,0x00,0x00,0xb0,0x12,0x00,0x00,0xf0,0x2b,0x00,0x00,
0x01,0x00,0x00,0x00,0x52,0x00,0x06,0x00,0x4a,0x00,0x00,0x00,0xf4,0x2b,0x00,0x00,
0xbb,0x12,0x00,0x00,0xf2,0x2b,0x00,0x00,0x02,0x00,0x00,0x00,0x7c,0x00,0x04,0x00,
0x2e,0x00,0x00,0x00,0x7b,0x11,0x00,0x00,0x56,0x11,0x00,0x00,0x6f,0x00,0x04,0x00,
0x53,0x00,0x00,0x00,0x7c,0x11,0x00,0x00,0x7b,0x11,0x00,0x00,0x6e,0x00,0x04,0x00,
0x2e,0x00,0x00,0x00,0xcb,0x12,0x00,0x00,0x7c,0x11,0x00,0x00,0x51,0x00,0x05,0x00,
0x13,0x00,0x00,0x00,0xf2,0x12,0x00,0x00,0xcb,0x12,0x00,0x00,0x00,0x00,0x00,0x00,
0x0c,0x00,0x07,0x00,0x13,0x00,0x00,0x00,0x03,0x13,0x00,0x00,0x01,0x00,0x00,0x00,
0x27,0x00,0x00,0x00,0xf2,0x12,0x00,0x00,0xe1,0x09,0x00,0x00,0x0c,0x00,0x07,0x00,
0x13,0x00,0x00,0x00,0x08,0x13,0x00,0x00,0x01,0x00,0x00,0x00,0x2a,0x00,0x00,0x00,
0x24,0x01,0x00,0x00,0x03,0x13,0x00,0x00,0x51,0x00,0x05,0x00,0x13,0x00,0x00,0x00,
0xfa,0x12,0x00,0x00,0xcb,0x12,0x00,0x00,0x01,0x00,0x00,0x00,0x0c,0x00,0x07,0x00,
0x13,0x00,0x00,0x00,0x0d,0x13,0x00,0x00,0x01,0x00,0x00,0x00,0x27,0x00,0x00,0x00,
0xfa,0x12,0x00,0x00,0xe9,0x09,0x00,0x00,0x0c,0x00,0x07,0x00,0x13,0x00,0x00,0x00,
0x12,0x13,0x00,0x00,0x01,0x00,0x00,0x00,0x2a,0x00,0x00,0x00,0x24,0x01,0x00,0x00,
0x0d,0x13,0x00,0x00,0x50,0x00,0x05,0x00,0x2e,0x00,0x00,0x00,0xf7,0x2c,0x00,0x00,
0x08,0x13,0x00,0x00,0x12,0x13,0x00,0x00,0x3d,0x00,0x04,0x00,0x7d,0x01,0x00,0x00,
0x15,0x13,0x00,0x00,0x8f,0x01,0x00,0x00,0x5f,0x00,0x07,0x00,0x4a,0x00,0x00,0x00,
0x17,0x13,0x00,0x00,0x15,0x13,0x00,0x00,0xf7,0x2c,0x00,0x00,0x02,0x00,0x00,0x00,
0x24,0x01,0x00,0x00,0x51,0x00,0x05,0x00,0x1a,0x00,0x00,0x00,0x18,0x13,0x00,0x00,
0x17,0x13,0x00,0x00,0x00,0x00,0x00,0x00,0x0c,0x00,0x06,0x00,0x1a,0x00,0x00,0x00,
0xd1,0x12,0x00,0x00,0x01,0x00,0x00,0x00,0x1c,0x00,0x00,0x00,0x18,0x13,0x00,0x00,
0x0c,0x00,0x07,0x00,0x1a,0x00,0x00,0x00,0x1d,0x13,0x00,0x00,0x01,0x00,0x00,0x00,
0x28,0x00,0x00,0x00,0x74,0x02,0x00,0x00,0xd1,0x12,0x00,0x00,0x3d,0x00,0x04,0x00,
0x7d,0x01,0x00,0x00,0x20,0x13,0x00,0x00,0x7f,0x01,0x00,0x00,0x5f,0x00,0x07,0x00,
0x4a,0x00,0x00,0x00,0x22,0x13,0x00,0x00,0x20,0x13,0x00,0x00,0xf7,0x2c,0x00,0x00,
0x02,0x00,0x00,0x00,0x24,0x01,0x00,0x00,0x51,0x00,0x05,0x00,0x1a,0x00,0x00,0x00,
0x23,0x13,0x00,0x00,0x22,0x13,0x00,0x00,0x00,0x00,0x00,0x00,0x52,0x00,0x06,0x00,
0x4a,0x00,0x00,0x00,0xfe,0x2b,0x00,0x00,0x1d,0x13,0x00,0x00,0x7f,0x02,0x00,0x00,
0x00,0x00,0x00,0x00,0x52,0x00,0x06,0x00,0x4a,0x00,0x00,0x00,0x00,0x2c,0x00,0x00,
0x18,0x13,0x00,0x00,0xfe,0x2b,0x00,0x00,0x01,0x00,0x00,0x00,0x52,0x00,0x06,0x00,
0x4a,0x00,0x00,0x00,0x02,0x2c,0x00,0x00,0x23,0x13,0x00,0x00,0x00,0x2c,0x00,0x00,
0x02,0x00,0x00,0x00,0x81,0x00,0x05,0x00,0x4a,0x00,0x00,0x00,0x28,0x13,0x00,0x00,
0xd8,0x2b,0x00,0x00,0xe6,0x2b,0x00,0x00,0x81,0x00,0x05,0x00,0x4a,0x00,0x00,0x00,
0x2a,0x13,0x00,0x00,0x28,0x13,0x00,0x00,0xf4,0x2b,0x00,0x00,0x81,0x00,0x05,0x00,
0x4a,0x00,0x00,0x00,0x2c,0x13,0x00,0x00,0x2a,0x13,0x00,0x00,0x02,0x2c,0x00,0x00,
0x8e,0x00,0x05,0x00,0x4a,0x00,0x00,0x00,0x2d,0x13,0x00,0x00,0x2c,0x13,0x00,0x00,
0x99,0x02,0x00,0x00,0x51,0x00,0x05,0x00,0x1a,0x00,0x00,0x00,0x4a,0x13,0x00,0x00,
0x2d,0x13,0x00,0x00,0x02,0x00,0x00,0x00,0x3d,0x00,0x04,0x00,0x87,0x01,0x00,0x00,
0xb7,0x13,0x00,0x00,0x89,0x01,0x00,0x00,0x50,0x00,0x07,0x00,0x4a,0x00,0x00,0x00,
0xba,0x13,0x00,0x00,0x4a,0x13,0x00,0x00,0x8d,0x01,0x00,0x00,0x8d,0x01,0x00,0x00,
0x8d,0x01,0x00,0x00,0x63,0x00,0x04,0x00,0xb7,0x13,0x00,0x00,0xe8,0x08,0x00,0x00,
0xba,0x13,0x00,0x00,0xf7,0x00,0x03,0x00,0x78,0x13,0x00,0x00,0x00,0x00,0x00,0x00,
0xfa,0x00,0x04,0x00,0x7a,0x0b,0x00,0x00,0x52,0x13,0x00,0x00,0x78,0x13,0x00,0x00,
0xf8,0x00,0x02,0x00,0x52,0x13,0x00,0x00,0xaa,0x00,0x05,0x00,0xbb,0x02,0x00,0x00,
0x54,0x13,0x00,0x00,0xe8,0x08,0x00,0x00,0x9a,0x01,0x00,0x00,0x9b,0x00,0x04,0x00,
0x9d,0x00,0x00,0x00,0x55,0x13,0x00,0x00,0x54,0x13,0x00,0x00,0xf7,0x00,0x03,0x00,
0x77,0x13,0x00,0x00,0x00,0x00,0x00,0x00,0xfa,0x00,0x04,0x00,0x55,0x13,0x00,0x00,
0x56,0x13,0x00,0x00,0x77,0x13,0x00,0x00,0xf8,0x00,0x02,0x00,0x56,0x13,0x00,0x00,
0x3d,0x00,0x04,0x00,0x96,0x01,0x00,0x00,0xc1,0x13,0x00,0x00,0x98,0x01,0x00,0x00,
0x62,0x00,0x05,0x00,0x4a,0x00,0x00,0x00,0xc2,0x13,0x00,0x00,0xc1,0x13,0x00,0x00,
0x9a,0x01,0x00,0x00,0x51,0x00,0x05,0x00,0x1a,0x00,0x00,0x00,0x59,0x13,0x00,0x00,
0x2d,0x13,0x00,0x00,0x01,0x00,0x00,0x00,0x51,0x00,0x05,0x00,0x1a,0x00,0x00,0x00,
0x5b,0x13,0x00,0x00,0xc2,0x13,0x00,0x00,0x01,0x00,0x00,0x00,0x51,0x00,0x05,0x00,
0x1a,0x00,0x00,0x00,0x5d,0x13,0x00,0x00,0x2d,0x13,0x00,0x00,0x00,0x00,0x00,0x00,
0xb8,0x00,0x05,0x00,0x9d,0x00,0x00,0x00,0x5f,0x13,0x00,0x00,0x5b,0x13,0x00,0x00,
0xcc,0x02,0x00,0x00,0xf7,0x00,0x03,0x00,0x6d,0x13,0x00,0x00,0x00,0x00,0x00,0x00,
0xfa,0x00,0x04,0x00,0x5f,0x13,0x00,0x00,0x60,0x13,0x00,0x00,0x6d,0x13,0x00,0x00,
0xf8,0x00,0x02,0x00,0x60,0x13,0x00,0x00,0x83,0x00,0x05,0x00,0x1a,0x00,0x00,0x00,
0x64,0x13,0x00,0x00,0x5d,0x13,0x00,0x00,0x5b,0x13,0x00,0x00,0x41,0x00,0x05,0x00,
0x65,0x01,0x00,0x00,0xc5,0x13,0x00,0x00,0x5e,0x01,0x00,0x00,0x64,0x01,0x00,0x00,
0x3d,0x00,0x04,0x00,0x1a,0x00,0x00,0x00,0xc6,0x13,0x00,0x00,0xc5,0x13,0x00,0x00,
0x7f,0x00,0x04,0x00,0x1a,0x00,0x00,0x00,0x66,0x13,0x00,0x00,0xc6,0x13,0x00,0x00,
0x0c,0x00,0x06,0x00,0x1a,0x00,0x00,0x00,0x67,0x13,0x00,0x00,0x01,0x00,0x00,0x00,
0x1b,0x00,0x00,0x00,0x66,0x13,0x00,0x00,0x83,0x00,0x05,0x00,0x1a,0x00,0x00,0x00,
0x68,0x13,0x00,0x00,0x58,0x02,0x00,0x00,0x67,0x13,0x00,0x00,0x85,0x00,0x05,0x00,
0x1a,0x00,0x00,0x00,0x69,0x13,0x00,0x00,0x64,0x13,0x00,0x00,0x68,0x13,0x00,0x00,
0x81,0x00,0x05,0x00,0x1a,0x00,0x00,0x00,0x6a,0x13,0x00,0x00,0x5b,0x13,0x00,0x00,
0x69,0x13,0x00,0x00,0x0c,0x00,0x07,0x00,0x1a,0x00,0x00,0x00,0xcb,0x13,0x00,0x00,
0x01,0x00,0x00,0x00,0x28,0x00,0x00,0x00,0x8d,0x01,0x00,0x00,0x6a,0x13,0x00,0x00,
0xf9,0x00,0x02,0x00,0x6d,0x13,0x00,0x00,0xf8,0x00,0x02,0x00,0x6d,0x13,0x00,0x00,
0xf5,0x00,0x07,0x00,0x1a,0x00,0x00,0x00,0x06,0x2d,0x00,0x00,0x5d,0x13,0x00,0x00,
0x56,0x13,0x00,0x00,0xcb,0x13,0x00,0x00,0x60,0x13,0x00,0x00,0x0c,0x00,0x06,0x00,
0x1a,0x00,0x00,0x00,0xd3,0x13,0x00,0x00,0x01,0x00,0x00,0x00,0x1b,0x00,0x00,0x00,
0x06,0x2d,0x00,0x00,0x85,0x00,0x05,0x00,0x1a,0x00,0x00,0x00,0xd6,0x13,0x00,0x00,
0xd3,0x13,0x00,0x00,0xea,0x2c,0x00,0x00,0x0c,0x00,0x06,0x00,0x1a,0x00,0x00,0x00,
0xd7,0x13,0x00,0x00,0x01,0x00,0x00,0x00,0x1e,0x00,0x00,0x00,0xd6,0x13,0x00,0x00,
0x0c,0x00,0x07,0x00,0x1a,0x00,0x00,0x00,0xe1,0x13,0x00,0x00,0x01,0x00,0x00,0x00,
0x1a,0x00,0x00,0x00,0x52,0x02,0x00,0x00,0xd7,0x13,0x00,0x00,0x88,0x00,0x05,0x00,
0x1a,0x00,0x00,0x00,0xdc,0x13,0x00,0x00,0xeb,0x2c,0x00,0x00,0xe1,0x13,0x00,0x00,
0x52,0x00,0x06,0x00,0x4a,0x00,0x00,0x00,0x08,0x2c,0x00,0x00,0xdc,0x13,0x00,0x00,
0xc2,0x13,0x00,0x00,0x00,0x00,0x00,0x00,0x52,0x00,0x06,0x00,0x4a,0x00,0x00,0x00,
0x0a,0x2c,0x00,0x00,0x06,0x2d,0x00,0x00,0x08,0x2c,0x00,0x00,0x01,0x00,0x00,0x00,
0x52,0x00,0x06,0x00,0x4a,0x00,0x00,0x00,0x0c,0x2c,0x00,0x00,0x59,0x13,0x00,0x00,
0x0a,0x2c,0x00,0x00,0x02,0x00,0x00,0x00,0x3d,0x00,0x04,0x00,0x96,0x01,0x00,0x00,
0xe3,0x13,0x00,0x00,0x98,0x01,0x00,0x00,0x63,0x00,0x04,0x00,0xe3,0x13,0x00,0x00,
0x9a,0x01,0x00,0x00,0x0c,0x2c,0x00,0x00,0xf9,0x00,0x02,0x00,0x77,0x13,0x00,0x00,
0xf8,0x00,0x02,0x00,0x77,0x13,0x00,0x00,0xf9,0x00,0x02,0x00,0x78,0x13,0x00,0x00,
0xf8,0x00,0x02,0x00,0x78,0x13,0x00,0x00,0xb2,0x00,0x05,0x00,0x9d,0x00,0x00,0x00,
0xf4,0x08,0x00,0x00,0x6e,0x07,0x00,0x00,0x45,0x01,0x00,0x00,0xf7,0x00,0x03,0x00,
0xf6,0x08,0x00,0x00,0x00,0x00,0x00,0x00,0xfa,0x00,0x04,0x00,0xf4,0x08,0x00,0x00,
0xf5,0x08,0x00,0x00,0xf6,0x08,0x00,0x00,0xf8,0x00,0x02,0x00,0xf5,0x08,0x00,0x00,
0xf9,0x00,0x02,0x00,0x70,0x09,0x00,0x00,0xf8,0x00,0x02,0x00,0xf6,0x08,0x00,0x00,
0x6e,0x01,0x06,0x00,0x4a,0x00,0x00,0x00,0xf1,0x13,0x00,0x00,0x3f,0x01,0x00,0x00,
0x56,0x0b,0x00,0x00,0x83,0x01,0x00,0x00,0x6e,0x01,0x06,0x00,0x4a,0x00,0x00,0x00,
0xf3,0x13,0x00,0x00,0x3f,0x01,0x00,0x00,0x56,0x0b,0x00,0x00,0x45,0x01,0x00,0x00,
0x6e,0x01,0x06,0x00,0x4a,0x00,0x00,0x00,0xf5,0x13,0x00,0x00,0x3f,0x01,0x00,0x00,
0x56,0x0b,0x00,0x00,0x3e,0x01,0x00,0x00,0x81,0x00,0x05,0x00,0x4a,0x00,0x00,0x00,
0xff,0x13,0x00,0x00,0x56,0x0b,0x00,0x00,0xf1,0x13,0x00,0x00,0x81,0x00,0x05,0x00,
0x4a,0x00,0x00,0x00,0x01,0x14,0x00,0x00,0xff,0x13,0x00,0x00,0xf3,0x13,0x00,0x00,
0x81,0x00,0x05,0x00,0x4a,0x00,0x00,0x00,0x03,0x14,0x00,0x00,0x01,0x14,0x00,0x00,
0xf5,0x13,0x00,0x00,0x8e,0x00,0x05,0x00,0x4a,0x00,0x00,0x00,0x04,0x14,0x00,0x00,
0x03,0x14,0x00,0x00,0x99,0x02,0x00,0x00,0x6e,0x01,0x06,0x00,0x4a,0x00,0x00,0x00,
0x11,0x14,0x00,0x00,0x3f,0x01,0x00,0x00,0xf3,0x0d,0x00,0x00,0x83,0x01,0x00,0x00,
0x6e,0x01,0x06,0x00,0x4a,0x00,0x00,0x00,0x13,0x14,0x00,0x00,0x3f,0x01,0x00,0x00,
0xf3,0x0d,0x00,0x00,0x45,0x01,0x00,0x00,0x6e,0x01,0x06,0x00,0x4a,0x00,0x00,0x00,
0x15,0x14,0x00,0x00,0x3f,0x01,0x00,0x00,0xf3,0x0d,0x00,0x00,0x3e,0x01,0x00,0x00,
0x81,0x00,0x05,0x00,0x4a,0x00,0x00,0x00,0x1f,0x14,0x00,0x00,0xf3,0x0d,0x00,0x00,
0x11,0x14,0x00,0x00,0x81,0x00,0x05,0x00,0x4a,0x00,0x00,0x00,0x21,0x14,0x00,0x00,
0x1f,0x14,0x00,0x00,0x13,0x14,0x00,0x00,0x81,0x00,0x05,0x00,0x4a,0x00,0x00,0x00,
0x23,0x14,0x00,0x00,0x21,0x14,0x00,0x00,0x15,0x14,0x00,0x00,0x8e,0x00,0x05,0x00,
0x4a,0x00,0x00,0x00,0x24,0x14,0x00,0x00,0x23,0x14,0x00,0x00,0x99,0x02,0x00,0x00,
0x6e,0x01,0x06,0x00,0x4a,0x00,0x00,0x00,0x31,0x14,0x00,0x00,0x3f,0x01,0x00,0x00,
0x90,0x10,0x00,0x00,0x83,0x01,0x00,0x00,0x6e,0x01,0x06,0x00,0x4a,0x00,0x00,0x00,
0x33,0x14,0x00,0x00,0x3f,0x01,0x00,0x00,0x90,0x10,0x00,0x00,0x45,0x01,0x00,0x00,
0x6e,0x01,0x06,0x00,0x4a,0x00,0x00,0x00,0x35,0x14,0x00,0x00,0x3f,0x01,0x00,0x00,
0x90,0x10,0x00,0x00,0x3e,0x01,0x00,0x00,0x81,0x00,0x05,0x00,0x4a,0x00,0x00,0x00,
0x3f,0x14,0x00,0x00,0x90,0x10,0x00,0x00,0x31,0x14,0x00,0x00,0x81,0x00,0x05,0x00,
0x4a,0x00,0x00,0x00,0x41,0x14,0x00,0x00,0x3f,0x14,0x00,0x00,0x33,0x14,0x00,0x00,
0x81,0x00,0x05,0x00,0x4a,0x00,0x00,0x00,0x43,0x14,0x00,0x00,0x41,0x14,0x00,0x00,
0x35,0x14,0x00,0x00,0x8e,0x00,0x05,0x00,0x4a,0x00,0x00,0x00,0x44,0x14,0x00,0x00,
0x43,0x14,0x00,0x00,0x99,0x02,0x00,0x00,0x6e,0x01,0x06,0x00,0x4a,0x00,0x00,0x00,
0x51,0x14,0x00,0x00,0x3f,0x01,0x00,0x00,0x2d,0x13,0x00,0x00,0x83,0x01,0x00,0x00,
0x6e,0x01,0x06,0x00,0x4a,0x00,0x00,0x00,0x53,0x14,0x00,0x00,0x3f,0x01,0x00,0x00,
0x2d,0x13,0x00,0x00,0x45,0x01,0x00,0x00,0x6e,0x01,0x06,0x00,0x4a,0x00,0x00,0x00,
0x55,0x14,0x00,0x00,0x3f,0x01,0x00,0x00,0x2d,0x13,0x00,0x00,0x3e,0x01,0x00,0x00,
0x81,0x00,0x05,0x00,0x4a,0x00,0x00,0x00,0x5f,0x14,0x00,0x00,0x2d,0x13,0x00,0x00,
0x51,0x14,0x00,0x00,0x81,0x00,0x05,0x00,0x4a,0x00,0x00,0x00,0x61,0x14,0x00,0x00,
0x5f,0x14,0x00,0x00,0x53,0x14,0x00,0x00,0x81,0x00,0x05,0x00,0x4a,0x00,0x00,0x00,
0x63,0x14,0x00,0x00,0x61,0x14,0x00,0x00,0x55,0x14,0x00,0x00,0x8e,0x00,0x05,0x00,
0x4a,0x00,0x00,0x00,0x64,0x14,0x00,0x00,0x63,0x14,0x00,0x00,0x99,0x02,0x00,0x00,
0x89,0x00,0x05,0x00,0x06,0x00,0x00,0x00,0x08,0x09,0x00,0x00,0x37,0x07,0x00,0x00,
0xcb,0x01,0x00,0x00,0xaa,0x00,0x05,0x00,0x9d,0x00,0x00,0x00,0x09,0x09,0x00,0x00,
0x08,0x09,0x00,0x00,0x83,0x01,0x00,0x00,0xf7,0x00,0x03,0x00,0x6f,0x09,0x00,0x00,
0x00,0x00,0x00,0x00,0xfa,0x00,0x04,0x00,0x09,0x09,0x00,0x00,0x0a,0x09,0x00,0x00,
0x6f,0x09,0x00,0x00,0xf8,0x00,0x02,0x00,0x0a,0x09,0x00,0x00,0x84,0x00,0x05,0x00,
0x29,0x00,0x00,0x00,0x0d,0x09,0x00,0x00,0x7f,0x07,0x00,0x00,0xf8,0x2c,0x00,0x00,
0x7c,0x00,0x04,0x00,0x2e,0x00,0x00,0x00,0x0e,0x09,0x00,0x00,0x0d,0x09,0x00,0x00,
0x86,0x00,0x05,0x00,0x06,0x00,0x00,0x00,0x10,0x09,0x00,0x00,0xb1,0x07,0x00,0x00,
0x3e,0x01,0x00,0x00,0x7c,0x00,0x04,0x00,0x13,0x00,0x00,0x00,0x11,0x09,0x00,0x00,
0x10,0x09,0x00,0x00,0x86,0x00,0x05,0x00,0x06,0x00,0x00,0x00,0x13,0x09,0x00,0x00,
0xb7,0x07,0x00,0x00,0x3e,0x01,0x00,0x00,0x7c,0x00,0x04,0x00,0x13,0x00,0x00,0x00,
0x14,0x09,0x00,0x00,0x13,0x09,0x00,0x00,0x50,0x00,0x05,0x00,0x2e,0x00,0x00,0x00,
0x15,0x09,0x00,0x00,0x11,0x09,0x00,0x00,0x14,0x09,0x00,0x00,0x80,0x00,0x05,0x00,
0x2e,0x00,0x00,0x00,0x16,0x09,0x00,0x00,0x0e,0x09,0x00,0x00,0x15,0x09,0x00,0x00,
0xaa,0x00,0x05,0x00,0x9d,0x00,0x00,0x00,0x88,0x14,0x00,0x00,0x45,0x01,0x00,0x00,
0x79,0x0b,0x00,0x00,0xf7,0x00,0x03,0x00,0xaf,0x14,0x00,0x00,0x00,0x00,0x00,0x00,
0xfa,0x00,0x04,0x00,0x88,0x14,0x00,0x00,0x89,0x14,0x00,0x00,0xaf,0x14,0x00,0x00,
0xf8,0x00,0x02,0x00,0x89,0x14,0x00,0x00,0xaa,0x00,0x05,0x00,0xbb,0x02,0x00,0x00,
0x8b,0x14,0x00,0x00,0x16,0x09,0x00,0x00,0x9a,0x01,0x00,0x00,0x9b,0x00,0x04,0x00,
0x9d,0x00,0x00,0x00,0x8c,0x14,0x00,0x00,0x8b,0x14,0x00,0x00,0xf7,0x00,0x03,0x00,
0xae,0x14,0x00,0x00,0x00,0x00,0x00,0x00,0xfa,0x00,0x04,0x00,0x8c,0x14,0x00,0x00,
0x8d,0x14,0x00,0x00,0xae,0x14,0x00,0x00,0xf8,0x00,0x02,0x00,0x8d,0x14,0x00,0x00,
0x3d,0x00,0x04,0x00,0x96,0x01,0x00,0x00,0xf8,0x14,0x00,0x00,0x98,0x01,0x00,0x00,
0x62,0x00,0x05,0x00,0x4a,0x00,0x00,0x00,0xf9,0x14,0x00,0x00,0xf8,0x14,0x00,0x00,
0x9a,0x01,0x00,0x00,0x51,0x00,0x05,0x00,0x1a,0x00,0x00,0x00,0x90,0x14,0x00,0x00,
0x04,0x14,0x00,0x00,0x01,0x00,0x00,0x00,0x51,0x00,0x05,0x00,0x1a,0x00,0x00,0x00,
0x92,0x14,0x00,0x00,0xf9,0x14,0x00,0x00,0x01,0x00,0x00,0x00,0x51,0x00,0x05,0x00,
0x1a,0x00,0x00,0x00,0x94,0x14,0x00,0x00,0x04,0x14,0x00,0x00,0x00,0x00,0x00,0x00,
0xb8,0x00,0x05,0x00,0x9d,0x00,0x00,0x00,0x96,0x14,0x00,0x00,0x92,0x14,0x00,0x00,
0xcc,0x02,0x00,0x00,0xf7,0x00,0x03,0x00,0xa4,0x14,0x00,0x00,0x00,0x00,0x00,0x00,
0xfa,0x00,0x04,0x00,0x96,0x14,0x00,0x00,0x97,0x14,0x00,0x00,0xa4,0x14,0x00,0x00,
0xf8,0x00,0x02,0x00,0x97,0x14,0x00,0x00,0x83,0x00,0x05,0x00,0x1a,0x00,0x00,0x00,
0x9b,0x14,0x00,0x00,0x94,0x14,0x00,0x00,0x92,0x14,0x00,0x00,0x41,0x00,0x05,0x00,
0x65,0x01,0x00,0x00,0xfc,0x14,0x00,0x00,0x5e,0x01,0x00,0x00,0x64,0x01,0x00,0x00,
0x3d,0x00,0x04,0x00,0x1a,0x00,0x00,0x00,0xfd,0x14,0x00,0x00,0xfc,0x14,0x00,0x00,
0x7f,0x00,0x04,0x00,0x1a,0x00,0x00,0x00,0x9d,0x14,0x00,0x00,0xfd,0x14,0x00,0x00,
0x0c,0x00,0x06,0x00,0x1a,0x00,0x00,0x00,0x9e,0x14,0x00,0x00,0x01,0x00,0x00,0x00,
0x1b,0x00,0x00,0x00,0x9d,0x14,0x00,0x00,0x83,0x00,0x05,0x00,0x1a,0x00,0x00,0x00,
0x9f,0x14,0x00,0x00,0x58,0x02,0x00,0x00,0x9e,0x14,0x00,0x00,0x85,0x00,0x05,0x00,
0x1a,0x00,0x00,0x00,0xa0,0x14,0x00,0x00,0x9b,0x14,0x00,0x00,0x9f,0x14,0x00,0x00,
0x81,0x00,0x05,0x00,0x1a,0x00,0x00,0x00,0xa1,0x14,0x00,0x00,0x92,0x14,0x00,0x00,
0xa0,0x14,0x00,0x00,0x0c,0x00,0x07,0x00,0x1a,0x00,0x00,0x00,0x02,0x15,0x00,0x00,
0x01,0x00,0x00,0x00,0x28,0x00,0x00,0x00,0x8d,0x01,0x00,0x00,0xa1,0x14,0x00,0x00,
0xf9,0x00,0x02,0x00,0xa4,0x14,0x00,0x00,0xf8,0x00,0x02,0x00,0xa4,0x14,0x00,0x00,
0xf5,0x00,0x07,0x00,0x1a,0x00,0x00,0x00,0x26,0x2d,0x00,0x00,0x94,0x14,0x00,0x00,
0x8d,0x14,0x00,0x00,0x02,0x15,0x00,0x00,0x97,0x14,0x00,0x00,0x0c,0x00,0x06,0x00,
0x1a,0x00,0x00,0x00,0x0a,0x15,0x00,0x00,0x01,0x00,0x00,0x00,0x1b,0x00,0x00,0x00,
0x26,0x2d,0x00,0x00,0x85,0x00,0x05,0x00,0x1a,0x00,0x00,0x00,0x0d,0x15,0x00,0x00,
0x0a,0x15,0x00,0x00,0xea,0x2c,0x00,0x00,0x0c,0x00,0x06,0x00,0x1a,0x00,0x00,0x00,
0x0e,0x15,0x00,0x00,0x01,0x00,0x00,0x00,0x1e,0x00,0x00,0x00,0x0d,0x15,0x00,0x00,
0x0c,0x00,0x07,0x00,0x1a,0x00,0x00,0x00,0x18,0x15,0x00,0x00,0x01,0x00,0x00,0x00,
0x1a,0x00,0x00,0x00,0x52,0x02,0x00,0x00,0x0e,0x15,0x00,0x00,0x88,0x00,0x05,0x00,
0x1a,0x00,0x00,0x00,0x13,0x15,0x00,0x00,0xeb,0x2c,0x00,0x00,0x18,0x15,0x00,0x00,
0x52,0x00,0x06,0x00,0x4a,0x00,0x00,0x00,0x12,0x2c,0x00,0x00,0x13,0x15,0x00,0x00,
0xf9,0x14,0x00,0x00,0x00,0x00,0x00,0x00,0x52,0x00,0x06,0x00,0x4a,0x00,0x00,0x00,
0x14,0x2c,0x00,0x00,0x26,0x2d,0x00,0x00,0x12,0x2c,0x00,0x00,0x01,0x00,0x00,0x00,
0x52,0x00,0x06,0x00,0x4a,0x00,0x00,0x00,0x16,0x2c,0x00,0x00,0x90,0x14,0x00,0x00,
0x14,0x2c,0x00,0x00,0x02,0x00,0x00,0x00,0x3d,0x00,0x04,0x00,0x96,0x01,0x00,0x00,
0x1a,0x15,0x00,0x00,0x98,0x01,0x00,0x00,0x63,0x00,0x04,0x00,0x1a,0x15,0x00,0x00,
0x9a,0x01,0x00,0x00,0x16,0x2c,0x00,0x00,0xf9,0x00,0x02,0x00,0xae,0x14,0x00,0x00,
0xf8,0x00,0x02,0x00,0xae,0x14,0x00,0x00,0xf9,0x00,0x02,0x00,0xaf,0x14,0x00,0x00,
0xf8,0x00,0x02,0x00,0xaf,0x14,0x00,0x00,0x51,0x00,0x05,0x00,0x1a,0x00,0x00,0x00,
0x20,0x15,0x00,0x00,0x04,0x14,0x00,0x00,0x00,0x00,0x00,0x00,0x41,0x00,0x06,0x00,
0xf0,0x02,0x00,0x00,0x21,0x15,0x00,0x00,0xed,0x02,0x00,0x00,0x10,0x09,0x00,0x00,
0x13,0x09,0x00,0x00,0x3e,0x00,0x03,0x00,0x21,0x15,0x00,0x00,0x20,0x15,0x00,0x00,
0x51,0x00,0x05,0x00,0x1a,0x00,0x00,0x00,0x25,0x15,0x00,0x00,0x04,0x14,0x00,0x00,
0x01,0x00,0x00,0x00,0x41,0x00,0x06,0x00,0xf0,0x02,0x00,0x00,0x26,0x15,0x00,0x00,
0xf3,0x02,0x00,0x00,0x10,0x09,0x00,0x00,0x13,0x09,0x00,0x00,0x3e,0x00,0x03,0x00,
0x26,0x15,0x00,0x00,0x25,0x15,0x00,0x00,0x51,0x00,0x05,0x00,0x1a,0x00,0x00,0x00,
0x2a,0x15,0x00,0x00,0x04,0x14,0x00,0x00,0x02,0x00,0x00,0x00,0x41,0x00,0x06,0x00,
0xf0,0x02,0x00,0x00,0x2b,0x15,0x00,0x00,0xf8,0x02,0x00,0x00,0x10,0x09,0x00,0x00,
0x13,0x09,0x00,0x00,0x3e,0x00,0x03,0x00,0x2b,0x15,0x00,0x00,0x2a,0x15,0x00,0x00,
0x51,0x00,0x05,0x00,0x1a,0x00,0x00,0x00,0x2f,0x15,0x00,0x00,0x04,0x14,0x00,0x00,
0x03,0x00,0x00,0x00,0x41,0x00,0x06,0x00,0xf0,0x02,0x00,0x00,0x30,0x15,0x00,0x00,
0xfd,0x02,0x00,0x00,0x10,0x09,0x00,0x00,0x13,0x09,0x00,0x00,0x3e,0x00,0x03,0x00,
0x30,0x15,0x00,0x00,0x2f,0x15,0x00,0x00,0x80,0x00,0x05,0x00,0x06,0x00,0x00,0x00,
0x28,0x09,0x00,0x00,0x10,0x09,0x00,0x00,0xa3,0x04,0x00,0x00,0x7c,0x00,0x04,0x00,
0x13,0x00,0x00,0x00,0x29,0x09,0x00,0x00,0x28,0x09,0x00,0x00,0x50,0x00,0x05,0x00,
0x2e,0x00,0x00,0x00,0x2d,0x09,0x00,0x00,0x29,0x09,0x00,0x00,0x14,0x09,0x00,0x00,
0x80,0x00,0x05,0x00,0x2e,0x00,0x00,0x00,0x2e,0x09,0x00,0x00,0x0e,0x09,0x00,0x00,
0x2d,0x09,0x00,0x00,0xf7,0x00,0x03,0x00,0x7b,0x15,0x00,0x00,0x00,0x00,0x00,0x00,
0xfa,0x00,0x04,0x00,0x88,0x14,0x00,0x00,0x55,0x15,0x00,0x00,0x7b,0x15,0x00,0x00,
0xf8,0x00,0x02,0x00,0x55,0x15,0x00,0x00,0xaa,0x00,0x05,0x00,0xbb,0x02,0x00,0x00,
0x57,0x15,0x00,0x00,0x2e,0x09,0x00,0x00,0x9a,0x01,0x00,0x00,0x9b,0x00,0x04,0x00,
0x9d,0x00,0x00,0x00,0x58,0x15,0x00,0x00,0x57,0x15,0x00,0x00,0xf7,0x00,0x03,0x00,
0x7a,0x15,0x00,0x00,0x00,0x00,0x00,0x00,0xfa,0x00,0x04,0x00,0x58,0x15,0x00,0x00,
0x59,0x15,0x00,0x00,0x7a,0x15,0x00,0x00,0xf8,0x00,0x02,0x00,0x59,0x15,0x00,0x00,
0x3d,0x00,0x04,0x00,0x96,0x01,0x00,0x00,0xc4,0x15,0x00,0x00,0x98,0x01,0x00,0x00,
0x62,0x00,0x05,0x00,0x4a,0x00,0x00,0x00,0xc5,0x15,0x00,0x00,0xc4,0x15,0x00,0x00,
0x9a,0x01,0x00,0x00,0x51,0x00,0x05,0x00,0x1a,0x00,0x00,0x00,0x5c,0x15,0x00,0x00,
0x24,0x14,0x00,0x00,0x01,0x00,0x00,0x00,0x51,0x00,0x05,0x00,0x1a,0x00,0x00,0x00,
0x5e,0x15,0x00,0x00,0xc5,0x15,0x00,0x00,0x01,0x00,0x00,0x00,0x51,0x00,0x05,0x00,
0x1a,0x00,0x00,0x00,0x60,0x15,0x00,0x00,0x24,0x14,0x00,0x00,0x00,0x00,0x00,0x00,
0xb8,0x00,0x05,0x00,0x9d,0x00,0x00,0x00,0x62,0x15,0x00,0x00,0x5e,0x15,0x00,0x00,
0xcc,0x02,0x00,0x00,0xf7,0x00,0x03,0x00,0x70,0x15,0x00,0x00,0x00,0x00,0x00,0x00,
0xfa,0x00,0x04,0x00,0x62,0x15,0x00,0x00,0x63,0x15,0x00,0x00,0x70,0x15,0x00,0x00,
0xf8,0x00,0x02,0x00,0x63,0x15,0x00,0x00,0x83,0x00,0x05,0x00,0x1a,0x00,0x00,0x00,
0x67,0x15,0x00,0x00,0x60,0x15,0x00,0x00,0x5e,0x15,0x00,0x00,0x41,0x00,0x05,0x00,
0x65,0x01,0x00,0x00,0xc8,0x15,0x00,0x00,0x5e,0x01,0x00,0x00,0x64,0x01,0x00,0x00,
0x3d,0x00,0x04,0x00,0x1a,0x00,0x00,0x00,0xc9,0x15,0x00,0x00,0xc8,0x15,0x00,0x00,
0x7f,0x00,0x04,0x00,0x1a,0x00,0x00,0x00,0x69,0x15,0x00,0x00,0xc9,0x15,0x00,0x00,
0x0c,0x00,0x06,0x00,0x1a,0x00,0x00,0x00,0x6a,0x15,0x00,0x00,0x01,0x00,0x00,0x00,
0x1b,0x00,0x00,0x00,0x69,0x15,0x00,0x00,0x83,0x00,0x05,0x00,0x1a,0x00,0x00,0x00,
0x6b,0x15,0x00,0x00,0x58,0x02,0x00,0x00,0x6a,0x15,0x00,0x00,0x85,0x00,0x05,0x00,
0x1a,0x00,0x00,0x00,0x6c,0x15,0x00,0x00,0x67,0x15,0x00,0x00,0x6b,0x15,0x00,0x00,
0x81,0x00,0x05,0x00,0x1a,0x00,0x00,0x00,0x6d,0x15,0x00,0x00,0x5e,0x15,0x00,0x00,
0x6c,0x15,0x00,0x00,0x0c,0x00,0x07,0x00,0x1a,0x00,0x00,0x00,0xce,0x15,0x00,0x00,
0x01,0x00,0x00,0x00,0x28,0x00,0x00,0x00,0x8d,0x01,0x00,0x00,0x6d,0x15,0x00,0x00,
0xf9,0x00,0x02,0x00,0x70,0x15,0x00,0x00,0xf8,0x00,0x02,0x00,0x70,0x15,0x00,0x00,
0xf5,0x00,0x07,0x00,0x1a,0x00,0x00,0x00,0x2e,0x2d,0x00,0x00,0x60,0x15,0x00,0x00,
0x59,0x15,0x00,0x00,0xce,0x15,0x00,0x00,0x63,0x15,0x00,0x00,0x0c,0x00,0x06,0x00,
0x1a,0x00,0x00,0x00,0xd6,0x15,0x00,0x00,0x01,0x00,0x00,0x00,0x1b,0x00,0x00,0x00,
0x2e,0x2d,0x00,0x00,0x85,0x00,0x05,0x00,0x1a,0x00,0x00,0x00,0xd9,0x15,0x00,0x00,
0xd6,0x15,0x00,0x00,0xea,0x2c,0x00,0x00,0x0c,0x00,0x06,0x00,0x1a,0x00,0x00,0x00,
0xda,0x15,0x00,0x00,0x01,0x00,0x00,0x00,0x1e,0x00,0x00,0x00,0xd9,0x15,0x00,0x00,
0x0c,0x00,0x07,0x00,0x1a,0x00,0x00,0x00,0xe4,0x15,0x00,0x00,0x01,0x00,0x00,0x00,
0x1a,0x00,0x00,0x00,0x52,0x02,0x00,0x00,0xda,0x15,0x00,0x00,0x88,0x00,0x05,0x00,
0x1a,0x00,0x00,0x00,0xdf,0x15,0x00,0x00,0xeb,0x2c,0x00,0x00,0xe4,0x15,0x00,0x00,
0x52,0x00,0x06,0x00,0x4a,0x00,0x00,0x00,0x20,0x2c,0x00,0x00,0xdf,0x15,0x00,0x00,
0xc5,0x15,0x00,0x00,0x00,0x00,0x00,0x00,0x52,0x00,0x06,0x00,0x4a,0x00,0x00,0x00,
0x22,0x2c,0x00,0x00,0x2e,0x2d,0x00,0x00,0x20,0x2c,0x00,0x00,0x01,0x00,0x00,0x00,
0x52,0x00,0x06,0x00,0x4a,0x00,0x00,0x00,0x24,0x2c,0x00,0x00,0x5c,0x15,0x00,0x00,
0x22,0x2c,0x00,0x00,0x02,0x00,0x00,0x00,0x3d,0x00,0x04,0x00,0x96,0x01,0x00,0x00,
0xe6,0x15,0x00,0x00,0x98,0x01,0x00,0x00,0x63,0x00,0x04,0x00,0xe6,0x15,0x00,0x00,
0x9a,0x01,0x00,0x00,0x24,0x2c,0x00,0x00,0xf9,0x00,0x02,0x00,0x7a,0x15,0x00,0x00,
0xf8,0x00,0x02,0x00,0x7a,0x15,0x00,0x00,0xf9,0x00,0x02,0x00,0x7b,0x15,0x00,0x00,
0xf8,0x00,0x02,0x00,0x7b,0x15,0x00,0x00,0x51,0x00,0x05,0x00,0x1a,0x00,0x00,0x00,
0xec,0x15,0x00,0x00,0x24,0x14,0x00,0x00,0x00,0x00,0x00,0x00,0x41,0x00,0x06,0x00,
0xf0,0x02,0x00,0x00,0xed,0x15,0x00,0x00,0xed,0x02,0x00,0x00,0x28,0x09,0x00,0x00,
0x13,0x09,0x00,0x00,0x3e,0x00,0x03,0x00,0xed,0x15,0x00,0x00,0xec,0x15,0x00,0x00,
0x51,0x00,0x05,0x00,0x1a,0x00,0x00,0x00,0xf1,0x15,0x00,0x00,0x24,0x14,0x00,0x00,
0x01,0x00,0x00,0x00,0x41,0x00,0x06,0x00,0xf0,0x02,0x00,0x00,0xf2,0x15,0x00,0x00,
0xf3,0x02,0x00,0x00,0x28,0x09,0x00,0x00,0x13,0x09,0x00,0x00,0x3e,0x00,0x03,0x00,
0xf2,0x15,0x00,0x00,0xf1,0x15,0x00,0x00,0x51,0x00,0x05,0x00,0x1a,0x00,0x00,0x00,
0xf6,0x15,0x00,0x00,0x24,0x14,0x00,0x00,0x02,0x00,0x00,0x00,0x41,0x00,0x06,0x00,
0xf0,0x02,0x00,0x00,0xf7,0x15,0x00,0x00,0xf8,0x02,0x00,0x00,0x28,0x09,0x00,0x00,
0x13,0x09,0x00,0x00,0x3e,0x00,0x03,0x00,0xf7,0x15,0x00,0x00,0xf6,0x15,0x00,0x00,
0x51,0x00,0x05,0x00,0x1a,0x00,0x00,0x00,0xfb,0x15,0x00,0x00,0x24,0x14,0x00,0x00,
0x03,0x00,0x00,0x00,0x41,0x00,0x06,0x00,0xf0,0x02,0x00,0x00,0xfc,0x15,0x00,0x00,
0xfd,0x02,0x00,0x00,0x28,0x09,0x00,0x00,0x13,0x09,0x00,0x00,0x3e,0x00,0x03,0x00,
0xfc,0x15,0x00,0x00,0xfb,0x15,0x00,0x00,0x80,0x00,0x05,0x00,0x06,0x00,0x00,0x00,
0x44,0x09,0x00,0x00,0x13,0x09,0x00,0x00,0xa3,0x04,0x00,0x00,0x7c,0x00,0x04,0x00,
0x13,0x00,0x00,0x00,0x45,0x09,0x00,0x00,0x44,0x09,0x00,0x00,0x50,0x00,0x05,0x00,
0x2e,0x00,0x00,0x00,0x46,0x09,0x00,0x00,0x11,0x09,0x00,0x00,0x45,0x09,0x00,0x00,
0x80,0x00,0x05,0x00,0x2e,0x00,0x00,0x00,0x47,0x09,0x00,0x00,0x0e,0x09,0x00,0x00,
0x46,0x09,0x00,0x00,0xf7,0x00,0x03,0x00,0x47,0x16,0x00,0x00,0x00,0x00,0x00,0x00,
0xfa,0x00,0x04,0x00,0x88,0x14,0x00,0x00,0x21,0x16,0x00,0x00,0x47,0x16,0x00,0x00,
0xf8,0x00,0x02,0x00,0x21,0x16,0x00,0x00,0xaa,0x00,0x05,0x00,0xbb,0x02,0x00,0x00,
0x23,0x16,0x00,0x00,0x47,0x09,0x00,0x00,0x9a,0x01,0x00,0x00,0x9b,0x00,0x04,0x00,
0x9d,0x00,0x00,0x00,0x24,0x16,0x00,0x00,0x23,0x16,0x00,0x00,0xf7,0x00,0x03,0x00,
0x46,0x16,0x00,0x00,0x00,0x00,0x00,0x00,0xfa,0x00,0x04,0x00,0x24,0x16,0x00,0x00,
0x25,0x16,0x00,0x00,0x46,0x16,0x00,0x00,0xf8,0x00,0x02,0x00,0x25,0x16,0x00,0x00,
0x3d,0x00,0x04,0x00,0x96,0x01,0x00,0x00,0x90,0x16,0x00,0x00,0x98,0x01,0x00,0x00,
0x62,0x00,0x05,0x00,0x4a,0x00,0x00,0x00,0x91,0x16,0x00,0x00,0x90,0x16,0x00,0x00,
0x9a,0x01,0x00,0x00,0x51,0x00,0x05,0x00,0x1a,0x00,0x00,0x00,0x28,0x16,0x00,0x00,
0x44,0x14,0x00,0x00,0x01,0x00,0x00,0x00,0x51,0x00,0x05,0x00,0x1a,0x00,0x00,0x00,
0x2a,0x16,0x00,0x00,0x91,0x16,0x00,0x00,0x01,0x00,0x00,0x00,0x51,0x00,0x05,0x00,
0x1a,0x00,0x00,0x00,0x2c,0x16,0x00,0x00,0x44,0x14,0x00,0x00,0x00,0x00,0x00,0x00,
0xb8,0x00,0x05,0x00,0x9d,0x00,0x00,0x00,0x2e,0x16,0x00,0x00,0x2a,0x16,0x00,0x00,
0xcc,0x02,0x00,0x00,0xf7,0x00,0x03,0x00,0x3c,0x16,0x00,0x00,0x00,0x00,0x00,0x00,
0xfa,0x00,0x04,0x00,0x2e,0x16,0x00,0x00,0x2f,0x16,0x00,0x00,0x3c,0x16,0x00,0x00,
0xf8,0x00,0x02,0x00,0x2f,0x16,0x00,0x00,0x83,0x00,0x05,0x00,0x1a,0x00,0x00,0x00,
0x33,0x16,0x00,0x00,0x2c,0x16,0x00,0x00,0x2a,0x16,0x00,0x00,0x41,0x00,0x05,0x00,
0x65,0x01,0x00,0x00,0x94,0x16,0x00,0x00,0x5e,0x01,0x00,0x00,0x64,0x01,0x00,0x00,
0x3d,0x00,0x04,0x00,0x1a,0x00,0x00,0x00,0x95,0x16,0x00,0x00,0x94,0x16,0x00,0x00,
0x7f,0x00,0x04,0x00,0x1a,0x00,0x00,0x00,0x35,0x16,0x00,0x00,0x95,0x16,0x00,0x00,
0x0c,0x00,0x06,0x00,0x1a,0x00,0x00,0x00,0x36,0x16,0x00,0x00,0x01,0x00,0x00,0x00,
0x1b,0x00,0x00,0x00,0x35,0x16,0x00,0x00,0x83,0x00,0x05,0x00,0x1a,0x00,0x00,0x00,
0x37,0x16,0x00,0x00,0x58,0x02,0x00,0x00,0x36,0x16,0x00,0x00,0x85,0x00,0x05,0x00,
0x1a,0x00,0x00,0x00,0x38,0x16,0x00,0x00,0x33,0x16,0x00,0x00,0x37,0x16,0x00,0x00,
0x81,0x00,0x05,0x00,0x1a,0x00,0x00,0x00,0x39,0x16,0x00,0x00,0x2a,0x16,0x00,0x00,
0x38,0x16,0x00,0x00,0x0c,0x00,0x07,0x00,0x1a,0x00,0x00,0x00,0x9a,0x16,0x00,0x00,
0x01,0x00,0x00,0x00,0x28,0x00,0x00,0x00,0x8d,0x01,0x00,0x00,0x39,0x16,0x00,0x00,
0xf9,0x00,0x02,0x00,0x3c,0x16,0x00,0x00,0xf8,0x00,0x02,0x00,0x3c,0x16,0x00,0x00,
0xf5,0x00,0x07,0x00,0x1a,0x00,0x00,0x00,0x39,0x2d,0x00,0x00,0x2c,0x16,0x00,0x00,
0x25,0x16,0x00,0x00,0x9a,0x16,0x00,0x00,0x2f,0x16,0x00,0x00,0x0c,0x00,0x06,0x00,
0x1a,0x00,0x00,0x00,0xa2,0x16,0x00,0x00,0x01,0x00,0x00,0x00,0x1b,0x00,0x00,0x00,
0x39,0x2d,0x00,0x00,0x85,0x00,0x05,0x00,0x1a,0x00,0x00,0x00,0xa5,0x16,0x00,0x00,
0xa2,0x16,0x00,0x00,0xea,0x2c,0x00,0x00,0x0c,0x00,0x06,0x00,0x1a,0x00,0x00,0x00,
0xa6,0x16,0x00,0x00,0x01,0x00,0x00,0x00,0x1e,0x00,0x00,0x00,0xa5,0x16,0x00,0x00,
0x0c,0x00,0x07,0x00,0x1a,0x00,0x00,0x00,0xb0,0x16,0x00,0x00,0x01,0x00,0x00,0x00,
0x1a,0x00,0x00,0x00,0x52,0x02,0x00,0x00,0xa6,0x16,0x00,0x00,0x88,0x00,0x05,0x00,
0x1a,0x00,0x00,0x00,0xab,0x16,0x00,0x00,0xeb,0x2c,0x00,0x00,0xb0,0x16,0x00,0x00,
0x52,0x00,0x06,0x00,0x4a,0x00,0x00,0x00,0x2e,0x2c,0x00,0x00,0xab,0x16,0x00,0x00,
0x91,0x16,0x00,0x00,0x00,0x00,0x00,0x00,0x52,0x00,0x06,0x00,0x4a,0x00,0x00,0x00,
0x30,0x2c,0x00,0x00,0x39,0x2d,0x00,0x00,0x2e,0x2c,0x00,0x00,0x01,0x00,0x00,0x00,
0x52,0x00,0x06,0x00,0x4a,0x00,0x00,0x00,0x32,0x2c,0x00,0x00,0x28,0x16,0x00,0x00,
0x30,0x2c,0x00,0x00,0x02,0x00,0x00,0x00,0x3d,0x00,0x04,0x00,0x96,0x01,0x00,0x00,
0xb2,0x16,0x00,0x00,0x98,0x01,0x00,0x00,0x63,0x00,0x04,0x00,0xb2,0x16,0x00,0x00,
0x9a,0x01,0x00,0x00,0x32,0x2c,0x00,0x00,0xf9,0x00,0x02,0x00,0x46,0x16,0x00,0x00,
0xf8,0x00,0x02,0x00,0x46,0x16,0x00,0x00,0xf9,0x00,0x02,0x00,0x47,0x16,0x00,0x00,
0xf8,0x00,0x02,0x00,0x47,0x16,0x00,0x00,0x51,0x00,0x05,0x00,0x1a,0x00,0x00,0x00,
0xb8,0x16,0x00,0x00,0x44,0x14,0x00,0x00,0x00,0x00,0x00,0x00,0x41,0x00,0x06,0x00,
0xf0,0x02,0x00,0x00,0xb9,0x16,0x00,0x00,0xed,0x02,0x00,0x00,0x10,0x09,0x00,0x00,
0x44,0x09,0x00,0x00,0x3e,0x00,0x03,0x00,0xb9,0x16,0x00,0x00,0xb8,0x16,0x00,0x00,
0x51,0x00,0x05,0x00,0x1a,0x00,0x00,0x00,0xbd,0x16,0x00,0x00,0x44,0x14,0x00,0x00,
0x01,0x00,0x00,0x00,0x41,0x00,0x06,0x00,0xf0,0x02,0x00,0x00,0xbe,0x16,0x00,0x00,
0xf3,0x02,0x00,0x00,0x10,0x09,0x00,0x00,0x44,0x09,0x00,0x00,0x3e,0x00,0x03,0x00,
0xbe,0x16,0x00,0x00,0xbd,0x16,0x00,0x00,0x51,0x00,0x05,0x00,0x1a,0x00,0x00,0x00,
0xc2,0x16,0x00,0x00,0x44,0x14,0x00,0x00,0x02,0x00,0x00,0x00,0x41,0x00,0x06,0x00,
0xf0,0x02,0x00,0x00,0xc3,0x16,0x00,0x00,0xf8,0x02,0x00,0x00,0x10,0x09,0x00,0x00,
0x44,0x09,0x00,0x00,0x3e,0x00,0x03,0x00,0xc3,0x16,0x00,0x00,0xc2,0x16,0x00,0x00,
0x51,0x00,0x05,0x00,0x1a,0x00,0x00,0x00,0xc7,0x16,0x00,0x00,0x44,0x14,0x00,0x00,
0x03,0x00,0x00,0x00,0x41,0x00,0x06,0x00,0xf0,0x02,0x00,0x00,0xc8,0x16,0x00,0x00,
0xfd,0x02,0x00,0x00,0x10,0x09,0x00,0x00,0x44,0x09,0x00,0x00,0x3e,0x00,0x03,0x00,
0xc8,0x16,0x00,0x00,0xc7,0x16,0x00,0x00,0x50,0x00,0x05,0x00,0x2e,0x00,0x00,0x00,
0x60,0x09,0x00,0x00,0x29,0x09,0x00,0x00,0x45,0x09,0x00,0x00,0x80,0x00,0x05,0x00,
0x2e,0x00,0x00,0x00,0x61,0x09,0x00,0x00,0x0e,0x09,0x00,0x00,0x60,0x09,0x00,0x00,
0xf7,0x00,0x03,0x00,0x13,0x17,0x00,0x00,0x00,0x00,0x00,0x00,0xfa,0x00,0x04,0x00,
0x88,0x14,0x00,0x00,0xed,0x16,0x00,0x00,0x13,0x17,0x00,0x00,0xf8,0x00,0x02,0x00,
0xed,0x16,0x00,0x00,0xaa,0x00,0x05,0x00,0xbb,0x02,0x00,0x00,0xef,0x16,0x00,0x00,
0x61,0x09,0x00,0x00,0x9a,0x01,0x00,0x00,0x9b,0x00,0x04,0x00,0x9d,0x00,0x00,0x00,
0xf0,0x16,0x00,0x00,0xef,0x16,0x00,0x00,0xf7,0x00,0x03,0x00,0x12,0x17,0x00,0x00,
0x00,0x00,0x00,0x00,0xfa,0x00,0x04,0x00,0xf0,0x16,0x00,0x00,0xf1,0x16,0x00,0x00,
0x12,0x17,0x00,0x00,0xf8,0x00,0x02,0x00,0xf1,0x16,0x00,0x00,0x3d,0x00,0x04,0x00,
0x96,0x01,0x00,0x00,0x5c,0x17,0x00,0x00,0x98,0x01,0x00,0x00,0x62,0x00,0x05,0x00,
0x4a,0x00,0x00,0x00,0x5d,0x17,0x00,0x00,0x5c,0x17,0x00,0x00,0x9a,0x01,0x00,0x00,
0x51,0x00,0x05,0x00,0x1a,0x00,0x00,0x00,0xf4,0x16,0x00,0x00,0x64,0x14,0x00,0x00,
0x01,0x00,0x00,0x00,0x51,0x00,0x05,0x00,0x1a,0x00,0x00,0x00,0xf6,0x16,0x00,0x00,
0x5d,0x17,0x00,0x00,0x01,0x00,0x00,0x00,0x51,0x00,0x05,0x00,0x1a,0x00,0x00,0x00,
0xf8,0x16,0x00,0x00,0x64,0x14,0x00,0x00,0x00,0x00,0x00,0x00,0xb8,0x00,0x05,0x00,
0x9d,0x00,0x00,0x00,0xfa,0x16,0x00,0x00,0xf6,0x16,0x00,0x00,0xcc,0x02,0x00,0x00,
0xf7,0x00,0x03,0x00,0x08,0x17,0x00,0x00,0x00,0x00,0x00,0x00,0xfa,0x00,0x04,0x00,
0xfa,0x16,0x00,0x00,0xfb,0x16,0x00,0x00,0x08,0x17,0x00,0x00,0xf8,0x00,0x02,0x00,
0xfb,0x16,0x00,0x00,0x83,0x00,0x05,0x00,0x1a,0x00,0x00,0x00,0xff,0x16,0x00,0x00,
0xf8,0x16,0x00,0x00,0xf6,0x16,0x00,0x00,0x41,0x00,0x05,0x00,0x65,0x01,0x00,0x00,
0x60,0x17,0x00,0x00,0x5e,0x01,0x00,0x00,0x64,0x01,0x00,0x00,0x3d,0x00,0x04,0x00,
0x1a,0x00,0x00,0x00,0x61,0x17,0x00,0x00,0x60,0x17,0x00,0x00,0x7f,0x00,0x04,0x00,
0x1a,0x00,0x00,0x00,0x01,0x17,0x00,0x00,0x61,0x17,0x00,0x00,0x0c,0x00,0x06,0x00,
0x1a,0x00,0x00,0x00,0x02,0x17,0x00,0x00,0x01,0x00,0x00,0x00,0x1b,0x00,0x00,0x00,
0x01,0x17,0x00,0x00,0x83,0x00,0x05,0x00,0x1a,0x00,0x00,0x00,0x03,0x17,0x00,0x00,
0x58,0x02,0x00,0x00,0x02,0x17,0x00,0x00,0x85,0x00,0x05,0x00,0x1a,0x00,0x00,0x00,
0x04,0x17,0x00,0x00,0xff,0x16,0x00,0x00,0x03,0x17,0x00,0x00,0x81,0x00,0x05,0x00,
0x1a,0x00,0x00,0x00,0x05,0x17,0x00,0x00,0xf6,0x16,0x00,0x00,0x04,0x17,0x00,0x00,
0x0c,0x00,0x07,0x00,0x1a,0x00,0x00,0x00,0x66,0x17,0x00,0x00,0x01,0x00,0x00,0x00,
0x28,0x00,0x00,0x00,0x8d,0x01,0x00,0x00,0x05,0x17,0x00,0x00,0xf9,0x00,0x02,0x00,
0x08,0x17,0x00,0x00,0xf8,0x00,0x02,0x00,0x08,0x17,0x00,0x00,0xf5,0x00,0x07,0x00,
0x1a,0x00,0x00,0x00,0x47,0x2d,0x00,0x00,0xf8,0x16,0x00,0x00,0xf1,0x16,0x00,0x00,
0x66,0x17,0x00,0x00,0xfb,0x16,0x00,0x00,0x0c,0x00,0x06,0x00,0x1a,0x00,0x00,0x00,
0x6e,0x17,0x00,0x00,0x01,0x00,0x00,0x00,0x1b,0x00,0x00,0x00,0x47,0x2d,0x00,0x00,
0x85,0x00,0x05,0x00,0x1a,0x00,0x00,0x00,0x71,0x17,0x00,0x00,0x6e,0x17,0x00,0x00,
0xea,0x2c,0x00,0x00,0x0c,0x00,0x06,0x00,0x1a,0x00,0x00,0x00,0x72,0x17,0x00,0x00,
0x01,0x00,0x00,0x00,0x1e,0x00,0x00,0x00,0x71,0x17,0x00,0x00,0x0c,0x00,0x07,0x00,
0x1a,0x00,0x00,0x00,0x7c,0x17,0x00,0x00,0x01,0x00,0x00,0x00,0x1a,0x00,0x00,0x00,
0x52,0x02,0x00,0x00,0x72,0x17,0x00,0x00,0x88,0x00,0x05,0x00,0x1a,0x00,0x00,0x00,
0x77,0x17,0x00,0x00,0xeb,0x2c,0x00,0x00,0x7c,0x17,0x00,0x00,0x52,0x00,0x06,0x00,
0x4a,0x00,0x00,0x00,0x3c,0x2c,0x00,0x00,0x77,0x17,0x00,0x00,0x5d,0x17,0x00,0x00,
0x00,0x00,0x00,0x00,0x52,0x00,0x06,0x00,0x4a,0x00,0x00,0x00,0x3e,0x2c,0x00,0x00,
0x47,0x2d,0x00,0x00,0x3c,0x2c,0x00,0x00,0x01,0x00,0x00,0x00,0x52,0x00,0x06,0x00,
0x4a,0x00,0x00,0x00,0x40,0x2c,0x00,0x00,0xf4,0x16,0x00,0x00,0x3e,0x2c,0x00,0x00,
0x02,0x00,0x00,0x00,0x3d,0x00,0x04,0x00,0x96,0x01,0x00,0x00,0x7e,0x17,0x00,0x00,
0x98,0x01,0x00,0x00,0x63,0x00,0x04,0x00,0x7e,0x17,0x00,0x00,0x9a,0x01,0x00,0x00,
0x40,0x2c,0x00,0x00,0xf9,0x00,0x02,0x00,0x12,0x17,0x00,0x00,0xf8,0x00,0x02,0x00,
0x12,0x17,0x00,0x00,0xf9,0x00,0x02,0x00,0x13,0x17,0x00,0x00,0xf8,0x00,0x02,0x00,
0x13,0x17,0x00,0x00,0x51,0x00,0x05,0x00,0x1a,0x00,0x00,0x00,0x84,0x17,0x00,0x00,
0x64,0x14,0x00,0x00,0x00,0x00,0x00,0x00,0x41,0x00,0x06,0x00,0xf0,0x02,0x00,0x00,
0x85,0x17,0x00,0x00,0xed,0x02,0x00,0x00,0x28,0x09,0x00,0x00,0x44,0x09,0x00,0x00,
0x3e,0x00,0x03,0x00,0x85,0x17,0x00,0x00,0x84,0x17,0x00,0x00,0x51,0x00,0x05,0x00,
0x1a,0x00,0x00,0x00,0x89,0x17,0x00,0x00,0x64,0x14,0x00,0x00,0x01,0x00,0x00,0x00,
0x41,0x00,0x06,0x00,0xf0,0x02,0x00,0x00,0x8a,0x17,0x00,0x00,0xf3,0x02,0x00,0x00,
0x28,0x09,0x00,0x00,0x44,0x09,0x00,0x00,0x3e,0x00,0x03,0x00,0x8a,0x17,0x00,0x00,
0x89,0x17,0x00,0x00,0x51,0x00,0x05,0x00,0x1a,0x00,0x00,0x00,0x8e,0x17,0x00,0x00,
0x64,0x14,0x00,0x00,0x02,0x00,0x00,0x00,0x41,0x00,0x06,0x00,0xf0,0x02,0x00,0x00,
0x8f,0x17,0x00,0x00,0xf8,0x02,0x00,0x00,0x28,0x09,0x00,0x00,0x44,0x09,0x00,0x00,
0x3e,0x00,0x03,0x00,0x8f,0x17,0x00,0x00,0x8e,0x17,0x00,0x00,0x51,0x00,0x05,0x00,
0x1a,0x00,0x00,0x00,0x93,0x17,0x00,0x00,0x64,0x14,0x00,0x00,0x03,0x00,0x00,0x00,
0x41,0x00,0x06,0x00,0xf0,0x02,0x00,0x00,0x94,0x17,0x00,0x00,0xfd,0x02,0x00,0x00,
0x28,0x09,0x00,0x00,0x44,0x09,0x00,0x00,0x3e,0x00,0x03,0x00,0x94,0x17,0x00,0x00,
0x93,0x17,0x00,0x00,0xf9,0x00,0x02,0x00,0x6f,0x09,0x00,0x00,0xf8,0x00,0x02,0x00,
0x6f,0x09,0x00,0x00,0xf9,0x00,0x02,0x00,0x70,0x09,0x00,0x00,0xf8,0x00,0x02,0x00,
0x70,0x09,0x00,0x00,0xf7,0x00,0x03,0x00,0xe6,0x17,0x00,0x00,0x00,0x00,0x00,0x00,
0xfb,0x00,0x03,0x00,0x83,0x01,0x00,0x00,0xad,0x17,0x00,0x00,0xf8,0x00,0x02,0x00,
0xad,0x17,0x00,0x00,0xb2,0x00,0x05,0x00,0x9d,0x00,0x00,0x00,0xb0,0x17,0x00,0x00,
0x6e,0x07,0x00,0x00,0x3e,0x01,0x00,0x00,0xf7,0x00,0x03,0x00,0xb2,0x17,0x00,0x00,
0x00,0x00,0x00,0x00,0xfa,0x00,0x04,0x00,0xb0,0x17,0x00,0x00,0xb1,0x17,0x00,0x00,
0xb2,0x17,0x00,0x00,0xf8,0x00,0x02,0x00,0xb1,0x17,0x00,0x00,0xf9,0x00,0x02,0x00,
0xe6,0x17,0x00,0x00,0xf8,0x00,0x02,0x00,0xb2,0x17,0x00,0x00,0xe1,0x00,0x03,0x00,
0x3e,0x01,0x00,0x00,0x19,0x03,0x00,0x00,0xe0,0x00,0x04,0x00,0x3e,0x01,0x00,0x00,
0x3e,0x01,0x00,0x00,0x1a,0x03,0x00,0x00,0x41,0x00,0x06,0x00,0xf0,0x02,0x00,0x00,
0x1a,0x18,0x00,0x00,0xed,0x02,0x00,0x00,0xb1,0x07,0x00,0x00,0xb7,0x07,0x00,0x00,
0x3d,0x00,0x04,0x00,0x1a,0x00,0x00,0x00,0x1b,0x18,0x00,0x00,0x1a,0x18,0x00,0x00,
0x41,0x00,0x06,0x00,0xf0,0x02,0x00,0x00,0x1e,0x18,0x00,0x00,0xf3,0x02,0x00,0x00,
0xb1,0x07,0x00,0x00,0xb7,0x07,0x00,0x00,0x3d,0x00,0x04,0x00,0x1a,0x00,0x00,0x00,
0x1f,0x18,0x00,0x00,0x1e,0x18,0x00,0x00,0x41,0x00,0x06,0x00,0xf0,0x02,0x00,0x00,
0x22,0x18,0x00,0x00,0xf8,0x02,0x00,0x00,0xb1,0x07,0x00,0x00,0xb7,0x07,0x00,0x00,
0x3d,0x00,0x04,0x00,0x1a,0x00,0x00,0x00,0x23,0x18,0x00,0x00,0x22,0x18,0x00,0x00,
0x41,0x00,0x06,0x00,0xf0,0x02,0x00,0x00,0x26,0x18,0x00,0x00,0xfd,0x02,0x00,0x00,
0xb1,0x07,0x00,0x00,0xb7,0x07,0x00,0x00,0x3d,0x00,0x04,0x00,0x1a,0x00,0x00,0x00,
0x27,0x18,0x00,0x00,0x26,0x18,0x00,0x00,0x50,0x00,0x07,0x00,0x4a,0x00,0x00,0x00,
0x28,0x18,0x00,0x00,0x1b,0x18,0x00,0x00,0x1f,0x18,0x00,0x00,0x23,0x18,0x00,0x00,
0x27,0x18,0x00,0x00,0x6e,0x01,0x06,0x00,0x4a,0x00,0x00,0x00,0x35,0x18,0x00,0x00,
0x3f,0x01,0x00,0x00,0x28,0x18,0x00,0x00,0x83,0x01,0x00,0x00,0x6e,0x01,0x06,0x00,
0x4a,0x00,0x00,0x00,0x37,0x18,0x00,0x00,0x3f,0x01,0x00,0x00,0x28,0x18,0x00,0x00,
0x45,0x01,0x00,0x00,0x6e,0x01,0x06,0x00,0x4a,0x00,0x00,0x00,0x39,0x18,0x00,0x00,
0x3f,0x01,0x00,0x00,0x28,0x18,0x00,0x00,0x3e,0x01,0x00,0x00,0x81,0x00,0x05,0x00,
0x4a,0x00,0x00,0x00,0x43,0x18,0x00,0x00,0x28,0x18,0x00,0x00,0x35,0x18,0x00,0x00,
0x81,0x00,0x05,0x00,0x4a,0x00,0x00,0x00,0x45,0x18,0x00,0x00,0x43,0x18,0x00,0x00,
0x37,0x18,0x00,0x00,0x81,0x00,0x05,0x00,0x4a,0x00,0x00,0x00,0x47,0x18,0x00,0x00,
0x45,0x18,0x00,0x00,0x39,0x18,0x00,0x00,0x8e,0x00,0x05,0x00,0x4a,0x00,0x00,0x00,
0x48,0x18,0x00,0x00,0x47,0x18,0x00,0x00,0x99,0x02,0x00,0x00,0x89,0x00,0x05,0x00,
0x06,0x00,0x00,0x00,0xfa,0x17,0x00,0x00,0x37,0x07,0x00,0x00,0xcb,0x01,0x00,0x00,
0xaa,0x00,0x05,0x00,0x9d,0x00,0x00,0x00,0xfb,0x17,0x00,0x00,0xfa,0x17,0x00,0x00,
0x83,0x01,0x00,0x00,0xf7,0x00,0x03,0x00,0x15,0x18,0x00,0x00,0x00,0x00,0x00,0x00,
0xfa,0x00,0x04,0x00,0xfb,0x17,0x00,0x00,0xfc,0x17,0x00,0x00,0x15,0x18,0x00,0x00,
0xf8,0x00,0x02,0x00,0xfc,0x17,0x00,0x00,0x84,0x00,0x05,0x00,0x29,0x00,0x00,0x00,
0xff,0x17,0x00,0x00,0x7f,0x07,0x00,0x00,0xf9,0x2c,0x00,0x00,0x7c,0x00,0x04,0x00,
0x2e,0x00,0x00,0x00,0x00,0x18,0x00,0x00,0xff,0x17,0x00,0x00,0x86,0x00,0x05,0x00,
0x06,0x00,0x00,0x00,0x02,0x18,0x00,0x00,0xb1,0x07,0x00,0x00,0x3e,0x01,0x00,0x00,
0x7c,0x00,0x04,0x00,0x13,0x00,0x00,0x00,0x03,0x18,0x00,0x00,0x02,0x18,0x00,0x00,
0x86,0x00,0x05,0x00,0x06,0x00,0x00,0x00,0x05,0x18,0x00,0x00,0xb7,0x07,0x00,0x00,
0x3e,0x01,0x00,0x00,0x7c,0x00,0x04,0x00,0x13,0x00,0x00,0x00,0x06,0x18,0x00,0x00,
0x05,0x18,0x00,0x00,0x50,0x00,0x05,0x00,0x2e,0x00,0x00,0x00,0x07,0x18,0x00,0x00,
0x03,0x18,0x00,0x00,0x06,0x18,0x00,0x00,0x80,0x00,0x05,0x00,0x2e,0x00,0x00,0x00,
0x08,0x18,0x00,0x00,0x00,0x18,0x00,0x00,0x07,0x18,0x00,0x00,0xaa,0x00,0x05,0x00,
0x9d,0x00,0x00,0x00,0x6c,0x18,0x00,0x00,0x3e,0x01,0x00,0x00,0x79,0x0b,0x00,0x00,
0xf7,0x00,0x03,0x00,0x93,0x18,0x00,0x00,0x00,0x00,0x00,0x00,0xfa,0x00,0x04,0x00,
0x6c,0x18,0x00,0x00,0x6d,0x18,0x00,0x00,0x93,0x18,0x00,0x00,0xf8,0x00,0x02,0x00,
0x6d,0x18,0x00,0x00,0xaa,0x00,0x05,0x00,0xbb,0x02,0x00,0x00,0x6f,0x18,0x00,0x00,
0x08,0x18,0x00,0x00,0x9a,0x01,0x00,0x00,0x9b,0x00,0x04,0x00,0x9d,0x00,0x00,0x00,
0x70,0x18,0x00,0x00,0x6f,0x18,0x00,0x00,0xf7,0x00,0x03,0x00,0x92,0x18,0x00,0x00,
0x00,0x00,0x00,0x00,0xfa,0x00,0x04,0x00,0x70,0x18,0x00,0x00,0x71,0x18,0x00,0x00,
0x92,0x18,0x00,0x00,0xf8,0x00,0x02,0x00,0x71,0x18,0x00,0x00,0x3d,0x00,0x04,0x00,
0x96,0x01,0x00,0x00,0xdc,0x18,0x00,0x00,0x98,0x01,0x00,0x00,0x62,0x00,0x05,0x00,
0x4a,0x00,0x00,0x00,0xdd,0x18,0x00,0x00,0xdc,0x18,0x00,0x00,0x9a,0x01,0x00,0x00,
0x51,0x00,0x05,0x00,0x1a,0x00,0x00,0x00,0x74,0x18,0x00,0x00,0x48,0x18,0x00,0x00,
0x01,0x00,0x00,0x00,0x51,0x00,0x05,0x00,0x1a,0x00,0x00,0x00,0x76,0x18,0x00,0x00,
0xdd,0x18,0x00,0x00,0x01,0x00,0x00,0x00,0x51,0x00,0x05,0x00,0x1a,0x00,0x00,0x00,
0x78,0x18,0x00,0x00,0x48,0x18,0x00,0x00,0x00,0x00,0x00,0x00,0xb8,0x00,0x05,0x00,
0x9d,0x00,0x00,0x00,0x7a,0x18,0x00,0x00,0x76,0x18,0x00,0x00,0xcc,0x02,0x00,0x00,
0xf7,0x00,0x03,0x00,0x88,0x18,0x00,0x00,0x00,0x00,0x00,0x00,0xfa,0x00,0x04,0x00,
0x7a,0x18,0x00,0x00,0x7b,0x18,0x00,0x00,0x88,0x18,0x00,0x00,0xf8,0x00,0x02,0x00,
0x7b,0x18,0x00,0x00,0x83,0x00,0x05,0x00,0x1a,0x00,0x00,0x00,0x7f,0x18,0x00,0x00,
0x78,0x18,0x00,0x00,0x76,0x18,0x00,0x00,0x41,0x00,0x05,0x00,0x65,0x01,0x00,0x00,
0xe0,0x18,0x00,0x00,0x5e,0x01,0x00,0x00,0x64,0x01,0x00,0x00,0x3d,0x00,0x04,0x00,
0x1a,0x00,0x00,0x00,0xe1,0x18,0x00,0x00,0xe0,0x18,0x00,0x00,0x7f,0x00,0x04,0x00,
0x1a,0x00,0x00,0x00,0x81,0x18,0x00,0x00,0xe1,0x18,0x00,0x00,0x0c,0x00,0x06,0x00,
0x1a,0x00,0x00,0x00,0x82,0x18,0x00,0x00,0x01,0x00,0x00,0x00,0x1b,0x00,0x00,0x00,
0x81,0x18,0x00,0x00,0x83,0x00,0x05,0x00,0x1a,0x00,0x00,0x00,0x83,0x18,0x00,0x00,
0x58,0x02,0x00,0x00,0x82,0x18,0x00,0x00,0x85,0x00,0x05,0x00,0x1a,0x00,0x00,0x00,
0x84,0x18,0x00,0x00,0x7f,0x18,0x00,0x00,0x83,0x18,0x00,0x00,0x81,0x00,0x05,0x00,
0x1a,0x00,0x00,0x00,0x85,0x18,0x00,0x00,0x76,0x18,0x00,0x00,0x84,0x18,0x00,0x00,
0x0c,0x00,0x07,0x00,0x1a,0x00,0x00,0x00,0xe6,0x18,0x00,0x00,0x01,0x00,0x00,0x00,
0x28,0x00,0x00,0x00,0x8d,0x01,0x00,0x00,0x85,0x18,0x00,0x00,0xf9,0x00,0x02,0x00,
0x88,0x18,0x00,0x00,0xf8,0x00,0x02,0x00,0x88,0x18,0x00,0x00,0xf5,0x00,0x07,0x00,
0x1a,0x00,0x00,0x00,0x4c,0x2d,0x00,0x00,0x78,0x18,0x00,0x00,0x71,0x18,0x00,0x00,
0xe6,0x18,0x00,0x00,0x7b,0x18,0x00,0x00,0x0c,0x00,0x06,0x00,0x1a,0x00,0x00,0x00,
0xee,0x18,0x00,0x00,0x01,0x00,0x00,0x00,0x1b,0x00,0x00,0x00,0x4c,0x2d,0x00,0x00,
0x85,0x00,0x05,0x00,0x1a,0x00,0x00,0x00,0xf1,0x18,0x00,0x00,0xee,0x18,0x00,0x00,
0xea,0x2c,0x00,0x00,0x0c,0x00,0x06,0x00,0x1a,0x00,0x00,0x00,0xf2,0x18,0x00,0x00,
0x01,0x00,0x00,0x00,0x1e,0x00,0x00,0x00,0xf1,0x18,0x00,0x00,0x0c,0x00,0x07,0x00,
0x1a,0x00,0x00,0x00,0xfc,0x18,0x00,0x00,0x01,0x00,0x00,0x00,0x1a,0x00,0x00,0x00,
0x52,0x02,0x00,0x00,0xf2,0x18,0x00,0x00,0x88,0x00,0x05,0x00,0x1a,0x00,0x00,0x00,
0xf7,0x18,0x00,0x00,0xeb,0x2c,0x00,0x00,0xfc,0x18,0x00,0x00,0x52,0x00,0x06,0x00,
0x4a,0x00,0x00,0x00,0x4a,0x2c,0x00,0x00,0xf7,0x18,0x00,0x00,0xdd,0x18,0x00,0x00,
0x00,0x00,0x00,0x00,0x52,0x00,0x06,0x00,0x4a,0x00,0x00,0x00,0x4c,0x2c,0x00,0x00,
0x4c,0x2d,0x00,0x00,0x4a,0x2c,0x00,0x00,0x01,0x00,0x00,0x00,0x52,0x00,0x06,0x00,
0x4a,0x00,0x00,0x00,0x4e,0x2c,0x00,0x00,0x74,0x18,0x00,0x00,0x4c,0x2c,0x00,0x00,
0x02,0x00,0x00,0x00,0x3d,0x00,0x04,0x00,0x96,0x01,0x00,0x00,0xfe,0x18,0x00,0x00,
0x98,0x01,0x00,0x00,0x63,0x00,0x04,0x00,0xfe,0x18,0x00,0x00,0x9a,0x01,0x00,0x00,
0x4e,0x2c,0x00,0x00,0xf9,0x00,0x02,0x00,0x92,0x18,0x00,0x00,0xf8,0x00,0x02,0x00,
0x92,0x18,0x00,0x00,0xf9,0x00,0x02,0x00,0x93,0x18,0x00,0x00,0xf8,0x00,0x02,0x00,
0x93,0x18,0x00,0x00,0x89,0x00,0x05,0x00,0x06,0x00,0x00,0x00,0x10,0x18,0x00,0x00,
0x05,0x18,0x00,0x00,0x3e,0x01,0x00,0x00,0x80,0x00,0x05,0x00,0x06,0x00,0x00,0x00,
0x11,0x18,0x00,0x00,0xb1,0x07,0x00,0x00,0x10,0x18,0x00,0x00,0x51,0x00,0x05,0x00,
0x1a,0x00,0x00,0x00,0x04,0x19,0x00,0x00,0x48,0x18,0x00,0x00,0x00,0x00,0x00,0x00,
0x41,0x00,0x06,0x00,0xf0,0x02,0x00,0x00,0x05,0x19,0x00,0x00,0xed,0x02,0x00,0x00,
0x11,0x18,0x00,0x00,0xb7,0x07,0x00,0x00,0x3e,0x00,0x03,0x00,0x05,0x19,0x00,0x00,
0x04,0x19,0x00,0x00,0x51,0x00,0x05,0x00,0x1a,0x00,0x00,0x00,0x09,0x19,0x00,0x00,
0x48,0x18,0x00,0x00,0x01,0x00,0x00,0x00,0x41,0x00,0x06,0x00,0xf0,0x02,0x00,0x00,
0x0a,0x19,0x00,0x00,0xf3,0x02,0x00,0x00,0x11,0x18,0x00,0x00,0xb7,0x07,0x00,0x00,
0x3e,0x00,0x03,0x00,0x0a,0x19,0x00,0x00,0x09,0x19,0x00,0x00,0x51,0x00,0x05,0x00,
0x1a,0x00,0x00,0x00,0x0e,0x19,0x00,0x00,0x48,0x18,0x00,0x00,0x02,0x00,0x00,0x00,
0x41,0x00,0x06,0x00,0xf0,0x02,0x00,0x00,0x0f,0x19,0x00,0x00,0xf8,0x02,0x00,0x00,
0x11,0x18,0x00,0x00,0xb7,0x07,0x00,0x00,0x3e,0x00,0x03,0x00,0x0f,0x19,0x00,0x00,
0x0e,0x19,0x00,0x00,0x51,0x00,0x05,0x00,0x1a,0x00,0x00,0x00,0x13,0x19,0x00,0x00,
0x48,0x18,0x00,0x00,0x03,0x00,0x00,0x00,0x41,0x00,0x06,0x00,0xf0,0x02,0x00,0x00,
0x14,0x19,0x00,0x00,0xfd,0x02,0x00,0x00,0x11,0x18,0x00,0x00,0xb7,0x07,0x00,0x00,
0x3e,0x00,0x03,0x00,0x14,0x19,0x00,0x00,0x13,0x19,0x00,0x00,0xf9,0x00,0x02,0x00,
0x15,0x18,0x00,0x00,0xf8,0x00,0x02,0x00,0x15,0x18,0x00,0x00,0xb2,0x00,0x05,0x00,
0x9d,0x00,0x00,0x00,0xbe,0x17,0x00,0x00,0x6e,0x07,0x00,0x00,0x3f,0x01,0x00,0x00,
0xf7,0x00,0x03,0x00,0xc0,0x17,0x00,0x00,0x00,0x00,0x00,0x00,0xfa,0x00,0x04,0x00,
0xbe,0x17,0x00,0x00,0xbf,0x17,0x00,0x00,0xc0,0x17,0x00,0x00,0xf8,0x00,0x02,0x00,
0xbf,0x17,0x00,0x00,0xf9,0x00,0x02,0x00,0xe6,0x17,0x00,0x00,0xf8,0x00,0x02,0x00,
0xc0,0x17,0x00,0x00,0xe1,0x00,0x03,0x00,0x3e,0x01,0x00,0x00,0x19,0x03,0x00,0x00,
0xe0,0x00,0x04,0x00,0x3e,0x01,0x00,0x00,0x3e,0x01,0x00,0x00,0x1a,0x03,0x00,0x00,
0xb0,0x00,0x05,0x00,0x9d,0x00,0x00,0x00,0x23,0x19,0x00,0x00,0x37,0x07,0x00,0x00,
0xbb,0x03,0x00,0x00,0xf7,0x00,0x03,0x00,0x4d,0x19,0x00,0x00,0x00,0x00,0x00,0x00,
0xfa,0x00,0x04,0x00,0x23,0x19,0x00,0x00,0x24,0x19,0x00,0x00,0x4d,0x19,0x00,0x00,
0xf8,0x00,0x02,0x00,0x24,0x19,0x00,0x00,0x89,0x00,0x05,0x00,0x06,0x00,0x00,0x00,
0x28,0x19,0x00,0x00,0xb7,0x07,0x00,0x00,0x3e,0x01,0x00,0x00,0x80,0x00,0x05,0x00,
0x06,0x00,0x00,0x00,0x29,0x19,0x00,0x00,0x70,0x08,0x00,0x00,0x28,0x19,0x00,0x00,
0x41,0x00,0x06,0x00,0xf0,0x02,0x00,0x00,0x52,0x19,0x00,0x00,0xed,0x02,0x00,0x00,
0x29,0x19,0x00,0x00,0x73,0x08,0x00,0x00,0x3d,0x00,0x04,0x00,0x1a,0x00,0x00,0x00,
0x53,0x19,0x00,0x00,0x52,0x19,0x00,0x00,0x41,0x00,0x06,0x00,0xf0,0x02,0x00,0x00,
0x56,0x19,0x00,0x00,0xf3,0x02,0x00,0x00,0x29,0x19,0x00,0x00,0x73,0x08,0x00,0x00,
0x3d,0x00,0x04,0x00,0x1a,0x00,0x00,0x00,0x57,0x19,0x00,0x00,0x56,0x19,0x00,0x00,
0x41,0x00,0x06,0x00,0xf0,0x02,0x00,0x00,0x5a,0x19,0x00,0x00,0xf8,0x02,0x00,0x00,
0x29,0x19,0x00,0x00,0x73,0x08,0x00,0x00,0x3d,0x00,0x04,0x00,0x1a,0x00,0x00,0x00,
0x5b,0x19,0x00,0x00,0x5a,0x19,0x00,0x00,0x41,0x00,0x06,0x00,0xf0,0x02,0x00,0x00,
0x5e,0x19,0x00,0x00,0xfd,0x02,0x00,0x00,0x29,0x19,0x00,0x00,0x73,0x08,0x00,0x00,
0x3d,0x00,0x04,0x00,0x1a,0x00,0x00,0x00,0x5f,0x19,0x00,0x00,0x5e,0x19,0x00,0x00,
0x50,0x00,0x07,0x00,0x4a,0x00,0x00,0x00,0x60,0x19,0x00,0x00,0x53,0x19,0x00,0x00,
0x57,0x19,0x00,0x00,0x5b,0x19,0x00,0x00,0x5f,0x19,0x00,0x00,0x6e,0x01,0x06,0x00,
0x4a,0x00,0x00,0x00,0x6d,0x19,0x00,0x00,0x3f,0x01,0x00,0x00,0x60,0x19,0x00,0x00,
0x83,0x01,0x00,0x00,0x6e,0x01,0x06,0x00,0x4a,0x00,0x00,0x00,0x6f,0x19,0x00,0x00,
0x3f,0x01,0x00,0x00,0x60,0x19,0x00,0x00,0x45,0x01,0x00,0x00,0x6e,0x01,0x06,0x00,
0x4a,0x00,0x00,0x00,0x71,0x19,0x00,0x00,0x3f,0x01,0x00,0x00,0x60,0x19,0x00,0x00,
0x3e,0x01,0x00,0x00,0x81,0x00,0x05,0x00,0x4a,0x00,0x00,0x00,0x7b,0x19,0x00,0x00,
0x60,0x19,0x00,0x00,0x6d,0x19,0x00,0x00,0x81,0x00,0x05,0x00,0x4a,0x00,0x00,0x00,
0x7d,0x19,0x00,0x00,0x7b,0x19,0x00,0x00,0x6f,0x19,0x00,0x00,0x81,0x00,0x05,0x00,
0x4a,0x00,0x00,0x00,0x7f,0x19,0x00,0x00,0x7d,0x19,0x00,0x00,0x71,0x19,0x00,0x00,
0x8e,0x00,0x05,0x00,0x4a,0x00,0x00,0x00,0x80,0x19,0x00,0x00,0x7f,0x19,0x00,0x00,
0x99,0x02,0x00,0x00,0xf7,0x00,0x03,0x00,0x4c,0x19,0x00,0x00,0x00,0x00,0x00,0x00,
0xfa,0x00,0x04,0x00,0xfb,0x17,0x00,0x00,0x32,0x19,0x00,0x00,0x4c,0x19,0x00,0x00,
0xf8,0x00,0x02,0x00,0x32,0x19,0x00,0x00,0x84,0x00,0x05,0x00,0x29,0x00,0x00,0x00,
0x35,0x19,0x00,0x00,0x7f,0x07,0x00,0x00,0xfa,0x2c,0x00,0x00,0x7c,0x00,0x04,0x00,
0x2e,0x00,0x00,0x00,0x36,0x19,0x00,0x00,0x35,0x19,0x00,0x00,0x86,0x00,0x05,0x00,
0x06,0x00,0x00,0x00,0x38,0x19,0x00,0x00,0xb1,0x07,0x00,0x00,0x3e,0x01,0x00,0x00,
0x7c,0x00,0x04,0x00,0x13,0x00,0x00,0x00,0x39,0x19,0x00,0x00,0x38,0x19,0x00,0x00,
0x86,0x00,0x05,0x00,0x06,0x00,0x00,0x00,0x3b,0x19,0x00,0x00,0xb7,0x07,0x00,0x00,
0x3e,0x01,0x00,0x00,0x7c,0x00,0x04,0x00,0x13,0x00,0x00,0x00,0x3c,0x19,0x00,0x00,
0x3b,0x19,0x00,0x00,0x50,0x00,0x05,0x00,0x2e,0x00,0x00,0x00,0x3d,0x19,0x00,0x00,
0x39,0x19,0x00,0x00,0x3c,0x19,0x00,0x00,0x80,0x00,0x05,0x00,0x2e,0x00,0x00,0x00,
0x3e,0x19,0x00,0x00,0x36,0x19,0x00,0x00,0x3d,0x19,0x00,0x00,0xaa,0x00,0x05,0x00,
0x9d,0x00,0x00,0x00,0xa4,0x19,0x00,0x00,0x3f,0x01,0x00,0x00,0x79,0x0b,0x00,0x00,
0xf7,0x00,0x03,0x00,0xcb,0x19,0x00,0x00,0x00,0x00,0x00,0x00,0xfa,0x00,0x04,0x00,
0xa4,0x19,0x00,0x00,0xa5,0x19,0x00,0x00,0xcb,0x19,0x00,0x00,0xf8,0x00,0x02,0x00,
0xa5,0x19,0x00,0x00,0xaa,0x00,0x05,0x00,0xbb,0x02,0x00,0x00,0xa7,0x19,0x00,0x00,
0x3e,0x19,0x00,0x00,0x9a,0x01,0x00,0x00,0x9b,0x00,0x04,0x00,0x9d,0x00,0x00,0x00,
0xa8,0x19,0x00,0x00,0xa7,0x19,0x00,0x00,0xf7,0x00,0x03,0x00,0xca,0x19,0x00,0x00,
0x00,0x00,0x00,0x00,0xfa,0x00,0x04,0x00,0xa8,0x19,0x00,0x00,0xa9,0x19,0x00,0x00,
0xca,0x19,0x00,0x00,0xf8,0x00,0x02,0x00,0xa9,0x19,0x00,0x00,0x3d,0x00,0x04,0x00,
0x96,0x01,0x00,0x00,0x14,0x1a,0x00,0x00,0x98,0x01,0x00,0x00,0x62,0x00,0x05,0x00,
0x4a,0x00,0x00,0x00,0x15,0x1a,0x00,0x00,0x14,0x1a,0x00,0x00,0x9a,0x01,0x00,0x00,
0x51,0x00,0x05,0x00,0x1a,0x00,0x00,0x00,0xac,0x19,0x00,0x00,0x80,0x19,0x00,0x00,
0x01,0x00,0x00,0x00,0x51,0x00,0x05,0x00,0x1a,0x00,0x00,0x00,0xae,0x19,0x00,0x00,
0x15,0x1a,0x00,0x00,0x01,0x00,0x00,0x00,0x51,0x00,0x05,0x00,0x1a,0x00,0x00,0x00,
0xb0,0x19,0x00,0x00,0x80,0x19,0x00,0x00,0x00,0x00,0x00,0x00,0xb8,0x00,0x05,0x00,
0x9d,0x00,0x00,0x00,0xb2,0x19,0x00,0x00,0xae,0x19,0x00,0x00,0xcc,0x02,0x00,0x00,
0xf7,0x00,0x03,0x00,0xc0,0x19,0x00,0x00,0x00,0x00,0x00,0x00,0xfa,0x00,0x04,0x00,
0xb2,0x19,0x00,0x00,0xb3,0x19,0x00,0x00,0xc0,0x19,0x00,0x00,0xf8,0x00,0x02,0x00,
0xb3,0x19,0x00,0x00,0x83,0x00,0x05,0x00,0x1a,0x00,0x00,0x00,0xb7,0x19,0x00,0x00,
0xb0,0x19,0x00,0x00,0xae,0x19,0x00,0x00,0x41,0x00,0x05,0x00,0x65,0x01,0x00,0x00,
0x18,0x1a,0x00,0x00,0x5e,0x01,0x00,0x00,0x64,0x01,0x00,0x00,0x3d,0x00,0x04,0x00,
0x1a,0x00,0x00,0x00,0x19,0x1a,0x00,0x00,0x18,0x1a,0x00,0x00,0x7f,0x00,0x04,0x00,
0x1a,0x00,0x00,0x00,0xb9,0x19,0x00,0x00,0x19,0x1a,0x00,0x00,0x0c,0x00,0x06,0x00,
0x1a,0x00,0x00,0x00,0xba,0x19,0x00,0x00,0x01,0x00,0x00,0x00,0x1b,0x00,0x00,0x00,
0xb9,0x19,0x00,0x00,0x83,0x00,0x05,0x00,0x1a,0x00,0x00,0x00,0xbb,0x19,0x00,0x00,
0x58,0x02,0x00,0x00,0xba,0x19,0x00,0x00,0x85,0x00,0x05,0x00,0x1a,0x00,0x00,0x00,
0xbc,0x19,0x00,0x00,0xb7,0x19,0x00,0x00,0xbb,0x19,0x00,0x00,0x81,0x00,0x05,0x00,
0x1a,0x00,0x00,0x00,0xbd,0x19,0x00,0x00,0xae,0x19,0x00,0x00,0xbc,0x19,0x00,0x00,
0x0c,0x00,0x07,0x00,0x1a,0x00,0x00,0x00,0x1e,0x1a,0x00,0x00,0x01,0x00,0x00,0x00,
0x28,0x00,0x00,0x00,0x8d,0x01,0x00,0x00,0xbd,0x19,0x00,0x00,0xf9,0x00,0x02,0x00,
0xc0,0x19,0x00,0x00,0xf8,0x00,0x02,0x00,0xc0,0x19,0x00,0x00,0xf5,0x00,0x07,0x00,
0x1a,0x00,0x00,0x00,0x4e,0x2d,0x00,0x00,0xb0,0x19,0x00,0x00,0xa9,0x19,0x00,0x00,
0x1e,0x1a,0x00,0x00,0xb3,0x19,0x00,0x00,0x0c,0x00,0x06,0x00,0x1a,0x00,0x00,0x00,
0x26,0x1a,0x00,0x00,0x01,0x00,0x00,0x00,0x1b,0x00,0x00,0x00,0x4e,0x2d,0x00,0x00,
0x85,0x00,0x05,0x00,0x1a,0x00,0x00,0x00,0x29,0x1a,0x00,0x00,0x26,0x1a,0x00,0x00,
0xea,0x2c,0x00,0x00,0x0c,0x00,0x06,0x00,0x1a,0x00,0x00,0x00,0x2a,0x1a,0x00,0x00,
0x01,0x00,0x00,0x00,0x1e,0x00,0x00,0x00,0x29,0x1a,0x00,0x00,0x0c,0x00,0x07,0x00,
0x1a,0x00,0x00,0x00,0x34,0x1a,0x00,0x00,0x01,0x00,0x00,0x00,0x1a,0x00,0x00,0x00,
0x52,0x02,0x00,0x00,0x2a,0x1a,0x00,0x00,0x88,0x00,0x05,0x00,0x1a,0x00,0x00,0x00,
0x2f,0x1a,0x00,0x00,0xeb,0x2c,0x00,0x00,0x34,0x1a,0x00,0x00,0x52,0x00,0x06,0x00,
0x4a,0x00,0x00,0x00,0x58,0x2c,0x00,0x00,0x2f,0x1a,0x00,0x00,0x15,0x1a,0x00,0x00,
0x00,0x00,0x00,0x00,0x52,0x00,0x06,0x00,0x4a,0x00,0x00,0x00,0x5a,0x2c,0x00,0x00,
0x4e,0x2d,0x00,0x00,0x58,0x2c,0x00,0x00,0x01,0x00,0x00,0x00,0x52,0x00,0x06,0x00,
0x4a,0x00,0x00,0x00,0x5c,0x2c,0x00,0x00,0xac,0x19,0x00,0x00,0x5a,0x2c,0x00,0x00,
0x02,0x00,0x00,0x00,0x3d,0x00,0x04,0x00,0x96,0x01,0x00,0x00,0x36,0x1a,0x00,0x00,
0x98,0x01,0x00,0x00,0x63,0x00,0x04,0x00,0x36,0x1a,0x00,0x00,0x9a,0x01,0x00,0x00,
0x5c,0x2c,0x00,0x00,0xf9,0x00,0x02,0x00,0xca,0x19,0x00,0x00,0xf8,0x00,0x02,0x00,
0xca,0x19,0x00,0x00,0xf9,0x00,0x02,0x00,0xcb,0x19,0x00,0x00,0xf8,0x00,0x02,0x00,
0xcb,0x19,0x00,0x00,0x80,0x00,0x05,0x00,0x06,0x00,0x00,0x00,0x47,0x19,0x00,0x00,
0x70,0x08,0x00,0x00,0x3b,0x19,0x00,0x00,0x51,0x00,0x05,0x00,0x1a,0x00,0x00,0x00,
0x3c,0x1a,0x00,0x00,0x80,0x19,0x00,0x00,0x00,0x00,0x00,0x00,0x41,0x00,0x06,0x00,
0xf0,0x02,0x00,0x00,0x3d,0x1a,0x00,0x00,0xed,0x02,0x00,0x00,0x47,0x19,0x00,0x00,
0x73,0x08,0x00,0x00,0x3e,0x00,0x03,0x00,0x3d,0x1a,0x00,0x00,0x3c,0x1a,0x00,0x00,
0x51,0x00,0x05,0x00,0x1a,0x00,0x00,0x00,0x41,0x1a,0x00,0x00,0x80,0x19,0x00,0x00,
0x01,0x00,0x00,0x00,0x41,0x00,0x06,0x00,0xf0,0x02,0x00,0x00,0x42,0x1a,0x00,0x00,
0xf3,0x02,0x00,0x00,0x47,0x19,0x00,0x00,0x73,0x08,0x00,0x00,0x3e,0x00,0x03,0x00,
0x42,0x1a,0x00,0x00,0x41,0x1a,0x00,0x00,0x51,0x00,0x05,0x00,0x1a,0x00,0x00,0x00,
0x46,0x1a,0x00,0x00,0x80,0x19,0x00,0x00,0x02,0x00,0x00,0x00,0x41,0x00,0x06,0x00,
0xf0,0x02,0x00,0x00,0x47,0x1a,0x00,0x00,0xf8,0x02,0x00,0x00,0x47,0x19,0x00,0x00,
0x73,0x08,0x00,0x00,0x3e,0x00,0x03,0x00,0x47,0x1a,0x00,0x00,0x46,0x1a,0x00,0x00,
0x51,0x00,0x05,0x00,0x1a,0x00,0x00,0x00,0x4b,0x1a,0x00,0x00,0x80,0x19,0x00,0x00,
0x03,0x00,0x00,0x00,0x41,0x00,0x06,0x00,0xf0,0x02,0x00,0x00,0x4c,0x1a,0x00,0x00,
0xfd,0x02,0x00,0x00,0x47,0x19,0x00,0x00,0x73,0x08,0x00,0x00,0x3e,0x00,0x03,0x00,
0x4c,0x1a,0x00,0x00,0x4b,0x1a,0x00,0x00,0xf9,0x00,0x02,0x00,0x4c,0x19,0x00,0x00,
0xf8,0x00,0x02,0x00,0x4c,0x19,0x00,0x00,0xf9,0x00,0x02,0x00,0x4d,0x19,0x00,0x00,
0xf8,0x00,0x02,0x00,0x4d,0x19,0x00,0x00,0xb2,0x00,0x05,0x00,0x9d,0x00,0x00,0x00,
0xcd,0x17,0x00,0x00,0x6e,0x07,0x00,0x00,0xcb,0x01,0x00,0x00,0xf7,0x00,0x03,0x00,
0xcf,0x17,0x00,0x00,0x00,0x00,0x00,0x00,0xfa,0x00,0x04,0x00,0xcd,0x17,0x00,0x00,
0xce,0x17,0x00,0x00,0xcf,0x17,0x00,0x00,0xf8,0x00,0x02,0x00,0xce,0x17,0x00,0x00,
0xf9,0x00,0x02,0x00,0xe6,0x17,0x00,0x00,0xf8,0x00,0x02,0x00,0xcf,0x17,0x00,0x00,
0xe1,0x00,0x03,0x00,0x3e,0x01,0x00,0x00,0x19,0x03,0x00,0x00,0xe0,0x00,0x04,0x00,
0x3e,0x01,0x00,0x00,0x3e,0x01,0x00,0x00,0x1a,0x03,0x00,0x00,0xb0,0x00,0x05,0x00,
0x9d,0x00,0x00,0x00,0x5b,0x1a,0x00,0x00,0x37,0x07,0x00,0x00,0xe9,0x02,0x00,0x00,
0xf7,0x00,0x03,0x00,0x81,0x1a,0x00,0x00,0x00,0x00,0x00,0x00,0xfa,0x00,0x04,0x00,
0x5b,0x1a,0x00,0x00,0x5c,0x1a,0x00,0x00,0x81,0x1a,0x00,0x00,0xf8,0x00,0x02,0x00,
0x5c,0x1a,0x00,0x00,0x84,0x00,0x05,0x00,0x06,0x00,0x00,0x00,0x5e,0x1a,0x00,0x00,
0xb1,0x07,0x00,0x00,0xcb,0x01,0x00,0x00,0x80,0x00,0x05,0x00,0x06,0x00,0x00,0x00,
0x60,0x1a,0x00,0x00,0x5e,0x1a,0x00,0x00,0xb7,0x07,0x00,0x00,0x84,0x00,0x05,0x00,
0x06,0x00,0x00,0x00,0x62,0x1a,0x00,0x00,0xb7,0x07,0x00,0x00,0xcb,0x01,0x00,0x00,
0x41,0x00,0x06,0x00,0xf0,0x02,0x00,0x00,0x86,0x1a,0x00,0x00,0xed,0x02,0x00,0x00,
0x60,0x1a,0x00,0x00,0x62,0x1a,0x00,0x00,0x3d,0x00,0x04,0x00,0x1a,0x00,0x00,0x00,
0x87,0x1a,0x00,0x00,0x86,0x1a,0x00,0x00,0x41,0x00,0x06,0x00,0xf0,0x02,0x00,0x00,
0x8a,0x1a,0x00,0x00,0xf3,0x02,0x00,0x00,0x60,0x1a,0x00,0x00,0x62,0x1a,0x00,0x00,
0x3d,0x00,0x04,0x00,0x1a,0x00,0x00,0x00,0x8b,0x1a,0x00,0x00,0x8a,0x1a,0x00,0x00,
0x41,0x00,0x06,0x00,0xf0,0x02,0x00,0x00,0x8e,0x1a,0x00,0x00,0xf8,0x02,0x00,0x00,
0x60,0x1a,0x00,0x00,0x62,0x1a,0x00,0x00,0x3d,0x00,0x04,0x00,0x1a,0x00,0x00,0x00,
0x8f,0x1a,0x00,0x00,0x8e,0x1a,0x00,0x00,0x41,0x00,0x06,0x00,0xf0,0x02,0x00,0x00,
0x92,0x1a,0x00,0x00,0xfd,0x02,0x00,0x00,0x60,0x1a,0x00,0x00,0x62,0x1a,0x00,0x00,
0x3d,0x00,0x04,0x00,0x1a,0x00,0x00,0x00,0x93,0x1a,0x00,0x00,0x92,0x1a,0x00,0x00,
0x50,0x00,0x07,0x00,0x4a,0x00,0x00,0x00,0x94,0x1a,0x00,0x00,0x87,0x1a,0x00,0x00,
0x8b,0x1a,0x00,0x00,0x8f,0x1a,0x00,0x00,0x93,0x1a,0x00,0x00,0x6e,0x01,0x06,0x00,
0x4a,0x00,0x00,0x00,0xa1,0x1a,0x00,0x00,0x3f,0x01,0x00,0x00,0x94,0x1a,0x00,0x00,
0x83,0x01,0x00,0x00,0x6e,0x01,0x06,0x00,0x4a,0x00,0x00,0x00,0xa3,0x1a,0x00,0x00,
0x3f,0x01,0x00,0x00,0x94,0x1a,0x00,0x00,0x45,0x01,0x00,0x00,0x6e,0x01,0x06,0x00,
0x4a,0x00,0x00,0x00,0xa5,0x1a,0x00,0x00,0x3f,0x01,0x00,0x00,0x94,0x1a,0x00,0x00,
0x3e,0x01,0x00,0x00,0x81,0x00,0x05,0x00,0x4a,0x00,0x00,0x00,0xaf,0x1a,0x00,0x00,
0x94,0x1a,0x00,0x00,0xa1,0x1a,0x00,0x00,0x81,0x00,0x05,0x00,0x4a,0x00,0x00,0x00,
0xb1,0x1a,0x00,0x00,0xaf,0x1a,0x00,0x00,0xa3,0x1a,0x00,0x00,0x81,0x00,0x05,0x00,
0x4a,0x00,0x00,0x00,0xb3,0x1a,0x00,0x00,0xb1,0x1a,0x00,0x00,0xa5,0x1a,0x00,0x00,
0x8e,0x00,0x05,0x00,0x4a,0x00,0x00,0x00,0xb4,0x1a,0x00,0x00,0xb3,0x1a,0x00,0x00,
0x99,0x02,0x00,0x00,0xf7,0x00,0x03,0x00,0x80,0x1a,0x00,0x00,0x00,0x00,0x00,0x00,
0xfa,0x00,0x04,0x00,0xfb,0x17,0x00,0x00,0x69,0x1a,0x00,0x00,0x80,0x1a,0x00,0x00,
0xf8,0x00,0x02,0x00,0x69,0x1a,0x00,0x00,0x84,0x00,0x05,0x00,0x29,0x00,0x00,0x00,
0x6c,0x1a,0x00,0x00,0x7f,0x07,0x00,0x00,0xfb,0x2c,0x00,0x00,0x7c,0x00,0x04,0x00,
0x2e,0x00,0x00,0x00,0x6d,0x1a,0x00,0x00,0x6c,0x1a,0x00,0x00,0x86,0x00,0x05,0x00,
0x06,0x00,0x00,0x00,0x6f,0x1a,0x00,0x00,0xb1,0x07,0x00,0x00,0x3e,0x01,0x00,0x00,
0x7c,0x00,0x04,0x00,0x13,0x00,0x00,0x00,0x70,0x1a,0x00,0x00,0x6f,0x1a,0x00,0x00,
0x86,0x00,0x05,0x00,0x06,0x00,0x00,0x00,0x72,0x1a,0x00,0x00,0xb7,0x07,0x00,0x00,
0x3e,0x01,0x00,0x00,0x7c,0x00,0x04,0x00,0x13,0x00,0x00,0x00,0x73,0x1a,0x00,0x00,
0x72,0x1a,0x00,0x00,0x50,0x00,0x05,0x00,0x2e,0x00,0x00,0x00,0x74,0x1a,0x00,0x00,
0x70,0x1a,0x00,0x00,0x73,0x1a,0x00,0x00,0x80,0x00,0x05,0x00,0x2e,0x00,0x00,0x00,
0x75,0x1a,0x00,0x00,0x6d,0x1a,0x00,0x00,0x74,0x1a,0x00,0x00,0xaa,0x00,0x05,0x00,
0x9d,0x00,0x00,0x00,0xd8,0x1a,0x00,0x00,0xcb,0x01,0x00,0x00,0x79,0x0b,0x00,0x00,
0xf7,0x00,0x03,0x00,0xff,0x1a,0x00,0x00,0x00,0x00,0x00,0x00,0xfa,0x00,0x04,0x00,
0xd8,0x1a,0x00,0x00,0xd9,0x1a,0x00,0x00,0xff,0x1a,0x00,0x00,0xf8,0x00,0x02,0x00,
0xd9,0x1a,0x00,0x00,0xaa,0x00,0x05,0x00,0xbb,0x02,0x00,0x00,0xdb,0x1a,0x00,0x00,
0x75,0x1a,0x00,0x00,0x9a,0x01,0x00,0x00,0x9b,0x00,0x04,0x00,0x9d,0x00,0x00,0x00,
0xdc,0x1a,0x00,0x00,0xdb,0x1a,0x00,0x00,0xf7,0x00,0x03,0x00,0xfe,0x1a,0x00,0x00,
0x00,0x00,0x00,0x00,0xfa,0x00,0x04,0x00,0xdc,0x1a,0x00,0x00,0xdd,0x1a,0x00,0x00,
0xfe,0x1a,0x00,0x00,0xf8,0x00,0x02,0x00,0xdd,0x1a,0x00,0x00,0x3d,0x00,0x04,0x00,
0x96,0x01,0x00,0x00,0x48,0x1b,0x00,0x00,0x98,0x01,0x00,0x00,0x62,0x00,0x05,0x00,
0x4a,0x00,0x00,0x00,0x49,0x1b,0x00,0x00,0x48,0x1b,0x00,0x00,0x9a,0x01,0x00,0x00,
0x51,0x00,0x05,0x00,0x1a,0x00,0x00,0x00,0xe0,0x1a,0x00,0x00,0xb4,0x1a,0x00,0x00,
0x01,0x00,0x00,0x00,0x51,0x00,0x05,0x00,0x1a,0x00,0x00,0x00,0xe2,0x1a,0x00,0x00,
0x49,0x1b,0x00,0x00,0x01,0x00,0x00,0x00,0x51,0x00,0x05,0x00,0x1a,0x00,0x00,0x00,
0xe4,0x1a,0x00,0x00,0xb4,0x1a,0x00,0x00,0x00,0x00,0x00,0x00,0xb8,0x00,0x05,0x00,
0x9d,0x00,0x00,0x00,0xe6,0x1a,0x00,0x00,0xe2,0x1a,0x00,0x00,0xcc,0x02,0x00,0x00,
0xf7,0x00,0x03,0x00,0xf4,0x1a,0x00,0x00,0x00,0x00,0x00,0x00,0xfa,0x00,0x04,0x00,
0xe6,0x1a,0x00,0x00,0xe7,0x1a,0x00,0x00,0xf4,0x1a,0x00,0x00,0xf8,0x00,0x02,0x00,
0xe7,0x1a,0x00,0x00,0x83,0x00,0x05,0x00,0x1a,0x00,0x00,0x00,0xeb,0x1a,0x00,0x00,
0xe4,0x1a,0x00,0x00,0xe2,0x1a,0x00,0x00,0x41,0x00,0x05,0x00,0x65,0x01,0x00,0x00,
0x4c,0x1b,0x00,0x00,0x5e,0x01,0x00,0x00,0x64,0x01,0x00,0x00,0x3d,0x00,0x04,0x00,
0x1a,0x00,0x00,0x00,0x4d,0x1b,0x00,0x00,0x4c,0x1b,0x00,0x00,0x7f,0x00,0x04,0x00,
0x1a,0x00,0x00,0x00,0xed,0x1a,0x00,0x00,0x4d,0x1b,0x00,0x00,0x0c,0x00,0x06,0x00,
0x1a,0x00,0x00,0x00,0xee,0x1a,0x00,0x00,0x01,0x00,0x00,0x00,0x1b,0x00,0x00,0x00,
0xed,0x1a,0x00,0x00,0x83,0x00,0x05,0x00,0x1a,0x00,0x00,0x00,0xef,0x1a,0x00,0x00,
0x58,0x02,0x00,0x00,0xee,0x1a,0x00,0x00,0x85,0x00,0x05,0x00,0x1a,0x00,0x00,0x00,
0xf0,0x1a,0x00,0x00,0xeb,0x1a,0x00,0x00,0xef,0x1a,0x00,0x00,0x81,0x00,0x05,0x00,
0x1a,0x00,0x00,0x00,0xf1,0x1a,0x00,0x00,0xe2,0x1a,0x00,0x00,0xf0,0x1a,0x00,0x00,
0x0c,0x00,0x07,0x00,0x1a,0x00,0x00,0x00,0x52,0x1b,0x00,0x00,0x01,0x00,0x00,0x00,
0x28,0x00,0x00,0x00,0x8d,0x01,0x00,0x00,0xf1,0x1a,0x00,0x00,0xf9,0x00,0x02,0x00,
0xf4,0x1a,0x00,0x00,0xf8,0x00,0x02,0x00,0xf4,0x1a,0x00,0x00,0xf5,0x00,0x07,0x00,
0x1a,0x00,0x00,0x00,0x50,0x2d,0x00,0x00,0xe4,0x1a,0x00,0x00,0xdd,0x1a,0x00,0x00,
0x52,0x1b,0x00,0x00,0xe7,0x1a,0x00,0x00,0x0c,0x00,0x06,0x00,0x1a,0x00,0x00,0x00,
0x5a,0x1b,0x00,0x00,0x01,0x00,0x00,0x00,0x1b,0x00,0x00,0x00,0x50,0x2d,0x00,0x00,
0x85,0x00,0x05,0x00,0x1a,0x00,0x00,0x00,0x5d,0x1b,0x00,0x00,0x5a,0x1b,0x00,0x00,
0xea,0x2c,0x00,0x00,0x0c,0x00,0x06,0x00,0x1a,0x00,0x00,0x00,0x5e,0x1b,0x00,0x00,
0x01,0x00,0x00,0x00,0x1e,0x00,0x00,0x00,0x5d,0x1b,0x00,0x00,0x0c,0x00,0x07,0x00,
0x1a,0x00,0x00,0x00,0x68,0x1b,0x00,0x00,0x01,0x00,0x00,0x00,0x1a,0x00,0x00,0x00,
0x52,0x02,0x00,0x00,0x5e,0x1b,0x00,0x00,0x88,0x00,0x05,0x00,0x1a,0x00,0x00,0x00,
0x63,0x1b,0x00,0x00,0xeb,0x2c,0x00,0x00,0x68,0x1b,0x00,0x00,0x52,0x00,0x06,0x00,
0x4a,0x00,0x00,0x00,0x66,0x2c,0x00,0x00,0x63,0x1b,0x00,0x00,0x49,0x1b,0x00,0x00,
0x00,0x00,0x00,0x00,0x52,0x00,0x06,0x00,0x4a,0x00,0x00,0x00,0x68,0x2c,0x00,0x00,
0x50,0x2d,0x00,0x00,0x66,0x2c,0x00,0x00,0x01,0x00,0x00,0x00,0x52,0x00,0x06,0x00,
0x4a,0x00,0x00,0x00,0x6a,0x2c,0x00,0x00,0xe0,0x1a,0x00,0x00,0x68,0x2c,0x00,0x00,
0x02,0x00,0x00,0x00,0x3d,0x00,0x04,0x00,0x96,0x01,0x00,0x00,0x6a,0x1b,0x00,0x00,
0x98,0x01,0x00,0x00,0x63,0x00,0x04,0x00,0x6a,0x1b,0x00,0x00,0x9a,0x01,0x00,0x00,
0x6a,0x2c,0x00,0x00,0xf9,0x00,0x02,0x00,0xfe,0x1a,0x00,0x00,0xf8,0x00,0x02,0x00,
0xfe,0x1a,0x00,0x00,0xf9,0x00,0x02,0x00,0xff,0x1a,0x00,0x00,0xf8,0x00,0x02,0x00,
0xff,0x1a,0x00,0x00,0x80,0x00,0x05,0x00,0x06,0x00,0x00,0x00,0x7d,0x1a,0x00,0x00,
0x6f,0x1a,0x00,0x00,0xb7,0x07,0x00,0x00,0x51,0x00,0x05,0x00,0x1a,0x00,0x00,0x00,
0x70,0x1b,0x00,0x00,0xb4,0x1a,0x00,0x00,0x00,0x00,0x00,0x00,0x41,0x00,0x06,0x00,
0xf0,0x02,0x00,0x00,0x71,0x1b,0x00,0x00,0xed,0x02,0x00,0x00,0x7d,0x1a,0x00,0x00,
0x83,0x01,0x00,0x00,0x3e,0x00,0x03,0x00,0x71,0x1b,0x00,0x00,0x70,0x1b,0x00,0x00,
0x51,0x00,0x05,0x00,0x1a,0x00,0x00,0x00,0x75,0x1b,0x00,0x00,0xb4,0x1a,0x00,0x00,
0x01,0x00,0x00,0x00,0x41,0x00,0x06,0x00,0xf0,0x02,0x00,0x00,0x76,0x1b,0x00,0x00,
0xf3,0x02,0x00,0x00,0x7d,0x1a,0x00,0x00,0x83,0x01,0x00,0x00,0x3e,0x00,0x03,0x00,
0x76,0x1b,0x00,0x00,0x75,0x1b,0x00,0x00,0x51,0x00,0x05,0x00,0x1a,0x00,0x00,0x00,
0x7a,0x1b,0x00,0x00,0xb4,0x1a,0x00,0x00,0x02,0x00,0x00,0x00,0x41,0x00,0x06,0x00,
0xf0,0x02,0x00,0x00,0x7b,0x1b,0x00,0x00,0xf8,0x02,0x00,0x00,0x7d,0x1a,0x00,0x00,
0x83,0x01,0x00,0x00,0x3e,0x00,0x03,0x00,0x7b,0x1b,0x00,0x00,0x7a,0x1b,0x00,0x00,
0x51,0x00,0x05,0x00,0x1a,0x00,0x00,0x00,0x7f,0x1b,0x00,0x00,0xb4,0x1a,0x00,0x00,
0x03,0x00,0x00,0x00,0x41,0x00,0x06,0x00,0xf0,0x02,0x00,0x00,0x80,0x1b,0x00,0x00,
0xfd,0x02,0x00,0x00,0x7d,0x1a,0x00,0x00,0x83,0x01,0x00,0x00,0x3e,0x00,0x03,0x00,
0x80,0x1b,0x00,0x00,0x7f,0x1b,0x00,0x00,0xf9,0x00,0x02,0x00,0x80,0x1a,0x00,0x00,
0xf8,0x00,0x02,0x00,0x80,0x1a,0x00,0x00,0xf9,0x00,0x02,0x00,0x81,0x1a,0x00,0x00,
0xf8,0x00,0x02,0x00,0x81,0x1a,0x00,0x00,0xb2,0x00,0x05,0x00,0x9d,0x00,0x00,0x00,
0xdc,0x17,0x00,0x00,0x6e,0x07,0x00,0x00,0xd6,0x01,0x00,0x00,0xf7,0x00,0x03,0x00,
0xde,0x17,0x00,0x00,0x00,0x00,0x00,0x00,0xfa,0x00,0x04,0x00,0xdc,0x17,0x00,0x00,
0xdd,0x17,0x00,0x00,0xde,0x17,0x00,0x00,0xf8,0x00,0x02,0x00,0xdd,0x17,0x00,0x00,
0xf9,0x00,0x02,0x00,0xe6,0x17,0x00,0x00,0xf8,0x00,0x02,0x00,0xde,0x17,0x00,0x00,
0xe1,0x00,0x03,0x00,0x3e,0x01,0x00,0x00,0x19,0x03,0x00,0x00,0xe0,0x00,0x04,0x00,
0x3e,0x01,0x00,0x00,0x3e,0x01,0x00,0x00,0x1a,0x03,0x00,0x00,0xb0,0x00,0x05,0x00,
0x9d,0x00,0x00,0x00,0x8c,0x1b,0x00,0x00,0x37,0x07,0x00,0x00,0xcb,0x01,0x00,0x00,
0xf7,0x00,0x03,0x00,0x9d,0x1b,0x00,0x00,0x00,0x00,0x00,0x00,0xfa,0x00,0x04,0x00,
0x8c,0x1b,0x00,0x00,0x8d,0x1b,0x00,0x00,0x9d,0x1b,0x00,0x00,0xf8,0x00,0x02,0x00,
0x8d,0x1b,0x00,0x00,0x41,0x00,0x06,0x00,0xf0,0x02,0x00,0x00,0xa2,0x1b,0x00,0x00,
0xed,0x02,0x00,0x00,0x37,0x07,0x00,0x00,0x83,0x01,0x00,0x00,0x3d,0x00,0x04,0x00,
0x1a,0x00,0x00,0x00,0xa3,0x1b,0x00,0x00,0xa2,0x1b,0x00,0x00,0x41,0x00,0x06,0x00,
0xf0,0x02,0x00,0x00,0xa6,0x1b,0x00,0x00,0xf3,0x02,0x00,0x00,0x37,0x07,0x00,0x00,
0x83,0x01,0x00,0x00,0x3d,0x00,0x04,0x00,0x1a,0x00,0x00,0x00,0xa7,0x1b,0x00,0x00,
0xa6,0x1b,0x00,0x00,0x41,0x00,0x06,0x00,0xf0,0x02,0x00,0x00,0xaa,0x1b,0x00,0x00,
0xf8,0x02,0x00,0x00,0x37,0x07,0x00,0x00,0x83,0x01,0x00,0x00,0x3d,0x00,0x04,0x00,
0x1a,0x00,0x00,0x00,0xab,0x1b,0x00,0x00,0xaa,0x1b,0x00,0x00,0x41,0x00,0x06,0x00,
0xf0,0x02,0x00,0x00,0xae,0x1b,0x00,0x00,0xfd,0x02,0x00,0x00,0x37,0x07,0x00,0x00,
0x83,0x01,0x00,0x00,0x3d,0x00,0x04,0x00,0x1a,0x00,0x00,0x00,0xaf,0x1b,0x00,0x00,
0xae,0x1b,0x00,0x00,0x50,0x00,0x07,0x00,0x4a,0x00,0x00,0x00,0xb0,0x1b,0x00,0x00,
0xa3,0x1b,0x00,0x00,0xa7,0x1b,0x00,0x00,0xab,0x1b,0x00,0x00,0xaf,0x1b,0x00,0x00,
0x6e,0x01,0x06,0x00,0x4a,0x00,0x00,0x00,0xbd,0x1b,0x00,0x00,0x3f,0x01,0x00,0x00,
0xb0,0x1b,0x00,0x00,0x83,0x01,0x00,0x00,0x6e,0x01,0x06,0x00,0x4a,0x00,0x00,0x00,
0xbf,0x1b,0x00,0x00,0x3f,0x01,0x00,0x00,0xb0,0x1b,0x00,0x00,0x45,0x01,0x00,0x00,
0x6e,0x01,0x06,0x00,0x4a,0x00,0x00,0x00,0xc1,0x1b,0x00,0x00,0x3f,0x01,0x00,0x00,
0xb0,0x1b,0x00,0x00,0x3e,0x01,0x00,0x00,0x81,0x00,0x05,0x00,0x4a,0x00,0x00,0x00,
0xcb,0x1b,0x00,0x00,0xb0,0x1b,0x00,0x00,0xbd,0x1b,0x00,0x00,0x81,0x00,0x05,0x00,
0x4a,0x00,0x00,0x00,0xcd,0x1b,0x00,0x00,0xcb,0x1b,0x00,0x00,0xbf,0x1b,0x00,0x00,
0x81,0x00,0x05,0x00,0x4a,0x00,0x00,0x00,0xcf,0x1b,0x00,0x00,0xcd,0x1b,0x00,0x00,
0xc1,0x1b,0x00,0x00,0x8e,0x00,0x05,0x00,0x4a,0x00,0x00,0x00,0xd0,0x1b,0x00,0x00,
0xcf,0x1b,0x00,0x00,0x99,0x02,0x00,0x00,0xf7,0x00,0x03,0x00,0x9c,0x1b,0x00,0x00,
0x00,0x00,0x00,0x00,0xfa,0x00,0x04,0x00,0xfb,0x17,0x00,0x00,0x95,0x1b,0x00,0x00,
0x9c,0x1b,0x00,0x00,0xf8,0x00,0x02,0x00,0x95,0x1b,0x00,0x00,0x7c,0x00,0x04,0x00,
0x2e,0x00,0x00,0x00,0x97,0x1b,0x00,0x00,0x7f,0x07,0x00,0x00,0x3d,0x00,0x04,0x00,
0xa4,0x01,0x00,0x00,0x52,0x1c,0x00,0x00,0xda,0x01,0x00,0x00,0x51,0x00,0x05,0x00,
0x1a,0x00,0x00,0x00,0x55,0x1c,0x00,0x00,0xd0,0x1b,0x00,0x00,0x00,0x00,0x00,0x00,
0x51,0x00,0x05,0x00,0x1a,0x00,0x00,0x00,0x56,0x1c,0x00,0x00,0xd0,0x1b,0x00,0x00,
0x01,0x00,0x00,0x00,0x50,0x00,0x07,0x00,0x4a,0x00,0x00,0x00,0x57,0x1c,0x00,0x00,
0x55,0x1c,0x00,0x00,0x56,0x1c,0x00,0x00,0x8d,0x01,0x00,0x00,0x8d,0x01,0x00,0x00,
0x63,0x00,0x04,0x00,0x52,0x1c,0x00,0x00,0x97,0x1b,0x00,0x00,0x57,0x1c,0x00,0x00,
0xaa,0x00,0x05,0x00,0x9d,0x00,0x00,0x00,0xf4,0x1b,0x00,0x00,0xd6,0x01,0x00,0x00,
0x79,0x0b,0x00,0x00,0xf7,0x00,0x03,0x00,0x1b,0x1c,0x00,0x00,0x00,0x00,0x00,0x00,
0xfa,0x00,0x04,0x00,0xf4,0x1b,0x00,0x00,0xf5,0x1b,0x00,0x00,0x1b,0x1c,0x00,0x00,
0xf8,0x00,0x02,0x00,0xf5,0x1b,0x00,0x00,0xaa,0x00,0x05,0x00,0xbb,0x02,0x00,0x00,
0xf7,0x1b,0x00,0x00,0x97,0x1b,0x00,0x00,0x9a,0x01,0x00,0x00,0x9b,0x00,0x04,0x00,
0x9d,0x00,0x00,0x00,0xf8,0x1b,0x00,0x00,0xf7,0x1b,0x00,0x00,0xf7,0x00,0x03,0x00,
0x1a,0x1c,0x00,0x00,0x00,0x00,0x00,0x00,0xfa,0x00,0x04,0x00,0xf8,0x1b,0x00,0x00,
0xf9,0x1b,0x00,0x00,0x1a,0x1c,0x00,0x00,0xf8,0x00,0x02,0x00,0xf9,0x1b,0x00,0x00,
0x3d,0x00,0x04,0x00,0x96,0x01,0x00,0x00,0x64,0x1c,0x00,0x00,0x98,0x01,0x00,0x00,
0x62,0x00,0x05,0x00,0x4a,0x00,0x00,0x00,0x65,0x1c,0x00,0x00,0x64,0x1c,0x00,0x00,
0x9a,0x01,0x00,0x00,0x51,0x00,0x05,0x00,0x1a,0x00,0x00,0x00,0xfe,0x1b,0x00,0x00,
0x65,0x1c,0x00,0x00,0x01,0x00,0x00,0x00,0xb8,0x00,0x05,0x00,0x9d,0x00,0x00,0x00,
0x02,0x1c,0x00,0x00,0xfe,0x1b,0x00,0x00,0xcc,0x02,0x00,0x00,0xf7,0x00,0x03,0x00,
0x10,0x1c,0x00,0x00,0x00,0x00,0x00,0x00,0xfa,0x00,0x04,0x00,0x02,0x1c,0x00,0x00,
0x03,0x1c,0x00,0x00,0x10,0x1c,0x00,0x00,0xf8,0x00,0x02,0x00,0x03,0x1c,0x00,0x00,
0x83,0x00,0x05,0x00,0x1a,0x00,0x00,0x00,0x07,0x1c,0x00,0x00,0x55,0x1c,0x00,0x00,
0xfe,0x1b,0x00,0x00,0x41,0x00,0x05,0x00,0x65,0x01,0x00,0x00,0x68,0x1c,0x00,0x00,
0x5e,0x01,0x00,0x00,0x64,0x01,0x00,0x00,0x3d,0x00,0x04,0x00,0x1a,0x00,0x00,0x00,
0x69,0x1c,0x00,0x00,0x68,0x1c,0x00,0x00,0x7f,0x00,0x04,0x00,0x1a,0x00,0x00,0x00,
0x09,0x1c,0x00,0x00,0x69,0x1c,0x00,0x00,0x0c,0x00,0x06,0x00,0x1a,0x00,0x00,0x00,
0x0a,0x1c,0x00,0x00,0x01,0x00,0x00,0x00,0x1b,0x00,0x00,0x00,0x09,0x1c,0x00,0x00,
0x83,0x00,0x05,0x00,0x1a,0x00,0x00,0x00,0x0b,0x1c,0x00,0x00,0x58,0x02,0x00,0x00,
0x0a,0x1c,0x00,0x00,0x85,0x00,0x05,0x00,0x1a,0x00,0x00,0x00,0x0c,0x1c,0x00,0x00,
0x07,0x1c,0x00,0x00,0x0b,0x1c,0x00,0x00,0x81,0x00,0x05,0x00,0x1a,0x00,0x00,0x00,
0x0d,0x1c,0x00,0x00,0xfe,0x1b,0x00,0x00,0x0c,0x1c,0x00,0x00,0x0c,0x00,0x07,0x00,
0x1a,0x00,0x00,0x00,0x6e,0x1c,0x00,0x00,0x01,0x00,0x00,0x00,0x28,0x00,0x00,0x00,
0x8d,0x01,0x00,0x00,0x0d,0x1c,0x00,0x00,0xf9,0x00,0x02,0x00,0x10,0x1c,0x00,0x00,
0xf8,0x00,0x02,0x00,0x10,0x1c,0x00,0x00,0xf5,0x00,0x07,0x00,0x1a,0x00,0x00,0x00,
0x52,0x2d,0x00,0x00,0x55,0x1c,0x00,0x00,0xf9,0x1b,0x00,0x00,0x6e,0x1c,0x00,0x00,
0x03,0x1c,0x00,0x00,0x0c,0x00,0x06,0x00,0x1a,0x00,0x00,0x00,0x76,0x1c,0x00,0x00,
0x01,0x00,0x00,0x00,0x1b,0x00,0x00,0x00,0x52,0x2d,0x00,0x00,0x85,0x00,0x05,0x00,
0x1a,0x00,0x00,0x00,0x79,0x1c,0x00,0x00,0x76,0x1c,0x00,0x00,0xea,0x2c,0x00,0x00,
0x0c,0x00,0x06,0x00,0x1a,0x00,0x00,0x00,0x7a,0x1c,0x00,0x00,0x01,0x00,0x00,0x00,
0x1e,0x00,0x00,0x00,0x79,0x1c,0x00,0x00,0x0c,0x00,0x07,0x00,0x1a,0x00,0x00,0x00,
0x84,0x1c,0x00,0x00,0x01,0x00,0x00,0x00,0x1a,0x00,0x00,0x00,0x52,0x02,0x00,0x00,
0x7a,0x1c,0x00,0x00,0x88,0x00,0x05,0x00,0x1a,0x00,0x00,0x00,0x7f,0x1c,0x00,0x00,
0xeb,0x2c,0x00,0x00,0x84,0x1c,0x00,0x00,0x52,0x00,0x06,0x00,0x4a,0x00,0x00,0x00,
0x74,0x2c,0x00,0x00,0x7f,0x1c,0x00,0x00,0x65,0x1c,0x00,0x00,0x00,0x00,0x00,0x00,
0x52,0x00,0x06,0x00,0x4a,0x00,0x00,0x00,0x76,0x2c,0x00,0x00,0x52,0x2d,0x00,0x00,
0x74,0x2c,0x00,0x00,0x01,0x00,0x00,0x00,0x52,0x00,0x06,0x00,0x4a,0x00,0x00,0x00,
0x78,0x2c,0x00,0x00,0x56,0x1c,0x00,0x00,0x76,0x2c,0x00,0x00,0x02,0x00,0x00,0x00,
0x3d,0x00,0x04,0x00,0x96,0x01,0x00,0x00,0x86,0x1c,0x00,0x00,0x98,0x01,0x00,0x00,
0x63,0x00,0x04,0x00,0x86,0x1c,0x00,0x00,0x9a,0x01,0x00,0x00,0x78,0x2c,0x00,0x00,
0xf9,0x00,0x02,0x00,0x1a,0x1c,0x00,0x00,0xf8,0x00,0x02,0x00,0x1a,0x1c,0x00,0x00,
0xf9,0x00,0x02,0x00,0x1b,0x1c,0x00,0x00,0xf8,0x00,0x02,0x00,0x1b,0x1c,0x00,0x00,
0xf9,0x00,0x02,0x00,0x9c,0x1b,0x00,0x00,0xf8,0x00,0x02,0x00,0x9c,0x1b,0x00,0x00,
0xf9,0x00,0x02,0x00,0x9d,0x1b,0x00,0x00,0xf8,0x00,0x02,0x00,0x9d,0x1b,0x00,0x00,
0xf9,0x00,0x02,0x00,0xe6,0x17,0x00,0x00,0xf8,0x00,0x02,0x00,0xe6,0x17,0x00,0x00,
0xb2,0x00,0x05,0x00,0x9d,0x00,0x00,0x00,0xc7,0x07,0x00,0x00,0x6e,0x07,0x00,0x00,
0xda,0x05,0x00,0x00,0xf7,0x00,0x03,0x00,0xc9,0x07,0x00,0x00,0x00,0x00,0x00,0x00,
0xfa,0x00,0x04,0x00,0xc7,0x07,0x00,0x00,0xc8,0x07,0x00,0x00,0xc9,0x07,0x00,0x00,
0xf8,0x00,0x02,0x00,0xc8,0x07,0x00,0x00,0xf9,0x00,0x02,0x00,0xdd,0x07,0x00,0x00,
0xf8,0x00,0x02,0x00,0xc9,0x07,0x00,0x00,0xaa,0x00,0x05,0x00,0x9d,0x00,0x00,0x00,
0x8c,0x1c,0x00,0x00,0x37,0x07,0x00,0x00,0x83,0x01,0x00,0x00,0xf7,0x00,0x03,0x00,
0x90,0x1c,0x00,0x00,0x00,0x00,0x00,0x00,0xfa,0x00,0x04,0x00,0x8c,0x1c,0x00,0x00,
0x8d,0x1c,0x00,0x00,0x90,0x1c,0x00,0x00,0xf8,0x00,0x02,0x00,0x8d,0x1c,0x00,0x00,
0x3c,0x00,0x06,0x00,0x22,0x02,0x00,0x00,0x9c,0x1c,0x00,0x00,0x21,0x02,0x00,0x00,
0x9a,0x01,0x00,0x00,0x83,0x01,0x00,0x00,0xea,0x00,0x07,0x00,0x06,0x00,0x00,0x00,
0x9d,0x1c,0x00,0x00,0x9c,0x1c,0x00,0x00,0x45,0x01,0x00,0x00,0x83,0x01,0x00,0x00,
0x45,0x01,0x00,0x00,0x3e,0x00,0x03,0x00,0x5e,0x02,0x00,0x00,0x9d,0x1c,0x00,0x00,
0xf9,0x00,0x02,0x00,0x90,0x1c,0x00,0x00,0xf8,0x00,0x02,0x00,0x90,0x1c,0x00,0x00,
0xe1,0x00,0x03,0x00,0x3e,0x01,0x00,0x00,0x19,0x03,0x00,0x00,0xe0,0x00,0x04,0x00,
0x3e,0x01,0x00,0x00,0x3e,0x01,0x00,0x00,0x1a,0x03,0x00,0x00,0x3d,0x00,0x04,0x00,
0x06,0x00,0x00,0x00,0xa1,0x1c,0x00,0x00,0x5e,0x02,0x00,0x00,0x82,0x00,0x05,0x00,
0x06,0x00,0x00,0x00,0x94,0x1c,0x00,0x00,0x72,0x07,0x00,0x00,0x45,0x01,0x00,0x00,
0xab,0x00,0x05,0x00,0x9d,0x00,0x00,0x00,0x95,0x1c,0x00,0x00,0xa1,0x1c,0x00,0x00,
0x94,0x1c,0x00,0x00,0xf7,0x00,0x03,0x00,0xcf,0x07,0x00,0x00,0x00,0x00,0x00,0x00,
0xfa,0x00,0x04,0x00,0x95,0x1c,0x00,0x00,0xce,0x07,0x00,0x00,0xcf,0x07,0x00,0x00,
0xf8,0x00,0x02,0x00,0xce,0x07,0x00,0x00,0xf9,0x00,0x02,0x00,0xdd,0x07,0x00,0x00,
0xf8,0x00,0x02,0x00,0xcf,0x07,0x00,0x00,0x3d,0x00,0x04,0x00,0x1f,0x02,0x00,0x00,
0xa5,0x1c,0x00,0x00,0x21,0x02,0x00,0x00,0x63,0x00,0x05,0x00,0xa5,0x1c,0x00,0x00,
0x9a,0x01,0x00,0x00,0x27,0x02,0x00,0x00,0x00,0x20,0x00,0x00,0xf7,0x00,0x03,0x00,
0x50,0x1d,0x00,0x00,0x00,0x00,0x00,0x00,0xfb,0x00,0x03,0x00,0x83,0x01,0x00,0x00,
0xd2,0x1c,0x00,0x00,0xf8,0x00,0x02,0x00,0xd2,0x1c,0x00,0x00,0x84,0x00,0x05,0x00,
0x06,0x00,0x00,0x00,0xd4,0x1c,0x00,0x00,0xb1,0x07,0x00,0x00,0xcb,0x01,0x00,0x00,
0x7c,0x00,0x04,0x00,0x13,0x00,0x00,0x00,0xd6,0x1c,0x00,0x00,0xd4,0x1c,0x00,0x00,
0x84,0x00,0x05,0x00,0x06,0x00,0x00,0x00,0xd8,0x1c,0x00,0x00,0xb7,0x07,0x00,0x00,
0xcb,0x01,0x00,0x00,0x7c,0x00,0x04,0x00,0x13,0x00,0x00,0x00,0xda,0x1c,0x00,0x00,
0xd8,0x1c,0x00,0x00,0x50,0x00,0x05,0x00,0x2e,0x00,0x00,0x00,0xdb,0x1c,0x00,0x00,
0xd6,0x1c,0x00,0x00,0xda,0x1c,0x00,0x00,0x7c,0x00,0x04,0x00,0x29,0x00,0x00,0x00,
0xe6,0x1c,0x00,0x00,0xdb,0x1c,0x00,0x00,0x80,0x00,0x05,0x00,0x29,0x00,0x00,0x00,
0x5b,0x1d,0x00,0x00,0xe6,0x1c,0x00,0x00,0x6c,0x03,0x00,0x00,0x80,0x00,0x05,0x00,
0x29,0x00,0x00,0x00,0x5d,0x1d,0x00,0x00,0xe6,0x1c,0x00,0x00,0x6f,0x03,0x00,0x00,
0x80,0x00,0x05,0x00,0x29,0x00,0x00,0x00,0x5f,0x1d,0x00,0x00,0xe6,0x1c,0x00,0x00,
0x72,0x03,0x00,0x00,0x7c,0x00,0x04,0x00,0x2e,0x00,0x00,0x00,0x75,0x1d,0x00,0x00,
0xe6,0x1c,0x00,0x00,0xf7,0x00,0x03,0x00,0xc7,0x1d,0x00,0x00,0x00,0x00,0x00,0x00,
0xfb,0x00,0x03,0x00,0x83,0x01,0x00,0x00,0x96,0x1d,0x00,0x00,0xf8,0x00,0x02,0x00,
0x96,0x1d,0x00,0x00,0x3d,0x00,0x04,0x00,0xa4,0x01,0x00,0x00,0xc2,0x1d,0x00,0x00,
0xda,0x01,0x00,0x00,0x62,0x00,0x05,0x00,0x4a,0x00,0x00,0x00,0xc4,0x1d,0x00,0x00,
0xc2,0x1d,0x00,0x00,0x75,0x1d,0x00,0x00,0xf9,0x00,0x02,0x00,0xc7,0x1d,0x00,0x00,
0xf8,0x00,0x02,0x00,0xc7,0x1d,0x00,0x00,0x51,0x00,0x05,0x00,0x1a,0x00,0x00,0x00,
0x8f,0x1d,0x00,0x00,0xc4,0x1d,0x00,0x00,0x00,0x00,0x00,0x00,0x51,0x00,0x05,0x00,
0x1a,0x00,0x00,0x00,0x90,0x1d,0x00,0x00,0xc4,0x1d,0x00,0x00,0x01,0x00,0x00,0x00,
0x50,0x00,0x07,0x00,0x4a,0x00,0x00,0x00,0x91,0x1d,0x00,0x00,0x8f,0x1d,0x00,0x00,
0x90,0x1d,0x00,0x00,0x8d,0x01,0x00,0x00,0x8d,0x01,0x00,0x00,0x7c,0x00,0x04,0x00,
0x2e,0x00,0x00,0x00,0x79,0x1d,0x00,0x00,0x5b,0x1d,0x00,0x00,0xf7,0x00,0x03,0x00,
0x07,0x1e,0x00,0x00,0x00,0x00,0x00,0x00,0xfb,0x00,0x03,0x00,0x83,0x01,0x00,0x00,
0xd6,0x1d,0x00,0x00,0xf8,0x00,0x02,0x00,0xd6,0x1d,0x00,0x00,0x3d,0x00,0x04,0x00,
0xa4,0x01,0x00,0x00,0x02,0x1e,0x00,0x00,0xda,0x01,0x00,0x00,0x62,0x00,0x05,0x00,
0x4a,0x00,0x00,0x00,0x04,0x1e,0x00,0x00,0x02,0x1e,0x00,0x00,0x79,0x1d,0x00,0x00,
0xf9,0x00,0x02,0x00,0x07,0x1e,0x00,0x00,0xf8,0x00,0x02,0x00,0x07,0x1e,0x00,0x00,
0x51,0x00,0x05,0x00,0x1a,0x00,0x00,0x00,0xcf,0x1d,0x00,0x00,0x04,0x1e,0x00,0x00,
0x00,0x00,0x00,0x00,0x51,0x00,0x05,0x00,0x1a,0x00,0x00,0x00,0xd0,0x1d,0x00,0x00,
0x04,0x1e,0x00,0x00,0x01,0x00,0x00,0x00,0x50,0x00,0x07,0x00,0x4a,0x00,0x00,0x00,
0xd1,0x1d,0x00,0x00,0xcf,0x1d,0x00,0x00,0xd0,0x1d,0x00,0x00,0x8d,0x01,0x00,0x00,
0x8d,0x01,0x00,0x00,0x7c,0x00,0x04,0x00,0x2e,0x00,0x00,0x00,0x7d,0x1d,0x00,0x00,
0x5d,0x1d,0x00,0x00,0xf7,0x00,0x03,0x00,0x47,0x1e,0x00,0x00,0x00,0x00,0x00,0x00,
0xfb,0x00,0x03,0x00,0x83,0x01,0x00,0x00,0x16,0x1e,0x00,0x00,0xf8,0x00,0x02,0x00,
0x16,0x1e,0x00,0x00,0x3d,0x00,0x04,0x00,0xa4,0x01,0x00,0x00,0x42,0x1e,0x00,0x00,
0xda,0x01,0x00,0x00,0x62,0x00,0x05,0x00,0x4a,0x00,0x00,0x00,0x44,0x1e,0x00,0x00,
0x42,0x1e,0x00,0x00,0x7d,0x1d,0x00,0x00,0xf9,0x00,0x02,0x00,0x47,0x1e,0x00,0x00,
0xf8,0x00,0x02,0x00,0x47,0x1e,0x00,0x00,0x51,0x00,0x05,0x00,0x1a,0x00,0x00,0x00,
0x0f,0x1e,0x00,0x00,0x44,0x1e,0x00,0x00,0x00,0x00,0x00,0x00,0x51,0x00,0x05,0x00,
0x1a,0x00,0x00,0x00,0x10,0x1e,0x00,0x00,0x44,0x1e,0x00,0x00,0x01,0x00,0x00,0x00,
0x50,0x00,0x07,0x00,0x4a,0x00,0x00,0x00,0x11,0x1e,0x00,0x00,0x0f,0x1e,0x00,0x00,
0x10,0x1e,0x00,0x00,0x8d,0x01,0x00,0x00,0x8d,0x01,0x00,0x00,0x7c,0x00,0x04,0x00,
0x2e,0x00,0x00,0x00,0x81,0x1d,0x00,0x00,0x5f,0x1d,0x00,0x00,0xf7,0x00,0x03,0x00,
0x87,0x1e,0x00,0x00,0x00,0x00,0x00,0x00,0xfb,0x00,0x03,0x00,0x83,0x01,0x00,0x00,
0x56,0x1e,0x00,0x00,0xf8,0x00,0x02,0x00,0x56,0x1e,0x00,0x00,0x3d,0x00,0x04,0x00,
0xa4,0x01,0x00,0x00,0x82,0x1e,0x00,0x00,0xda,0x01,0x00,0x00,0x62,0x00,0x05,0x00,
0x4a,0x00,0x00,0x00,0x84,0x1e,0x00,0x00,0x82,0x1e,0x00,0x00,0x81,0x1d,0x00,0x00,
0xf9,0x00,0x02,0x00,0x87,0x1e,0x00,0x00,0xf8,0x00,0x02,0x00,0x87,0x1e,0x00,0x00,
0x51,0x00,0x05,0x00,0x1a,0x00,0x00,0x00,0x4f,0x1e,0x00,0x00,0x84,0x1e,0x00,0x00,
0x00,0x00,0x00,0x00,0x51,0x00,0x05,0x00,0x1a,0x00,0x00,0x00,0x50,0x1e,0x00,0x00,
0x84,0x1e,0x00,0x00,0x01,0x00,0x00,0x00,0x50,0x00,0x07,0x00,0x4a,0x00,0x00,0x00,
0x51,0x1e,0x00,0x00,0x4f,0x1e,0x00,0x00,0x50,0x1e,0x00,0x00,0x8d,0x01,0x00,0x00,
0x8d,0x01,0x00,0x00,0x81,0x00,0x05,0x00,0x4a,0x00,0x00,0x00,0x8d,0x1e,0x00,0x00,
0x91,0x1d,0x00,0x00,0xd1,0x1d,0x00,0x00,0x81,0x00,0x05,0x00,0x4a,0x00,0x00,0x00,
0x8f,0x1e,0x00,0x00,0x8d,0x1e,0x00,0x00,0x11,0x1e,0x00,0x00,0x81,0x00,0x05,0x00,
0x4a,0x00,0x00,0x00,0x91,0x1e,0x00,0x00,0x8f,0x1e,0x00,0x00,0x51,0x1e,0x00,0x00,
0x8e,0x00,0x05,0x00,0x4a,0x00,0x00,0x00,0x92,0x1e,0x00,0x00,0x91,0x1e,0x00,0x00,
0x99,0x02,0x00,0x00,0xaa,0x00,0x05,0x00,0x9d,0x00,0x00,0x00,0xb6,0x1e,0x00,0x00,
0xda,0x05,0x00,0x00,0x79,0x0b,0x00,0x00,0xf7,0x00,0x03,0x00,0xdd,0x1e,0x00,0x00,
0x00,0x00,0x00,0x00,0xfa,0x00,0x04,0x00,0xb6,0x1e,0x00,0x00,0xb7,0x1e,0x00,0x00,
0xdd,0x1e,0x00,0x00,0xf8,0x00,0x02,0x00,0xb7,0x1e,0x00,0x00,0xaa,0x00,0x05,0x00,
0xbb,0x02,0x00,0x00,0xb9,0x1e,0x00,0x00,0x75,0x08,0x00,0x00,0x9a,0x01,0x00,0x00,
0x9b,0x00,0x04,0x00,0x9d,0x00,0x00,0x00,0xba,0x1e,0x00,0x00,0xb9,0x1e,0x00,0x00,
0xf7,0x00,0x03,0x00,0xdc,0x1e,0x00,0x00,0x00,0x00,0x00,0x00,0xfa,0x00,0x04,0x00,
0xba,0x1e,0x00,0x00,0xbb,0x1e,0x00,0x00,0xdc,0x1e,0x00,0x00,0xf8,0x00,0x02,0x00,
0xbb,0x1e,0x00,0x00,0x3d,0x00,0x04,0x00,0x96,0x01,0x00,0x00,0x26,0x1f,0x00,0x00,
0x98,0x01,0x00,0x00,0x62,0x00,0x05,0x00,0x4a,0x00,0x00,0x00,0x27,0x1f,0x00,0x00,
0x26,0x1f,0x00,0x00,0x9a,0x01,0x00,0x00,0x51,0x00,0x05,0x00,0x1a,0x00,0x00,0x00,
0xbe,0x1e,0x00,0x00,0x92,0x1e,0x00,0x00,0x01,0x00,0x00,0x00,0x51,0x00,0x05,0x00,
0x1a,0x00,0x00,0x00,0xc0,0x1e,0x00,0x00,0x27,0x1f,0x00,0x00,0x01,0x00,0x00,0x00,
0x51,0x00,0x05,0x00,0x1a,0x00,0x00,0x00,0xc2,0x1e,0x00,0x00,0x92,0x1e,0x00,0x00,
0x00,0x00,0x00,0x00,0xb8,0x00,0x05,0x00,0x9d,0x00,0x00,0x00,0xc4,0x1e,0x00,0x00,
0xc0,0x1e,0x00,0x00,0xcc,0x02,0x00,0x00,0xf7,0x00,0x03,0x00,0xd2,0x1e,0x00,0x00,
0x00,0x00,0x00,0x00,0xfa,0x00,0x04,0x00,0xc4,0x1e,0x00,0x00,0xc5,0x1e,0x00,0x00,
0xd2,0x1e,0x00,0x00,0xf8,0x00,0x02,0x00,0xc5,0x1e,0x00,0x00,0x83,0x00,0x05,0x00,
0x1a,0x00,0x00,0x00,0xc9,0x1e,0x00,0x00,0xc2,0x1e,0x00,0x00,0xc0,0x1e,0x00,0x00,
0x41,0x00,0x05,0x00,0x65,0x01,0x00,0x00,0x2a,0x1f,0x00,0x00,0x5e,0x01,0x00,0x00,
0x64,0x01,0x00,0x00,0x3d,0x00,0x04,0x00,0x1a,0x00,0x00,0x00,0x2b,0x1f,0x00,0x00,
0x2a,0x1f,0x00,0x00,0x7f,0x00,0x04,0x00,0x1a,0x00,0x00,0x00,0xcb,0x1e,0x00,0x00,
0x2b,0x1f,0x00,0x00,0x0c,0x00,0x06,0x00,0x1a,0x00,0x00,0x00,0xcc,0x1e,0x00,0x00,
0x01,0x00,0x00,0x00,0x1b,0x00,0x00,0x00,0xcb,0x1e,0x00,0x00,0x83,0x00,0x05,0x00,
0x1a,0x00,0x00,0x00,0xcd,0x1e,0x00,0x00,0x58,0x02,0x00,0x00,0xcc,0x1e,0x00,0x00,
0x85,0x00,0x05,0x00,0x1a,0x00,0x00,0x00,0xce,0x1e,0x00,0x00,0xc9,0x1e,0x00,0x00,
0xcd,0x1e,0x00,0x00,0x81,0x00,0x05,0x00,0x1a,0x00,0x00,0x00,0xcf,0x1e,0x00,0x00,
0xc0,0x1e,0x00,0x00,0xce,0x1e,0x00,0x00,0x0c,0x00,0x07,0x00,0x1a,0x00,0x00,0x00,
0x30,0x1f,0x00,0x00,0x01,0x00,0x00,0x00,0x28,0x00,0x00,0x00,0x8d,0x01,0x00,0x00,
0xcf,0x1e,0x00,0x00,0xf9,0x00,0x02,0x00,0xd2,0x1e,0x00,0x00,0xf8,0x00,0x02,0x00,
0xd2,0x1e,0x00,0x00,0xf5,0x00,0x07,0x00,0x1a,0x00,0x00,0x00,0x54,0x2d,0x00,0x00,
0xc2,0x1e,0x00,0x00,0xbb,0x1e,0x00,0x00,0x30,0x1f,0x00,0x00,0xc5,0x1e,0x00,0x00,
0x0c,0x00,0x06,0x00,0x1a,0x00,0x00,0x00,0x38,0x1f,0x00,0x00,0x01,0x00,0x00,0x00,
0x1b,0x00,0x00,0x00,0x54,0x2d,0x00,0x00,0x85,0x00,0x05,0x00,0x1a,0x00,0x00,0x00,
0x3b,0x1f,0x00,0x00,0x38,0x1f,0x00,0x00,0xea,0x2c,0x00,0x00,0x0c,0x00,0x06,0x00,
0x1a,0x00,0x00,0x00,0x3c,0x1f,0x00,0x00,0x01,0x00,0x00,0x00,0x1e,0x00,0x00,0x00,
0x3b,0x1f,0x00,0x00,0x0c,0x00,0x07,0x00,0x1a,0x00,0x00,0x00,0x46,0x1f,0x00,0x00,
0x01,0x00,0x00,0x00,0x1a,0x00,0x00,0x00,0x52,0x02,0x00,0x00,0x3c,0x1f,0x00,0x00,
0x88,0x00,0x05,0x00,0x1a,0x00,0x00,0x00,0x41,0x1f,0x00,0x00,0xeb,0x2c,0x00,0x00,
0x46,0x1f,0x00,0x00,0x52,0x00,0x06,0x00,0x4a,0x00,0x00,0x00,0x7e,0x2c,0x00,0x00,
0x41,0x1f,0x00,0x00,0x27,0x1f,0x00,0x00,0x00,0x00,0x00,0x00,0x52,0x00,0x06,0x00,
0x4a,0x00,0x00,0x00,0x80,0x2c,0x00,0x00,0x54,0x2d,0x00,0x00,0x7e,0x2c,0x00,0x00,
0x01,0x00,0x00,0x00,0x52,0x00,0x06,0x00,0x4a,0x00,0x00,0x00,0x82,0x2c,0x00,0x00,
0xbe,0x1e,0x00,0x00,0x80,0x2c,0x00,0x00,0x02,0x00,0x00,0x00,0x3d,0x00,0x04,0x00,
0x96,0x01,0x00,0x00,0x48,0x1f,0x00,0x00,0x98,0x01,0x00,0x00,0x63,0x00,0x04,0x00,
0x48,0x1f,0x00,0x00,0x9a,0x01,0x00,0x00,0x82,0x2c,0x00,0x00,0xf9,0x00,0x02,0x00,
0xdc,0x1e,0x00,0x00,0xf8,0x00,0x02,0x00,0xdc,0x1e,0x00,0x00,0xf9,0x00,0x02,0x00,
0xdd,0x1e,0x00,0x00,0xf8,0x00,0x02,0x00,0xdd,0x1e,0x00,0x00,0x80,0x00,0x05,0x00,
0x06,0x00,0x00,0x00,0xef,0x1c,0x00,0x00,0xd4,0x1c,0x00,0x00,0x3e,0x01,0x00,0x00,
0x7c,0x00,0x04,0x00,0x13,0x00,0x00,0x00,0xf0,0x1c,0x00,0x00,0xef,0x1c,0x00,0x00,
0x50,0x00,0x05,0x00,0x2e,0x00,0x00,0x00,0xf5,0x1c,0x00,0x00,0xf0,0x1c,0x00,0x00,
0xda,0x1c,0x00,0x00,0x80,0x00,0x05,0x00,0x06,0x00,0x00,0x00,0xf8,0x1c,0x00,0x00,
0x70,0x08,0x00,0x00,0x45,0x01,0x00,0x00,0x7c,0x00,0x04,0x00,0x13,0x00,0x00,0x00,
0xf9,0x1c,0x00,0x00,0xf8,0x1c,0x00,0x00,0x50,0x00,0x05,0x00,0x2e,0x00,0x00,0x00,
0xfe,0x1c,0x00,0x00,0xf9,0x1c,0x00,0x00,0x74,0x08,0x00,0x00,0x7c,0x00,0x04,0x00,
0x29,0x00,0x00,0x00,0x00,0x1d,0x00,0x00,0xf5,0x1c,0x00,0x00,0x80,0x00,0x05,0x00,
0x29,0x00,0x00,0x00,0x54,0x1f,0x00,0x00,0x00,0x1d,0x00,0x00,0x6c,0x03,0x00,0x00,
0x80,0x00,0x05,0x00,0x29,0x00,0x00,0x00,0x56,0x1f,0x00,0x00,0x00,0x1d,0x00,0x00,
0x6f,0x03,0x00,0x00,0x80,0x00,0x05,0x00,0x29,0x00,0x00,0x00,0x58,0x1f,0x00,0x00,
0x00,0x1d,0x00,0x00,0x72,0x03,0x00,0x00,0x7c,0x00,0x04,0x00,0x2e,0x00,0x00,0x00,
0x6e,0x1f,0x00,0x00,0x00,0x1d,0x00,0x00,0xf7,0x00,0x03,0x00,0xc0,0x1f,0x00,0x00,
0x00,0x00,0x00,0x00,0xfb,0x00,0x03,0x00,0x83,0x01,0x00,0x00,0x8f,0x1f,0x00,0x00,
0xf8,0x00,0x02,0x00,0x8f,0x1f,0x00,0x00,0x3d,0x00,0x04,0x00,0xa4,0x01,0x00,0x00,
0xbb,0x1f,0x00,0x00,0xda,0x01,0x00,0x00,0x62,0x00,0x05,0x00,0x4a,0x00,0x00,0x00,
0xbd,0x1f,0x00,0x00,0xbb,0x1f,0x00,0x00,0x6e,0x1f,0x00,0x00,0xf9,0x00,0x02,0x00,
0xc0,0x1f,0x00,0x00,0xf8,0x00,0x02,0x00,0xc0,0x1f,0x00,0x00,0x51,0x00,0x05,0x00,
0x1a,0x00,0x00,0x00,0x88,0x1f,0x00,0x00,0xbd,0x1f,0x00,0x00,0x00,0x00,0x00,0x00,
0x51,0x00,0x05,0x00,0x1a,0x00,0x00,0x00,0x89,0x1f,0x00,0x00,0xbd,0x1f,0x00,0x00,
0x01,0x00,0x00,0x00,0x50,0x00,0x07,0x00,0x4a,0x00,0x00,0x00,0x8a,0x1f,0x00,0x00,
0x88,0x1f,0x00,0x00,0x89,0x1f,0x00,0x00,0x8d,0x01,0x00,0x00,0x8d,0x01,0x00,0x00,
0x7c,0x00,0x04,0x00,0x2e,0x00,0x00,0x00,0x72,0x1f,0x00,0x00,0x54,0x1f,0x00,0x00,
0xf7,0x00,0x03,0x00,0x00,0x20,0x00,0x00,0x00,0x00,0x00,0x00,0xfb,0x00,0x03,0x00,
0x83,0x01,0x00,0x00,0xcf,0x1f,0x00,0x00,0xf8,0x00,0x02,0x00,0xcf,0x1f,0x00,0x00,
0x3d,0x00,0x04,0x00,0xa4,0x01,0x00,0x00,0xfb,0x1f,0x00,0x00,0xda,0x01,0x00,0x00,
0x62,0x00,0x05,0x00,0x4a,0x00,0x00,0x00,0xfd,0x1f,0x00,0x00,0xfb,0x1f,0x00,0x00,
0x72,0x1f,0x00,0x00,0xf9,0x00,0x02,0x00,0x00,0x20,0x00,0x00,0xf8,0x00,0x02,0x00,
0x00,0x20,0x00,0x00,0x51,0x00,0x05,0x00,0x1a,0x00,0x00,0x00,0xc8,0x1f,0x00,0x00,
0xfd,0x1f,0x00,0x00,0x00,0x00,0x00,0x00,0x51,0x00,0x05,0x00,0x1a,0x00,0x00,0x00,
0xc9,0x1f,0x00,0x00,0xfd,0x1f,0x00,0x00,0x01,0x00,0x00,0x00,0x50,0x00,0x07,0x00,
0x4a,0x00,0x00,0x00,0xca,0x1f,0x00,0x00,0xc8,0x1f,0x00,0x00,0xc9,0x1f,0x00,0x00,
0x8d,0x01,0x00,0x00,0x8d,0x01,0x00,0x00,0x7c,0x00,0x04,0x00,0x2e,0x00,0x00,0x00,
0x76,0x1f,0x00,0x00,0x56,0x1f,0x00,0x00,0xf7,0x00,0x03,0x00,0x40,0x20,0x00,0x00,
0x00,0x00,0x00,0x00,0xfb,0x00,0x03,0x00,0x83,0x01,0x00,0x00,0x0f,0x20,0x00,0x00,
0xf8,0x00,0x02,0x00,0x0f,0x20,0x00,0x00,0x3d,0x00,0x04,0x00,0xa4,0x01,0x00,0x00,
0x3b,0x20,0x00,0x00,0xda,0x01,0x00,0x00,0x62,0x00,0x05,0x00,0x4a,0x00,0x00,0x00,
0x3d,0x20,0x00,0x00,0x3b,0x20,0x00,0x00,0x76,0x1f,0x00,0x00,0xf9,0x00,0x02,0x00,
0x40,0x20,0x00,0x00,0xf8,0x00,0x02,0x00,0x40,0x20,0x00,0x00,0x51,0x00,0x05,0x00,
0x1a,0x00,0x00,0x00,0x08,0x20,0x00,0x00,0x3d,0x20,0x00,0x00,0x00,0x00,0x00,0x00,
0x51,0x00,0x05,0x00,0x1a,0x00,0x00,0x00,0x09,0x20,0x00,0x00,0x3d,0x20,0x00,0x00,
0x01,0x00,0x00,0x00,0x50,0x00,0x07,0x00,0x4a,0x00,0x00,0x00,0x0a,0x20,0x00,0x00,
0x08,0x20,0x00,0x00,0x09,0x20,0x00,0x00,0x8d,0x01,0x00,0x00,0x8d,0x01,0x00,0x00,
0x7c,0x00,0x04,0x00,0x2e,0x00,0x00,0x00,0x7a,0x1f,0x00,0x00,0x58,0x1f,0x00,0x00,
0xf7,0x00,0x03,0x00,0x80,0x20,0x00,0x00,0x00,0x00,0x00,0x00,0xfb,0x00,0x03,0x00,
0x83,0x01,0x00,0x00,0x4f,0x20,0x00,0x00,0xf8,0x00,0x02,0x00,0x4f,0x20,0x00,0x00,
0x3d,0x00,0x04,0x00,0xa4,0x01,0x00,0x00,0x7b,0x20,0x00,0x00,0xda,0x01,0x00,0x00,
0x62,0x00,0x05,0x00,0x4a,0x00,0x00,0x00,0x7d,0x20,0x00,0x00,0x7b,0x20,0x00,0x00,
0x7a,0x1f,0x00,0x00,0xf9,0x00,0x02,0x00,0x80,0x20,0x00,0x00,0xf8,0x00,0x02,0x00,
0x80,0x20,0x00,0x00,0x51,0x00,0x05,0x00,0x1a,0x00,0x00,0x00,0x48,0x20,0x00,0x00,
0x7d,0x20,0x00,0x00,0x00,0x00,0x00,0x00,0x51,0x00,0x05,0x00,0x1a,0x00,0x00,0x00,
0x49,0x20,0x00,0x00,0x7d,0x20,0x00,0x00,0x01,0x00,0x00,0x00,0x50,0x00,0x07,0x00,
0x4a,0x00,0x00,0x00,0x4a,0x20,0x00,0x00,0x48,0x20,0x00,0x00,0x49,0x20,0x00,0x00,
0x8d,0x01,0x00,0x00,0x8d,0x01,0x00,0x00,0x81,0x00,0x05,0x00,0x4a,0x00,0x00,0x00,
0x86,0x20,0x00,0x00,0x8a,0x1f,0x00,0x00,0xca,0x1f,0x00,0x00,0x81,0x00,0x05,0x00,
0x4a,0x00,0x00,0x00,0x88,0x20,0x00,0x00,0x86,0x20,0x00,0x00,0x0a,0x20,0x00,0x00,
0x81,0x00,0x05,0x00,0x4a,0x00,0x00,0x00,0x8a,0x20,0x00,0x00,0x88,0x20,0x00,0x00,
0x4a,0x20,0x00,0x00,0x8e,0x00,0x05,0x00,0x4a,0x00,0x00,0x00,0x8b,0x20,0x00,0x00,
0x8a,0x20,0x00,0x00,0x99,0x02,0x00,0x00,0xf7,0x00,0x03,0x00,0xd6,0x20,0x00,0x00,
0x00,0x00,0x00,0x00,0xfa,0x00,0x04,0x00,0xb6,0x1e,0x00,0x00,0xb0,0x20,0x00,0x00,
0xd6,0x20,0x00,0x00,0xf8,0x00,0x02,0x00,0xb0,0x20,0x00,0x00,0xaa,0x00,0x05,0x00,
0xbb,0x02,0x00,0x00,0xb2,0x20,0x00,0x00,0xfe,0x1c,0x00,0x00,0x9a,0x01,0x00,0x00,
0x9b,0x00,0x04,0x00,0x9d,0x00,0x00,0x00,0xb3,0x20,0x00,0x00,0xb2,0x20,0x00,0x00,
0xf7,0x00,0x03,0x00,0xd5,0x20,0x00,0x00,0x00,0x00,0x00,0x00,0xfa,0x00,0x04,0x00,
0xb3,0x20,0x00,0x00,0xb4,0x20,0x00,0x00,0xd5,0x20,0x00,0x00,0xf8,0x00,0x02,0x00,
0xb4,0x20,0x00,0x00,0x3d,0x00,0x04,0x00,0x96,0x01,0x00,0x00,0x1f,0x21,0x00,0x00,
0x98,0x01,0x00,0x00,0x62,0x00,0x05,0x00,0x4a,0x00,0x00,0x00,0x20,0x21,0x00,0x00,
0x1f,0x21,0x00,0x00,0x9a,0x01,0x00,0x00,0x51,0x00,0x05,0x00,0x1a,0x00,0x00,0x00,
0xb7,0x20,0x00,0x00,0x8b,0x20,0x00,0x00,0x01,0x00,0x00,0x00,0x51,0x00,0x05,0x00,
0x1a,0x00,0x00,0x00,0xb9,0x20,0x00,0x00,0x20,0x21,0x00,0x00,0x01,0x00,0x00,0x00,
0x51,0x00,0x05,0x00,0x1a,0x00,0x00,0x00,0xbb,0x20,0x00,0x00,0x8b,0x20,0x00,0x00,
0x00,0x00,0x00,0x00,0xb8,0x00,0x05,0x00,0x9d,0x00,0x00,0x00,0xbd,0x20,0x00,0x00,
0xb9,0x20,0x00,0x00,0xcc,0x02,0x00,0x00,0xf7,0x00,0x03,0x00,0xcb,0x20,0x00,0x00,
0x00,0x00,0x00,0x00,0xfa,0x00,0x04,0x00,0xbd,0x20,0x00,0x00,0xbe,0x20,0x00,0x00,
0xcb,0x20,0x00,0x00,0xf8,0x00,0x02,0x00,0xbe,0x20,0x00,0x00,0x83,0x00,0x05,0x00,
0x1a,0x00,0x00,0x00,0xc2,0x20,0x00,0x00,0xbb,0x20,0x00,0x00,0xb9,0x20,0x00,0x00,
0x41,0x00,0x05,0x00,0x65,0x01,0x00,0x00,0x23,0x21,0x00,0x00,0x5e,0x01,0x00,0x00,
0x64,0x01,0x00,0x00,0x3d,0x00,0x04,0x00,0x1a,0x00,0x00,0x00,0x24,0x21,0x00,0x00,
0x23,0x21,0x00,0x00,0x7f,0x00,0x04,0x00,0x1a,0x00,0x00,0x00,0xc4,0x20,0x00,0x00,
0x24,0x21,0x00,0x00,0x0c,0x00,0x06,0x00,0x1a,0x00,0x00,0x00,0xc5,0x20,0x00,0x00,
0x01,0x00,0x00,0x00,0x1b,0x00,0x00,0x00,0xc4,0x20,0x00,0x00,0x83,0x00,0x05,0x00,
0x1a,0x00,0x00,0x00,0xc6,0x20,0x00,0x00,0x58,0x02,0x00,0x00,0xc5,0x20,0x00,0x00,
0x85,0x00,0x05,0x00,0x1a,0x00,0x00,0x00,0xc7,0x20,0x00,0x00,0xc2,0x20,0x00,0x00,
0xc6,0x20,0x00,0x00,0x81,0x00,0x05,0x00,0x1a,0x00,0x00,0x00,0xc8,0x20,0x00,0x00,
0xb9,0x20,0x00,0x00,0xc7,0x20,0x00,0x00,0x0c,0x00,0x07,0x00,0x1a,0x00,0x00,0x00,
0x29,0x21,0x00,0x00,0x01,0x00,0x00,0x00,0x28,0x00,0x00,0x00,0x8d,0x01,0x00,0x00,
0xc8,0x20,0x00,0x00,0xf9,0x00,0x02,0x00,0xcb,0x20,0x00,0x00,0xf8,0x00,0x02,0x00,
0xcb,0x20,0x00,0x00,0xf5,0x00,0x07,0x00,0x1a,0x00,0x00,0x00,0x56,0x2d,0x00,0x00,
0xbb,0x20,0x00,0x00,0xb4,0x20,0x00,0x00,0x29,0x21,0x00,0x00,0xbe,0x20,0x00,0x00,
0x0c,0x00,0x06,0x00,0x1a,0x00,0x00,0x00,0x31,0x21,0x00,0x00,0x01,0x00,0x00,0x00,
0x1b,0x00,0x00,0x00,0x56,0x2d,0x00,0x00,0x85,0x00,0x05,0x00,0x1a,0x00,0x00,0x00,
0x34,0x21,0x00,0x00,0x31,0x21,0x00,0x00,0xea,0x2c,0x00,0x00,0x0c,0x00,0x06,0x00,
0x1a,0x00,0x00,0x00,0x35,0x21,0x00,0x00,0x01,0x00,0x00,0x00,0x1e,0x00,0x00,0x00,
0x34,0x21,0x00,0x00,0x0c,0x00,0x07,0x00,0x1a,0x00,0x00,0x00,0x3f,0x21,0x00,0x00,
0x01,0x00,0x00,0x00,0x1a,0x00,0x00,0x00,0x52,0x02,0x00,0x00,0x35,0x21,0x00,0x00,
0x88,0x00,0x05,0x00,0x1a,0x00,0x00,0x00,0x3a,0x21,0x00,0x00,0xeb,0x2c,0x00,0x00,
0x3f,0x21,0x00,0x00,0x52,0x00,0x06,0x00,0x4a,0x00,0x00,0x00,0x88,0x2c,0x00,0x00,
0x3a,0x21,0x00,0x00,0x20,0x21,0x00,0x00,0x00,0x00,0x00,0x00,0x52,0x00,0x06,0x00,
0x4a,0x00,0x00,0x00,0x8a,0x2c,0x00,0x00,0x56,0x2d,0x00,0x00,0x88,0x2c,0x00,0x00,
0x01,0x00,0x00,0x00,0x52,0x00,0x06,0x00,0x4a,0x00,0x00,0x00,0x8c,0x2c,0x00,0x00,
0xb7,0x20,0x00,0x00,0x8a,0x2c,0x00,0x00,0x02,0x00,0x00,0x00,0x3d,0x00,0x04,0x00,
0x96,0x01,0x00,0x00,0x41,0x21,0x00,0x00,0x98,0x01,0x00,0x00,0x63,0x00,0x04,0x00,
0x41,0x21,0x00,0x00,0x9a,0x01,0x00,0x00,0x8c,0x2c,0x00,0x00,0xf9,0x00,0x02,0x00,
0xd5,0x20,0x00,0x00,0xf8,0x00,0x02,0x00,0xd5,0x20,0x00,0x00,0xf9,0x00,0x02,0x00,
0xd6,0x20,0x00,0x00,0xf8,0x00,0x02,0x00,0xd6,0x20,0x00,0x00,0x80,0x00,0x05,0x00,
0x06,0x00,0x00,0x00,0x0d,0x1d,0x00,0x00,0xd8,0x1c,0x00,0x00,0x3e,0x01,0x00,0x00,
0x7c,0x00,0x04,0x00,0x13,0x00,0x00,0x00,0x0e,0x1d,0x00,0x00,0x0d,0x1d,0x00,0x00,
0x50,0x00,0x05,0x00,0x2e,0x00,0x00,0x00,0x0f,0x1d,0x00,0x00,0xd6,0x1c,0x00,0x00,
0x0e,0x1d,0x00,0x00,0x80,0x00,0x05,0x00,0x06,0x00,0x00,0x00,0x16,0x1d,0x00,0x00,
0x73,0x08,0x00,0x00,0x45,0x01,0x00,0x00,0x7c,0x00,0x04,0x00,0x13,0x00,0x00,0x00,
0x17,0x1d,0x00,0x00,0x16,0x1d,0x00,0x00,0x50,0x00,0x05,0x00,0x2e,0x00,0x00,0x00,
0x18,0x1d,0x00,0x00,0x71,0x08,0x00,0x00,0x17,0x1d,0x00,0x00,0x7c,0x00,0x04,0x00,
0x29,0x00,0x00,0x00,0x1a,0x1d,0x00,0x00,0x0f,0x1d,0x00,0x00,0x80,0x00,0x05,0x00,
0x29,0x00,0x00,0x00,0x4d,0x21,0x00,0x00,0x1a,0x1d,0x00,0x00,0x6c,0x03,0x00,0x00,
0x80,0x00,0x05,0x00,0x29,0x00,0x00,0x00,0x4f,0x21,0x00,0x00,0x1a,0x1d,0x00,0x00,
0x6f,0x03,0x00,0x00,0x80,0x00,0x05,0x00,0x29,0x00,0x00,0x00,0x51,0x21,0x00,0x00,
0x1a,0x1d,0x00,0x00,0x72,0x03,0x00,0x00,0x7c,0x00,0x04,0x00,0x2e,0x00,0x00,0x00,
0x67,0x21,0x00,0x00,0x1a,0x1d,0x00,0x00,0xf7,0x00,0x03,0x00,0xb9,0x21,0x00,0x00,
0x00,0x00,0x00,0x00,0xfb,0x00,0x03,0x00,0x83,0x01,0x00,0x00,0x88,0x21,0x00,0x00,
0xf8,0x00,0x02,0x00,0x88,0x21,0x00,0x00,0x3d,0x00,0x04,0x00,0xa4,0x01,0x00,0x00,
0xb4,0x21,0x00,0x00,0xda,0x01,0x00,0x00,0x62,0x00,0x05,0x00,0x4a,0x00,0x00,0x00,
0xb6,0x21,0x00,0x00,0xb4,0x21,0x00,0x00,0x67,0x21,0x00,0x00,0xf9,0x00,0x02,0x00,
0xb9,0x21,0x00,0x00,0xf8,0x00,0x02,0x00,0xb9,0x21,0x00,0x00,0x51,0x00,0x05,0x00,
0x1a,0x00,0x00,0x00,0x81,0x21,0x00,0x00,0xb6,0x21,0x00,0x00,0x00,0x00,0x00,0x00,
0x51,0x00,0x05,0x00,0x1a,0x00,0x00,0x00,0x82,0x21,0x00,0x00,0xb6,0x21,0x00,0x00,
0x01,0x00,0x00,0x00,0x50,0x00,0x07,0x00,0x4a,0x00,0x00,0x00,0x83,0x21,0x00,0x00,
0x81,0x21,0x00,0x00,0x82,0x21,0x00,0x00,0x8d,0x01,0x00,0x00,0x8d,0x01,0x00,0x00,
0x7c,0x00,0x04,0x00,0x2e,0x00,0x00,0x00,0x6b,0x21,0x00,0x00,0x4d,0x21,0x00,0x00,
0xf7,0x00,0x03,0x00,0xf9,0x21,0x00,0x00,0x00,0x00,0x00,0x00,0xfb,0x00,0x03,0x00,
0x83,0x01,0x00,0x00,0xc8,0x21,0x00,0x00,0xf8,0x00,0x02,0x00,0xc8,0x21,0x00,0x00,
0x3d,0x00,0x04,0x00,0xa4,0x01,0x00,0x00,0xf4,0x21,0x00,0x00,0xda,0x01,0x00,0x00,
0x62,0x00,0x05,0x00,0x4a,0x00,0x00,0x00,0xf6,0x21,0x00,0x00,0xf4,0x21,0x00,0x00,
0x6b,0x21,0x00,0x00,0xf9,0x00,0x02,0x00,0xf9,0x21,0x00,0x00,0xf8,0x00,0x02,0x00,
0xf9,0x21,0x00,0x00,0x51,0x00,0x05,0x00,0x1a,0x00,0x00,0x00,0xc1,0x21,0x00,0x00,
0xf6,0x21,0x00,0x00,0x00,0x00,0x00,0x00,0x51,0x00,0x05,0x00,0x1a,0x00,0x00,0x00,
0xc2,0x21,0x00,0x00,0xf6,0x21,0x00,0x00,0x01,0x00,0x00,0x00,0x50,0x00,0x07,0x00,
0x4a,0x00,0x00,0x00,0xc3,0x21,0x00,0x00,0xc1,0x21,0x00,0x00,0xc2,0x21,0x00,0x00,
0x8d,0x01,0x00,0x00,0x8d,0x01,0x00,0x00,0x7c,0x00,0x04,0x00,0x2e,0x00,0x00,0x00,
0x6f,0x21,0x00,0x00,0x4f,0x21,0x00,0x00,0xf7,0x00,0x03,0x00,0x39,0x22,0x00,0x00,
0x00,0x00,0x00,0x00,0xfb,0x00,0x03,0x00,0x83,0x01,0x00,0x00,0x08,0x22,0x00,0x00,
0xf8,0x00,0x02,0x00,0x08,0x22,0x00,0x00,0x3d,0x00,0x04,0x00,0xa4,0x01,0x00,0x00,
0x34,0x22,0x00,0x00,0xda,0x01,0x00,0x00,0x62,0x00,0x05,0x00,0x4a,0x00,0x00,0x00,
0x36,0x22,0x00,0x00,0x34,0x22,0x00,0x00,0x6f,0x21,0x00,0x00,0xf9,0x00,0x02,0x00,
0x39,0x22,0x00,0x00,0xf8,0x00,0x02,0x00,0x39,0x22,0x00,0x00,0x51,0x00,0x05,0x00,
0x1a,0x00,0x00,0x00,0x01,0x22,0x00,0x00,0x36,0x22,0x00,0x00,0x00,0x00,0x00,0x00,
0x51,0x00,0x05,0x00,0x1a,0x00,0x00,0x00,0x02,0x22,0x00,0x00,0x36,0x22,0x00,0x00,
0x01,0x00,0x00,0x00,0x50,0x00,0x07,0x00,0x4a,0x00,0x00,0x00,0x03,0x22,0x00,0x00,
0x01,0x22,0x00,0x00,0x02,0x22,0x00,0x00,0x8d,0x01,0x00,0x00,0x8d,0x01,0x00,0x00,
0x7c,0x00,0x04,0x00,0x2e,0x00,0x00,0x00,0x73,0x21,0x00,0x00,0x51,0x21,0x00,0x00,
0xf7,0x00,0x03,0x00,0x79,0x22,0x00,0x00,0x00,0x00,0x00,0x00,0xfb,0x00,0x03,0x00,
0x83,0x01,0x00,0x00,0x48,0x22,0x00,0x00,0xf8,0x00,0x02,0x00,0x48,0x22,0x00,0x00,
0x3d,0x00,0x04,0x00,0xa4,0x01,0x00,0x00,0x74,0x22,0x00,0x00,0xda,0x01,0x00,0x00,
0x62,0x00,0x05,0x00,0x4a,0x00,0x00,0x00,0x76,0x22,0x00,0x00,0x74,0x22,0x00,0x00,
0x73,0x21,0x00,0x00,0xf9,0x00,0x02,0x00,0x79,0x22,0x00,0x00,0xf8,0x00,0x02,0x00,
0x79,0x22,0x00,0x00,0x51,0x00,0x05,0x00,0x1a,0x00,0x00,0x00,0x41,0x22,0x00,0x00,
0x76,0x22,0x00,0x00,0x00,0x00,0x00,0x00,0x51,0x00,0x05,0x00,0x1a,0x00,0x00,0x00,
0x42,0x22,0x00,0x00,0x76,0x22,0x00,0x00,0x01,0x00,0x00,0x00,0x50,0x00,0x07,0x00,
0x4a,0x00,0x00,0x00,0x43,0x22,0x00,0x00,0x41,0x22,0x00,0x00,0x42,0x22,0x00,0x00,
0x8d,0x01,0x00,0x00,0x8d,0x01,0x00,0x00,0x81,0x00,0x05,0x00,0x4a,0x00,0x00,0x00,
0x7f,0x22,0x00,0x00,0x83,0x21,0x00,0x00,0xc3,0x21,0x00,0x00,0x81,0x00,0x05,0x00,
0x4a,0x00,0x00,0x00,0x81,0x22,0x00,0x00,0x7f,0x22,0x00,0x00,0x03,0x22,0x00,0x00,
0x81,0x00,0x05,0x00,0x4a,0x00,0x00,0x00,0x83,0x22,0x00,0x00,0x81,0x22,0x00,0x00,
0x43,0x22,0x00,0x00,0x8e,0x00,0x05,0x00,0x4a,0x00,0x00,0x00,0x84,0x22,0x00,0x00,
0x83,0x22,0x00,0x00,0x99,0x02,0x00,0x00,0xf7,0x00,0x03,0x00,0xcf,0x22,0x00,0x00,
0x00,0x00,0x00,0x00,0xfa,0x00,0x04,0x00,0xb6,0x1e,0x00,0x00,0xa9,0x22,0x00,0x00,
0xcf,0x22,0x00,0x00,0xf8,0x00,0x02,0x00,0xa9,0x22,0x00,0x00,0xaa,0x00,0x05,0x00,
0xbb,0x02,0x00,0x00,0xab,0x22,0x00,0x00,0x18,0x1d,0x00,0x00,0x9a,0x01,0x00,0x00,
0x9b,0x00,0x04,0x00,0x9d,0x00,0x00,0x00,0xac,0x22,0x00,0x00,0xab,0x22,0x00,0x00,
0xf7,0x00,0x03,0x00,0xce,0x22,0x00,0x00,0x00,0x00,0x00,0x00,0xfa,0x00,0x04,0x00,
0xac,0x22,0x00,0x00,0xad,0x22,0x00,0x00,0xce,0x22,0x00,0x00,0xf8,0x00,0x02,0x00,
0xad,0x22,0x00,0x00,0x3d,0x00,0x04,0x00,0x96,0x01,0x00,0x00,0x18,0x23,0x00,0x00,
0x98,0x01,0x00,0x00,0x62,0x00,0x05,0x00,0x4a,0x00,0x00,0x00,0x19,0x23,0x00,0x00,
0x18,0x23,0x00,0x00,0x9a,0x01,0x00,0x00,0x51,0x00,0x05,0x00,0x1a,0x00,0x00,0x00,
0xb0,0x22,0x00,0x00,0x84,0x22,0x00,0x00,0x01,0x00,0x00,0x00,0x51,0x00,0x05,0x00,
0x1a,0x00,0x00,0x00,0xb2,0x22,0x00,0x00,0x19,0x23,0x00,0x00,0x01,0x00,0x00,0x00,
0x51,0x00,0x05,0x00,0x1a,0x00,0x00,0x00,0xb4,0x22,0x00,0x00,0x84,0x22,0x00,0x00,
0x00,0x00,0x00,0x00,0xb8,0x00,0x05,0x00,0x9d,0x00,0x00,0x00,0xb6,0x22,0x00,0x00,
0xb2,0x22,0x00,0x00,0xcc,0x02,0x00,0x00,0xf7,0x00,0x03,0x00,0xc4,0x22,0x00,0x00,
0x00,0x00,0x00,0x00,0xfa,0x00,0x04,0x00,0xb6,0x22,0x00,0x00,0xb7,0x22,0x00,0x00,
0xc4,0x22,0x00,0x00,0xf8,0x00,0x02,0x00,0xb7,0x22,0x00,0x00,0x83,0x00,0x05,0x00,
0x1a,0x00,0x00,0x00,0xbb,0x22,0x00,0x00,0xb4,0x22,0x00,0x00,0xb2,0x22,0x00,0x00,
0x41,0x00,0x05,0x00,0x65,0x01,0x00,0x00,0x1c,0x23,0x00,0x00,0x5e,0x01,0x00,0x00,
0x64,0x01,0x00,0x00,0x3d,0x00,0x04,0x00,0x1a,0x00,0x00,0x00,0x1d,0x23,0x00,0x00,
0x1c,0x23,0x00,0x00,0x7f,0x00,0x04,0x00,0x1a,0x00,0x00,0x00,0xbd,0x22,0x00,0x00,
0x1d,0x23,0x00,0x00,0x0c,0x00,0x06,0x00,0x1a,0x00,0x00,0x00,0xbe,0x22,0x00,0x00,
0x01,0x00,0x00,0x00,0x1b,0x00,0x00,0x00,0xbd,0x22,0x00,0x00,0x83,0x00,0x05,0x00,
0x1a,0x00,0x00,0x00,0xbf,0x22,0x00,0x00,0x58,0x02,0x00,0x00,0xbe,0x22,0x00,0x00,
0x85,0x00,0x05,0x00,0x1a,0x00,0x00,0x00,0xc0,0x22,0x00,0x00,0xbb,0x22,0x00,0x00,
0xbf,0x22,0x00,0x00,0x81,0x00,0x05,0x00,0x1a,0x00,0x00,0x00,0xc1,0x22,0x00,0x00,
0xb2,0x22,0x00,0x00,0xc0,0x22,0x00,0x00,0x0c,0x00,0x07,0x00,0x1a,0x00,0x00,0x00,
0x22,0x23,0x00,0x00,0x01,0x00,0x00,0x00,0x28,0x00,0x00,0x00,0x8d,0x01,0x00,0x00,
0xc1,0x22,0x00,0x00,0xf9,0x00,0x02,0x00,0xc4,0x22,0x00,0x00,0xf8,0x00,0x02,0x00,
0xc4,0x22,0x00,0x00,0xf5,0x00,0x07,0x00,0x1a,0x00,0x00,0x00,0x58,0x2d,0x00,0x00,
0xb4,0x22,0x00,0x00,0xad,0x22,0x00,0x00,0x22,0x23,0x00,0x00,0xb7,0x22,0x00,0x00,
0x0c,0x00,0x06,0x00,0x1a,0x00,0x00,0x00,0x2a,0x23,0x00,0x00,0x01,0x00,0x00,0x00,
0x1b,0x00,0x00,0x00,0x58,0x2d,0x00,0x00,0x85,0x00,0x05,0x00,0x1a,0x00,0x00,0x00,
0x2d,0x23,0x00,0x00,0x2a,0x23,0x00,0x00,0xea,0x2c,0x00,0x00,0x0c,0x00,0x06,0x00,
0x1a,0x00,0x00,0x00,0x2e,0x23,0x00,0x00,0x01,0x00,0x00,0x00,0x1e,0x00,0x00,0x00,
0x2d,0x23,0x00,0x00,0x0c,0x00,0x07,0x00,0x1a,0x00,0x00,0x00,0x38,0x23,0x00,0x00,
0x01,0x00,0x00,0x00,0x1a,0x00,0x00,0x00,0x52,0x02,0x00,0x00,0x2e,0x23,0x00,0x00,
0x88,0x00,0x05,0x00,0x1a,0x00,0x00,0x00,0x33,0x23,0x00,0x00,0xeb,0x2c,0x00,0x00,
0x38,0x23,0x00,0x00,0x52,0x00,0x06,0x00,0x4a,0x00,0x00,0x00,0x92,0x2c,0x00,0x00,
0x33,0x23,0x00,0x00,0x19,0x23,0x00,0x00,0x00,0x00,0x00,0x00,0x52,0x00,0x06,0x00,
0x4a,0x00,0x00,0x00,0x94,0x2c,0x00,0x00,0x58,0x2d,0x00,0x00,0x92,0x2c,0x00,0x00,
0x01,0x00,0x00,0x00,0x52,0x00,0x06,0x00,0x4a,0x00,0x00,0x00,0x96,0x2c,0x00,0x00,
0xb0,0x22,0x00,0x00,0x94,0x2c,0x00,0x00,0x02,0x00,0x00,0x00,0x3d,0x00,0x04,0x00,
0x96,0x01,0x00,0x00,0x3a,0x23,0x00,0x00,0x98,0x01,0x00,0x00,0x63,0x00,0x04,0x00,
0x3a,0x23,0x00,0x00,0x9a,0x01,0x00,0x00,0x96,0x2c,0x00,0x00,0xf9,0x00,0x02,0x00,
0xce,0x22,0x00,0x00,0xf8,0x00,0x02,0x00,0xce,0x22,0x00,0x00,0xf9,0x00,0x02,0x00,
0xcf,0x22,0x00,0x00,0xf8,0x00,0x02,0x00,0xcf,0x22,0x00,0x00,0x50,0x00,0x05,0x00,
0x2e,0x00,0x00,0x00,0x29,0x1d,0x00,0x00,0xf0,0x1c,0x00,0x00,0x0e,0x1d,0x00,0x00,
0x50,0x00,0x05,0x00,0x2e,0x00,0x00,0x00,0x32,0x1d,0x00,0x00,0xf9,0x1c,0x00,0x00,
0x17,0x1d,0x00,0x00,0x7c,0x00,0x04,0x00,0x29,0x00,0x00,0x00,0x34,0x1d,0x00,0x00,
0x29,0x1d,0x00,0x00,0x80,0x00,0x05,0x00,0x29,0x00,0x00,0x00,0x46,0x23,0x00,0x00,
0x34,0x1d,0x00,0x00,0x6c,0x03,0x00,0x00,0x80,0x00,0x05,0x00,0x29,0x00,0x00,0x00,
0x48,0x23,0x00,0x00,0x34,0x1d,0x00,0x00,0x6f,0x03,0x00,0x00,0x80,0x00,0x05,0x00,
0x29,0x00,0x00,0x00,0x4a,0x23,0x00,0x00,0x34,0x1d,0x00,0x00,0x72,0x03,0x00,0x00,
0x7c,0x00,0x04,0x00,0x2e,0x00,0x00,0x00,0x60,0x23,0x00,0x00,0x34,0x1d,0x00,0x00,
0xf7,0x00,0x03,0x00,0xb2,0x23,0x00,0x00,0x00,0x00,0x00,0x00,0xfb,0x00,0x03,0x00,
0x83,0x01,0x00,0x00,0x81,0x23,0x00,0x00,0xf8,0x00,0x02,0x00,0x81,0x23,0x00,0x00,
0x3d,0x00,0x04,0x00,0xa4,0x01,0x00,0x00,0xad,0x23,0x00,0x00,0xda,0x01,0x00,0x00,
0x62,0x00,0x05,0x00,0x4a,0x00,0x00,0x00,0xaf,0x23,0x00,0x00,0xad,0x23,0x00,0x00,
0x60,0x23,0x00,0x00,0xf9,0x00,0x02,0x00,0xb2,0x23,0x00,0x00,0xf8,0x00,0x02,0x00,
0xb2,0x23,0x00,0x00,0x51,0x00,0x05,0x00,0x1a,0x00,0x00,0x00,0x7a,0x23,0x00,0x00,
0xaf,0x23,0x00,0x00,0x00,0x00,0x00,0x00,0x51,0x00,0x05,0x00,0x1a,0x00,0x00,0x00,
0x7b,0x23,0x00,0x00,0xaf,0x23,0x00,0x00,0x01,0x00,0x00,0x00,0x50,0x00,0x07,0x00,
0x4a,0x00,0x00,0x00,0x7c,0x23,0x00,0x00,0x7a,0x23,0x00,0x00,0x7b,0x23,0x00,0x00,
0x8d,0x01,0x00,0x00,0x8d,0x01,0x00,0x00,0x7c,0x00,0x04,0x00,0x2e,0x00,0x00,0x00,
0x64,0x23,0x00,0x00,0x46,0x23,0x00,0x00,0xf7,0x00,0x03,0x00,0xf2,0x23,0x00,0x00,
0x00,0x00,0x00,0x00,0xfb,0x00,0x03,0x00,0x83,0x01,0x00,0x00,0xc1,0x23,0x00,0x00,
0xf8,0x00,0x02,0x00,0xc1,0x23,0x00,0x00,0x3d,0x00,0x04,0x00,0xa4,0x01,0x00,0x00,
0xed,0x23,0x00,0x00,0xda,0x01,0x00,0x00,0x62,0x00,0x05,0x00,0x4a,0x00,0x00,0x00,
0xef,0x23,0x00,0x00,0xed,0x23,0x00,0x00,0x64,0x23,0x00,0x00,0xf9,0x00,0x02,0x00,
0xf2,0x23,0x00,0x00,0xf8,0x00,0x02,0x00,0xf2,0x23,0x00,0x00,0x51,0x00,0x05,0x00,
0x1a,0x00,0x00,0x00,0xba,0x23,0x00,0x00,0xef,0x23,0x00,0x00,0x00,0x00,0x00,0x00,
0x51,0x00,0x05,0x00,0x1a,0x00,0x00,0x00,0xbb,0x23,0x00,0x00,0xef,0x23,0x00,0x00,
0x01,0x00,0x00,0x00,0x50,0x00,0x07,0x00,0x4a,0x00,0x00,0x00,0xbc,0x23,0x00,0x00,
0xba,0x23,0x00,0x00,0xbb,0x23,0x00,0x00,0x8d,0x01,0x00,0x00,0x8d,0x01,0x00,0x00,
0x7c,0x00,0x04,0x00,0x2e,0x00,0x00,0x00,0x68,0x23,0x00,0x00,0x48,0x23,0x00,0x00,
0xf7,0x00,0x03,0x00,0x32,0x24,0x00,0x00,0x00,0x00,0x00,0x00,0xfb,0x00,0x03,0x00,
0x83,0x01,0x00,0x00,0x01,0x24,0x00,0x00,0xf8,0x00,0x02,0x00,0x01,0x24,0x00,0x00,
0x3d,0x00,0x04,0x00,0xa4,0x01,0x00,0x00,0x2d,0x24,0x00,0x00,0xda,0x01,0x00,0x00,
0x62,0x00,0x05,0x00,0x4a,0x00,0x00,0x00,0x2f,0x24,0x00,0x00,0x2d,0x24,0x00,0x00,
0x68,0x23,0x00,0x00,0xf9,0x00,0x02,0x00,0x32,0x24,0x00,0x00,0xf8,0x00,0x02,0x00,
0x32,0x24,0x00,0x00,0x51,0x00,0x05,0x00,0x1a,0x00,0x00,0x00,0xfa,0x23,0x00,0x00,
0x2f,0x24,0x00,0x00,0x00,0x00,0x00,0x00,0x51,0x00,0x05,0x00,0x1a,0x00,0x00,0x00,
0xfb,0x23,0x00,0x00,0x2f,0x24,0x00,0x00,0x01,0x00,0x00,0x00,0x50,0x00,0x07,0x00,
0x4a,0x00,0x00,0x00,0xfc,0x23,0x00,0x00,0xfa,0x23,0x00,0x00,0xfb,0x23,0x00,0x00,
0x8d,0x01,0x00,0x00,0x8d,0x01,0x00,0x00,0x7c,0x00,0x04,0x00,0x2e,0x00,0x00,0x00,
0x6c,0x23,0x00,0x00,0x4a,0x23,0x00,0x00,0xf7,0x00,0x03,0x00,0x72,0x24,0x00,0x00,
0x00,0x00,0x00,0x00,0xfb,0x00,0x03,0x00,0x83,0x01,0x00,0x00,0x41,0x24,0x00,0x00,
0xf8,0x00,0x02,0x00,0x41,0x24,0x00,0x00,0x3d,0x00,0x04,0x00,0xa4,0x01,0x00,0x00,
0x6d,0x24,0x00,0x00,0xda,0x01,0x00,0x00,0x62,0x00,0x05,0x00,0x4a,0x00,0x00,0x00,
0x6f,0x24,0x00,0x00,0x6d,0x24,0x00,0x00,0x6c,0x23,0x00,0x00,0xf9,0x00,0x02,0x00,
0x72,0x24,0x00,0x00,0xf8,0x00,0x02,0x00,0x72,0x24,0x00,0x00,0x51,0x00,0x05,0x00,
0x1a,0x00,0x00,0x00,0x3a,0x24,0x00,0x00,0x6f,0x24,0x00,0x00,0x00,0x00,0x00,0x00,
0x51,0x00,0x05,0x00,0x1a,0x00,0x00,0x00,0x3b,0x24,0x00,0x00,0x6f,0x24,0x00,0x00,
0x01,0x00,0x00,0x00,0x50,0x00,0x07,0x00,0x4a,0x00,0x00,0x00,0x3c,0x24,0x00,0x00,
0x3a,0x24,0x00,0x00,0x3b,0x24,0x00,0x00,0x8d,0x01,0x00,0x00,0x8d,0x01,0x00,0x00,
0x81,0x00,0x05,0x00,0x4a,0x00,0x00,0x00,0x78,0x24,0x00,0x00,0x7c,0x23,0x00,0x00,
0xbc,0x23,0x00,0x00,0x81,0x00,0x05,0x00,0x4a,0x00,0x00,0x00,0x7a,0x24,0x00,0x00,
0x78,0x24,0x00,0x00,0xfc,0x23,0x00,0x00,0x81,0x00,0x05,0x00,0x4a,0x00,0x00,0x00,
0x7c,0x24,0x00,0x00,0x7a,0x24,0x00,0x00,0x3c,0x24,0x00,0x00,0x8e,0x00,0x05,0x00,
0x4a,0x00,0x00,0x00,0x7d,0x24,0x00,0x00,0x7c,0x24,0x00,0x00,0x99,0x02,0x00,0x00,
0xf7,0x00,0x03,0x00,0xc8,0x24,0x00,0x00,0x00,0x00,0x00,0x00,0xfa,0x00,0x04,0x00,
0xb6,0x1e,0x00,0x00,0xa2,0x24,0x00,0x00,0xc8,0x24,0x00,0x00,0xf8,0x00,0x02,0x00,
0xa2,0x24,0x00,0x00,0xaa,0x00,0x05,0x00,0xbb,0x02,0x00,0x00,0xa4,0x24,0x00,0x00,
0x32,0x1d,0x00,0x00,0x9a,0x01,0x00,0x00,0x9b,0x00,0x04,0x00,0x9d,0x00,0x00,0x00,
0xa5,0x24,0x00,0x00,0xa4,0x24,0x00,0x00,0xf7,0x00,0x03,0x00,0xc7,0x24,0x00,0x00,
0x00,0x00,0x00,0x00,0xfa,0x00,0x04,0x00,0xa5,0x24,0x00,0x00,0xa6,0x24,0x00,0x00,
0xc7,0x24,0x00,0x00,0xf8,0x00,0x02,0x00,0xa6,0x24,0x00,0x00,0x3d,0x00,0x04,0x00,
0x96,0x01,0x00,0x00,0x11,0x25,0x00,0x00,0x98,0x01,0x00,0x00,0x62,0x00,0x05,0x00,
0x4a,0x00,0x00,0x00,0x12,0x25,0x00,0x00,0x11,0x25,0x00,0x00,0x9a,0x01,0x00,0x00,
0x51,0x00,0x05,0x00,0x1a,0x00,0x00,0x00,0xa9,0x24,0x00,0x00,0x7d,0x24,0x00,0x00,
0x01,0x00,0x00,0x00,0x51,0x00,0x05,0x00,0x1a,0x00,0x00,0x00,0xab,0x24,0x00,0x00,
0x12,0x25,0x00,0x00,0x01,0x00,0x00,0x00,0x51,0x00,0x05,0x00,0x1a,0x00,0x00,0x00,
0xad,0x24,0x00,0x00,0x7d,0x24,0x00,0x00,0x00,0x00,0x00,0x00,0xb8,0x00,0x05,0x00,
0x9d,0x00,0x00,0x00,0xaf,0x24,0x00,0x00,0xab,0x24,0x00,0x00,0xcc,0x02,0x00,0x00,
0xf7,0x00,0x03,0x00,0xbd,0x24,0x00,0x00,0x00,0x00,0x00,0x00,0xfa,0x00,0x04,0x00,
0xaf,0x24,0x00,0x00,0xb0,0x24,0x00,0x00,0xbd,0x24,0x00,0x00,0xf8,0x00,0x02,0x00,
0xb0,0x24,0x00,0x00,0x83,0x00,0x05,0x00,0x1a,0x00,0x00,0x00,0xb4,0x24,0x00,0x00,
0xad,0x24,0x00,0x00,0xab,0x24,0x00,0x00,0x41,0x00,0x05,0x00,0x65,0x01,0x00,0x00,
0x15,0x25,0x00,0x00,0x5e,0x01,0x00,0x00,0x64,0x01,0x00,0x00,0x3d,0x00,0x04,0x00,
0x1a,0x00,0x00,0x00,0x16,0x25,0x00,0x00,0x15,0x25,0x00,0x00,0x7f,0x00,0x04,0x00,
0x1a,0x00,0x00,0x00,0xb6,0x24,0x00,0x00,0x16,0x25,0x00,0x00,0x0c,0x00,0x06,0x00,
0x1a,0x00,0x00,0x00,0xb7,0x24,0x00,0x00,0x01,0x00,0x00,0x00,0x1b,0x00,0x00,0x00,
0xb6,0x24,0x00,0x00,0x83,0x00,0x05,0x00,0x1a,0x00,0x00,0x00,0xb8,0x24,0x00,0x00,
0x58,0x02,0x00,0x00,0xb7,0x24,0x00,0x00,0x85,0x00,0x05,0x00,0x1a,0x00,0x00,0x00,
0xb9,0x24,0x00,0x00,0xb4,0x24,0x00,0x00,0xb8,0x24,0x00,0x00,0x81,0x00,0x05,0x00,
0x1a,0x00,0x00,0x00,0xba,0x24,0x00,0x00,0xab,0x24,0x00,0x00,0xb9,0x24,0x00,0x00,
0x0c,0x00,0x07,0x00,0x1a,0x00,0x00,0x00,0x1b,0x25,0x00,0x00,0x01,0x00,0x00,0x00,
0x28,0x00,0x00,0x00,0x8d,0x01,0x00,0x00,0xba,0x24,0x00,0x00,0xf9,0x00,0x02,0x00,
0xbd,0x24,0x00,0x00,0xf8,0x00,0x02,0x00,0xbd,0x24,0x00,0x00,0xf5,0x00,0x07,0x00,
0x1a,0x00,0x00,0x00,0x5a,0x2d,0x00,0x00,0xad,0x24,0x00,0x00,0xa6,0x24,0x00,0x00,
0x1b,0x25,0x00,0x00,0xb0,0x24,0x00,0x00,0x0c,0x00,0x06,0x00,0x1a,0x00,0x00,0x00,
0x23,0x25,0x00,0x00,0x01,0x00,0x00,0x00,0x1b,0x00,0x00,0x00,0x5a,0x2d,0x00,0x00,
0x85,0x00,0x05,0x00,0x1a,0x00,0x00,0x00,0x26,0x25,0x00,0x00,0x23,0x25,0x00,0x00,
0xea,0x2c,0x00,0x00,0x0c,0x00,0x06,0x00,0x1a,0x00,0x00,0x00,0x27,0x25,0x00,0x00,
0x01,0x00,0x00,0x00,0x1e,0x00,0x00,0x00,0x26,0x25,0x00,0x00,0x0c,0x00,0x07,0x00,
0x1a,0x00,0x00,0x00,0x31,0x25,0x00,0x00,0x01,0x00,0x00,0x00,0x1a,0x00,0x00,0x00,
0x52,0x02,0x00,0x00,0x27,0x25,0x00,0x00,0x88,0x00,0x05,0x00,0x1a,0x00,0x00,0x00,
0x2c,0x25,0x00,0x00,0xeb,0x2c,0x00,0x00,0x31,0x25,0x00,0x00,0x52,0x00,0x06,0x00,
0x4a,0x00,0x00,0x00,0x9c,0x2c,0x00,0x00,0x2c,0x25,0x00,0x00,0x12,0x25,0x00,0x00,
0x00,0x00,0x00,0x00,0x52,0x00,0x06,0x00,0x4a,0x00,0x00,0x00,0x9e,0x2c,0x00,0x00,
0x5a,0x2d,0x00,0x00,0x9c,0x2c,0x00,0x00,0x01,0x00,0x00,0x00,0x52,0x00,0x06,0x00,
0x4a,0x00,0x00,0x00,0xa0,0x2c,0x00,0x00,0xa9,0x24,0x00,0x00,0x9e,0x2c,0x00,0x00,
0x02,0x00,0x00,0x00,0x3d,0x00,0x04,0x00,0x96,0x01,0x00,0x00,0x33,0x25,0x00,0x00,
0x98,0x01,0x00,0x00,0x63,0x00,0x04,0x00,0x33,0x25,0x00,0x00,0x9a,0x01,0x00,0x00,
0xa0,0x2c,0x00,0x00,0xf9,0x00,0x02,0x00,0xc7,0x24,0x00,0x00,0xf8,0x00,0x02,0x00,
0xc7,0x24,0x00,0x00,0xf9,0x00,0x02,0x00,0xc8,0x24,0x00,0x00,0xf8,0x00,0x02,0x00,
0xc8,0x24,0x00,0x00,0xb2,0x00,0x05,0x00,0x9d,0x00,0x00,0x00,0x3c,0x1d,0x00,0x00,
0x6e,0x07,0x00,0x00,0x47,0x06,0x00,0x00,0xf7,0x00,0x03,0x00,0x3e,0x1d,0x00,0x00,
0x00,0x00,0x00,0x00,0xfa,0x00,0x04,0x00,0x3c,0x1d,0x00,0x00,0x3d,0x1d,0x00,0x00,
0x3e,0x1d,0x00,0x00,0xf8,0x00,0x02,0x00,0x3d,0x1d,0x00,0x00,0xf9,0x00,0x02,0x00,
0x50,0x1d,0x00,0x00,0xf8,0x00,0x02,0x00,0x3e,0x1d,0x00,0x00,0x81,0x00,0x05,0x00,
0x4a,0x00,0x00,0x00,0x39,0x25,0x00,0x00,0x92,0x1e,0x00,0x00,0x8b,0x20,0x00,0x00,
0x81,0x00,0x05,0x00,0x4a,0x00,0x00,0x00,0x3b,0x25,0x00,0x00,0x39,0x25,0x00,0x00,
0x84,0x22,0x00,0x00,0x81,0x00,0x05,0x00,0x4a,0x00,0x00,0x00,0x3d,0x25,0x00,0x00,
0x3b,0x25,0x00,0x00,0x7d,0x24,0x00,0x00,0x8e,0x00,0x05,0x00,0x4a,0x00,0x00,0x00,
0x3e,0x25,0x00,0x00,0x3d,0x25,0x00,0x00,0x99,0x02,0x00,0x00,0xaa,0x00,0x05,0x00,
0x9d,0x00,0x00,0x00,0x62,0x25,0x00,0x00,0x47,0x06,0x00,0x00,0x79,0x0b,0x00,0x00,
0xf7,0x00,0x03,0x00,0x89,0x25,0x00,0x00,0x00,0x00,0x00,0x00,0xfa,0x00,0x04,0x00,
0x62,0x25,0x00,0x00,0x63,0x25,0x00,0x00,0x89,0x25,0x00,0x00,0xf8,0x00,0x02,0x00,
0x63,0x25,0x00,0x00,0xaa,0x00,0x05,0x00,0xbb,0x02,0x00,0x00,0x65,0x25,0x00,0x00,
0x7f,0x08,0x00,0x00,0x9a,0x01,0x00,0x00,0x9b,0x00,0x04,0x00,0x9d,0x00,0x00,0x00,
0x66,0x25,0x00,0x00,0x65,0x25,0x00,0x00,0xf7,0x00,0x03,0x00,0x88,0x25,0x00,0x00,
0x00,0x00,0x00,0x00,0xfa,0x00,0x04,0x00,0x66,0x25,0x00,0x00,0x67,0x25,0x00,0x00,
0x88,0x25,0x00,0x00,0xf8,0x00,0x02,0x00,0x67,0x25,0x00,0x00,0x3d,0x00,0x04,0x00,
0x96,0x01,0x00,0x00,0xd2,0x25,0x00,0x00,0x98,0x01,0x00,0x00,0x62,0x00,0x05,0x00,
0x4a,0x00,0x00,0x00,0xd3,0x25,0x00,0x00,0xd2,0x25,0x00,0x00,0x9a,0x01,0x00,0x00,
0x51,0x00,0x05,0x00,0x1a,0x00,0x00,0x00,0x6a,0x25,0x00,0x00,0x3e,0x25,0x00,0x00,
0x01,0x00,0x00,0x00,0x51,0x00,0x05,0x00,0x1a,0x00,0x00,0x00,0x6c,0x25,0x00,0x00,
0xd3,0x25,0x00,0x00,0x01,0x00,0x00,0x00,0x51,0x00,0x05,0x00,0x1a,0x00,0x00,0x00,
0x6e,0x25,0x00,0x00,0x3e,0x25,0x00,0x00,0x00,0x00,0x00,0x00,0xb8,0x00,0x05,0x00,
0x9d,0x00,0x00,0x00,0x70,0x25,0x00,0x00,0x6c,0x25,0x00,0x00,0xcc,0x02,0x00,0x00,
0xf7,0x00,0x03,0x00,0x7e,0x25,0x00,0x00,0x00,0x00,0x00,0x00,0xfa,0x00,0x04,0x00,
0x70,0x25,0x00,0x00,0x71,0x25,0x00,0x00,0x7e,0x25,0x00,0x00,0xf8,0x00,0x02,0x00,
0x71,0x25,0x00,0x00,0x83,0x00,0x05,0x00,0x1a,0x00,0x00,0x00,0x75,0x25,0x00,0x00,
0x6e,0x25,0x00,0x00,0x6c,0x25,0x00,0x00,0x41,0x00,0x05,0x00,0x65,0x01,0x00,0x00,
0xd6,0x25,0x00,0x00,0x5e,0x01,0x00,0x00,0x64,0x01,0x00,0x00,0x3d,0x00,0x04,0x00,
0x1a,0x00,0x00,0x00,0xd7,0x25,0x00,0x00,0xd6,0x25,0x00,0x00,0x7f,0x00,0x04,0x00,
0x1a,0x00,0x00,0x00,0x77,0x25,0x00,0x00,0xd7,0x25,0x00,0x00,0x0c,0x00,0x06,0x00,
0x1a,0x00,0x00,0x00,0x78,0x25,0x00,0x00,0x01,0x00,0x00,0x00,0x1b,0x00,0x00,0x00,
0x77,0x25,0x00,0x00,0x83,0x00,0x05,0x00,0x1a,0x00,0x00,0x00,0x79,0x25,0x00,0x00,
0x58,0x02,0x00,0x00,0x78,0x25,0x00,0x00,0x85,0x00,0x05,0x00,0x1a,0x00,0x00,0x00,
0x7a,0x25,0x00,0x00,0x75,0x25,0x00,0x00,0x79,0x25,0x00,0x00,0x81,0x00,0x05,0x00,
0x1a,0x00,0x00,0x00,0x7b,0x25,0x00,0x00,0x6c,0x25,0x00,0x00,0x7a,0x25,0x00,0x00,
0x0c,0x00,0x07,0x00,0x1a,0x00,0x00,0x00,0xdc,0x25,0x00,0x00,0x01,0x00,0x00,0x00,
0x28,0x00,0x00,0x00,0x8d,0x01,0x00,0x00,0x7b,0x25,0x00,0x00,0xf9,0x00,0x02,0x00,
0x7e,0x25,0x00,0x00,0xf8,0x00,0x02,0x00,0x7e,0x25,0x00,0x00,0xf5,0x00,0x07,0x00,
0x1a,0x00,0x00,0x00,0x5c,0x2d,0x00,0x00,0x6e,0x25,0x00,0x00,0x67,0x25,0x00,0x00,
0xdc,0x25,0x00,0x00,0x71,0x25,0x00,0x00,0x0c,0x00,0x06,0x00,0x1a,0x00,0x00,0x00,
0xe4,0x25,0x00,0x00,0x01,0x00,0x00,0x00,0x1b,0x00,0x00,0x00,0x5c,0x2d,0x00,0x00,
0x85,0x00,0x05,0x00,0x1a,0x00,0x00,0x00,0xe7,0x25,0x00,0x00,0xe4,0x25,0x00,0x00,
0xea,0x2c,0x00,0x00,0x0c,0x00,0x06,0x00,0x1a,0x00,0x00,0x00,0xe8,0x25,0x00,0x00,
0x01,0x00,0x00,0x00,0x1e,0x00,0x00,0x00,0xe7,0x25,0x00,0x00,0x0c,0x00,0x07,0x00,
0x1a,0x00,0x00,0x00,0xf2,0x25,0x00,0x00,0x01,0x00,0x00,0x00,0x1a,0x00,0x00,0x00,
0x52,0x02,0x00,0x00,0xe8,0x25,0x00,0x00,0x88,0x00,0x05,0x00,0x1a,0x00,0x00,0x00,
0xed,0x25,0x00,0x00,0xeb,0x2c,0x00,0x00,0xf2,0x25,0x00,0x00,0x52,0x00,0x06,0x00,
0x4a,0x00,0x00,0x00,0xa6,0x2c,0x00,0x00,0xed,0x25,0x00,0x00,0xd3,0x25,0x00,0x00,
0x00,0x00,0x00,0x00,0x52,0x00,0x06,0x00,0x4a,0x00,0x00,0x00,0xa8,0x2c,0x00,0x00,
0x5c,0x2d,0x00,0x00,0xa6,0x2c,0x00,0x00,0x01,0x00,0x00,0x00,0x52,0x00,0x06,0x00,
0x4a,0x00,0x00,0x00,0xaa,0x2c,0x00,0x00,0x6a,0x25,0x00,0x00,0xa8,0x2c,0x00,0x00,
0x02,0x00,0x00,0x00,0x3d,0x00,0x04,0x00,0x96,0x01,0x00,0x00,0xf4,0x25,0x00,0x00,
0x98,0x01,0x00,0x00,0x63,0x00,0x04,0x00,0xf4,0x25,0x00,0x00,0x9a,0x01,0x00,0x00,
0xaa,0x2c,0x00,0x00,0xf9,0x00,0x02,0x00,0x88,0x25,0x00,0x00,0xf8,0x00,0x02,0x00,
0x88,0x25,0x00,0x00,0xf9,0x00,0x02,0x00,0x89,0x25,0x00,0x00,0xf8,0x00,0x02,0x00,
0x89,0x25,0x00,0x00,0x51,0x00,0x05,0x00,0x1a,0x00,0x00,0x00,0xfa,0x25,0x00,0x00,
0x3e,0x25,0x00,0x00,0x00,0x00,0x00,0x00,0x41,0x00,0x06,0x00,0xf0,0x02,0x00,0x00,
0xfb,0x25,0x00,0x00,0xed,0x02,0x00,0x00,0xb1,0x07,0x00,0x00,0xb7,0x07,0x00,0x00,
0x3e,0x00,0x03,0x00,0xfb,0x25,0x00,0x00,0xfa,0x25,0x00,0x00,0x51,0x00,0x05,0x00,
0x1a,0x00,0x00,0x00,0xff,0x25,0x00,0x00,0x3e,0x25,0x00,0x00,0x01,0x00,0x00,0x00,
0x41,0x00,0x06,0x00,0xf0,0x02,0x00,0x00,0x00,0x26,0x00,0x00,0xf3,0x02,0x00,0x00,
0xb1,0x07,0x00,0x00,0xb7,0x07,0x00,0x00,0x3e,0x00,0x03,0x00,0x00,0x26,0x00,0x00,
0xff,0x25,0x00,0x00,0x51,0x00,0x05,0x00,0x1a,0x00,0x00,0x00,0x04,0x26,0x00,0x00,
0x3e,0x25,0x00,0x00,0x02,0x00,0x00,0x00,0x41,0x00,0x06,0x00,0xf0,0x02,0x00,0x00,
0x05,0x26,0x00,0x00,0xf8,0x02,0x00,0x00,0xb1,0x07,0x00,0x00,0xb7,0x07,0x00,0x00,
0x3e,0x00,0x03,0x00,0x05,0x26,0x00,0x00,0x04,0x26,0x00,0x00,0x51,0x00,0x05,0x00,
0x1a,0x00,0x00,0x00,0x09,0x26,0x00,0x00,0x3e,0x25,0x00,0x00,0x03,0x00,0x00,0x00,
0x41,0x00,0x06,0x00,0xf0,0x02,0x00,0x00,0x0a,0x26,0x00,0x00,0xfd,0x02,0x00,0x00,
0xb1,0x07,0x00,0x00,0xb7,0x07,0x00,0x00,0x3e,0x00,0x03,0x00,0x0a,0x26,0x00,0x00,
0x09,0x26,0x00,0x00,0xf9,0x00,0x02,0x00,0x50,0x1d,0x00,0x00,0xf8,0x00,0x02,0x00,
0x50,0x1d,0x00,0x00,0xf7,0x00,0x03,0x00,0x5c,0x26,0x00,0x00,0x00,0x00,0x00,0x00,
0xfb,0x00,0x03,0x00,0x83,0x01,0x00,0x00,0x23,0x26,0x00,0x00,0xf8,0x00,0x02,0x00,
0x23,0x26,0x00,0x00,0xb2,0x00,0x05,0x00,0x9d,0x00,0x00,0x00,0x26,0x26,0x00,0x00,
0x6e,0x07,0x00,0x00,0xa3,0x04,0x00,0x00,0xf7,0x00,0x03,0x00,0x28,0x26,0x00,0x00,
0x00,0x00,0x00,0x00,0xfa,0x00,0x04,0x00,0x26,0x26,0x00,0x00,0x27,0x26,0x00,0x00,
0x28,0x26,0x00,0x00,0xf8,0x00,0x02,0x00,0x27,0x26,0x00,0x00,0xf9,0x00,0x02,0x00,
0x5c,0x26,0x00,0x00,0xf8,0x00,0x02,0x00,0x28,0x26,0x00,0x00,0xe1,0x00,0x03,0x00,
0x3e,0x01,0x00,0x00,0x19,0x03,0x00,0x00,0xe0,0x00,0x04,0x00,0x3e,0x01,0x00,0x00,
0x3e,0x01,0x00,0x00,0x1a,0x03,0x00,0x00,0x41,0x00,0x06,0x00,0xf0,0x02,0x00,0x00,
0x90,0x26,0x00,0x00,0xed,0x02,0x00,0x00,0xb1,0x07,0x00,0x00,0xb7,0x07,0x00,0x00,
0x3d,0x00,0x04,0x00,0x1a,0x00,0x00,0x00,0x91,0x26,0x00,0x00,0x90,0x26,0x00,0x00,
0x41,0x00,0x06,0x00,0xf0,0x02,0x00,0x00,0x94,0x26,0x00,0x00,0xf3,0x02,0x00,0x00,
0xb1,0x07,0x00,0x00,0xb7,0x07,0x00,0x00,0x3d,0x00,0x04,0x00,0x1a,0x00,0x00,0x00,
0x95,0x26,0x00,0x00,0x94,0x26,0x00,0x00,0x41,0x00,0x06,0x00,0xf0,0x02,0x00,0x00,
0x98,0x26,0x00,0x00,0xf8,0x02,0x00,0x00,0xb1,0x07,0x00,0x00,0xb7,0x07,0x00,0x00,
0x3d,0x00,0x04,0x00,0x1a,0x00,0x00,0x00,0x99,0x26,0x00,0x00,0x98,0x26,0x00,0x00,
0x41,0x00,0x06,0x00,0xf0,0x02,0x00,0x00,0x9c,0x26,0x00,0x00,0xfd,0x02,0x00,0x00,
0xb1,0x07,0x00,0x00,0xb7,0x07,0x00,0x00,0x3d,0x00,0x04,0x00,0x1a,0x00,0x00,0x00,
0x9d,0x26,0x00,0x00,0x9c,0x26,0x00,0x00,0x50,0x00,0x07,0x00,0x4a,0x00,0x00,0x00,
0x9e,0x26,0x00,0x00,0x91,0x26,0x00,0x00,0x95,0x26,0x00,0x00,0x99,0x26,0x00,0x00,
0x9d,0x26,0x00,0x00,0x6e,0x01,0x06,0x00,0x4a,0x00,0x00,0x00,0xab,0x26,0x00,0x00,
0x3f,0x01,0x00,0x00,0x9e,0x26,0x00,0x00,0x83,0x01,0x00,0x00,0x6e,0x01,0x06,0x00,
0x4a,0x00,0x00,0x00,0xad,0x26,0x00,0x00,0x3f,0x01,0x00,0x00,0x9e,0x26,0x00,0x00,
0x45,0x01,0x00,0x00,0x6e,0x01,0x06,0x00,0x4a,0x00,0x00,0x00,0xaf,0x26,0x00,0x00,
0x3f,0x01,0x00,0x00,0x9e,0x26,0x00,0x00,0x3e,0x01,0x00,0x00,0x81,0x00,0x05,0x00,
0x4a,0x00,0x00,0x00,0xb9,0x26,0x00,0x00,0x9e,0x26,0x00,0x00,0xab,0x26,0x00,0x00,
0x81,0x00,0x05,0x00,0x4a,0x00,0x00,0x00,0xbb,0x26,0x00,0x00,0xb9,0x26,0x00,0x00,
0xad,0x26,0x00,0x00,0x81,0x00,0x05,0x00,0x4a,0x00,0x00,0x00,0xbd,0x26,0x00,0x00,
0xbb,0x26,0x00,0x00,0xaf,0x26,0x00,0x00,0x8e,0x00,0x05,0x00,0x4a,0x00,0x00,0x00,
0xbe,0x26,0x00,0x00,0xbd,0x26,0x00,0x00,0x99,0x02,0x00,0x00,0x89,0x00,0x05,0x00,
0x06,0x00,0x00,0x00,0x70,0x26,0x00,0x00,0x37,0x07,0x00,0x00,0xcb,0x01,0x00,0x00,
0xaa,0x00,0x05,0x00,0x9d,0x00,0x00,0x00,0x71,0x26,0x00,0x00,0x70,0x26,0x00,0x00,
0x83,0x01,0x00,0x00,0xf7,0x00,0x03,0x00,0x8b,0x26,0x00,0x00,0x00,0x00,0x00,0x00,
0xfa,0x00,0x04,0x00,0x71,0x26,0x00,0x00,0x72,0x26,0x00,0x00,0x8b,0x26,0x00,0x00,
0xf8,0x00,0x02,0x00,0x72,0x26,0x00,0x00,0x86,0x00,0x05,0x00,0x06,0x00,0x00,0x00,
0x78,0x26,0x00,0x00,0xb1,0x07,0x00,0x00,0x3e,0x01,0x00,0x00,0x7c,0x00,0x04,0x00,
0x13,0x00,0x00,0x00,0x79,0x26,0x00,0x00,0x78,0x26,0x00,0x00,0x86,0x00,0x05,0x00,
0x06,0x00,0x00,0x00,0x7b,0x26,0x00,0x00,0xb7,0x07,0x00,0x00,0x3e,0x01,0x00,0x00,
0x7c,0x00,0x04,0x00,0x13,0x00,0x00,0x00,0x7c,0x26,0x00,0x00,0x7b,0x26,0x00,0x00,
0x50,0x00,0x05,0x00,0x2e,0x00,0x00,0x00,0x7d,0x26,0x00,0x00,0x79,0x26,0x00,0x00,
0x7c,0x26,0x00,0x00,0xaa,0x00,0x05,0x00,0x9d,0x00,0x00,0x00,0xe2,0x26,0x00,0x00,
0xa3,0x04,0x00,0x00,0x79,0x0b,0x00,0x00,0xf7,0x00,0x03,0x00,0x09,0x27,0x00,0x00,
0x00,0x00,0x00,0x00,0xfa,0x00,0x04,0x00,0xe2,0x26,0x00,0x00,0xe3,0x26,0x00,0x00,
0x09,0x27,0x00,0x00,0xf8,0x00,0x02,0x00,0xe3,0x26,0x00,0x00,0xaa,0x00,0x05,0x00,
0xbb,0x02,0x00,0x00,0xe5,0x26,0x00,0x00,0x7d,0x26,0x00,0x00,0x9a,0x01,0x00,0x00,
0x9b,0x00,0x04,0x00,0x9d,0x00,0x00,0x00,0xe6,0x26,0x00,0x00,0xe5,0x26,0x00,0x00,
0xf7,0x00,0x03,0x00,0x08,0x27,0x00,0x00,0x00,0x00,0x00,0x00,0xfa,0x00,0x04,0x00,
0xe6,0x26,0x00,0x00,0xe7,0x26,0x00,0x00,0x08,0x27,0x00,0x00,0xf8,0x00,0x02,0x00,
0xe7,0x26,0x00,0x00,0x3d,0x00,0x04,0x00,0x96,0x01,0x00,0x00,0x52,0x27,0x00,0x00,
0x98,0x01,0x00,0x00,0x62,0x00,0x05,0x00,0x4a,0x00,0x00,0x00,0x53,0x27,0x00,0x00,
0x52,0x27,0x00,0x00,0x9a,0x01,0x00,0x00,0x51,0x00,0x05,0x00,0x1a,0x00,0x00,0x00,
0xea,0x26,0x00,0x00,0xbe,0x26,0x00,0x00,0x01,0x00,0x00,0x00,0x51,0x00,0x05,0x00,
0x1a,0x00,0x00,0x00,0xec,0x26,0x00,0x00,0x53,0x27,0x00,0x00,0x01,0x00,0x00,0x00,
0x51,0x00,0x05,0x00,0x1a,0x00,0x00,0x00,0xee,0x26,0x00,0x00,0xbe,0x26,0x00,0x00,
0x00,0x00,0x00,0x00,0xb8,0x00,0x05,0x00,0x9d,0x00,0x00,0x00,0xf0,0x26,0x00,0x00,
0xec,0x26,0x00,0x00,0xcc,0x02,0x00,0x00,0xf7,0x00,0x03,0x00,0xfe,0x26,0x00,0x00,
0x00,0x00,0x00,0x00,0xfa,0x00,0x04,0x00,0xf0,0x26,0x00,0x00,0xf1,0x26,0x00,0x00,
0xfe,0x26,0x00,0x00,0xf8,0x00,0x02,0x00,0xf1,0x26,0x00,0x00,0x83,0x00,0x05,0x00,
0x1a,0x00,0x00,0x00,0xf5,0x26,0x00,0x00,0xee,0x26,0x00,0x00,0xec,0x26,0x00,0x00,
0x41,0x00,0x05,0x00,0x65,0x01,0x00,0x00,0x56,0x27,0x00,0x00,0x5e,0x01,0x00,0x00,
0x64,0x01,0x00,0x00,0x3d,0x00,0x04,0x00,0x1a,0x00,0x00,0x00,0x57,0x27,0x00,0x00,
0x56,0x27,0x00,0x00,0x7f,0x00,0x04,0x00,0x1a,0x00,0x00,0x00,0xf7,0x26,0x00,0x00,
0x57,0x27,0x00,0x00,0x0c,0x00,0x06,0x00,0x1a,0x00,0x00,0x00,0xf8,0x26,0x00,0x00,
0x01,0x00,0x00,0x00,0x1b,0x00,0x00,0x00,0xf7,0x26,0x00,0x00,0x83,0x00,0x05,0x00,
0x1a,0x00,0x00,0x00,0xf9,0x26,0x00,0x00,0x58,0x02,0x00,0x00,0xf8,0x26,0x00,0x00,
0x85,0x00,0x05,0x00,0x1a,0x00,0x00,0x00,0xfa,0x26,0x00,0x00,0xf5,0x26,0x00,0x00,
0xf9,0x26,0x00,0x00,0x81,0x00,0x05,0x00,0x1a,0x00,0x00,0x00,0xfb,0x26,0x00,0x00,
0xec,0x26,0x00,0x00,0xfa,0x26,0x00,0x00,0x0c,0x00,0x07,0x00,0x1a,0x00,0x00,0x00,
0x5c,0x27,0x00,0x00,0x01,0x00,0x00,0x00,0x28,0x00,0x00,0x00,0x8d,0x01,0x00,0x00,
0xfb,0x26,0x00,0x00,0xf9,0x00,0x02,0x00,0xfe,0x26,0x00,0x00,0xf8,0x00,0x02,0x00,
0xfe,0x26,0x00,0x00,0xf5,0x00,0x07,0x00,0x1a,0x00,0x00,0x00,0x5e,0x2d,0x00,0x00,
0xee,0x26,0x00,0x00,0xe7,0x26,0x00,0x00,0x5c,0x27,0x00,0x00,0xf1,0x26,0x00,0x00,
0x0c,0x00,0x06,0x00,0x1a,0x00,0x00,0x00,0x64,0x27,0x00,0x00,0x01,0x00,0x00,0x00,
0x1b,0x00,0x00,0x00,0x5e,0x2d,0x00,0x00,0x85,0x00,0x05,0x00,0x1a,0x00,0x00,0x00,
0x67,0x27,0x00,0x00,0x64,0x27,0x00,0x00,0xea,0x2c,0x00,0x00,0x0c,0x00,0x06,0x00,
0x1a,0x00,0x00,0x00,0x68,0x27,0x00,0x00,0x01,0x00,0x00,0x00,0x1e,0x00,0x00,0x00,
0x67,0x27,0x00,0x00,0x0c,0x00,0x07,0x00,0x1a,0x00,0x00,0x00,0x72,0x27,0x00,0x00,
0x01,0x00,0x00,0x00,0x1a,0x00,0x00,0x00,0x52,0x02,0x00,0x00,0x68,0x27,0x00,0x00,
0x88,0x00,0x05,0x00,0x1a,0x00,0x00,0x00,0x6d,0x27,0x00,0x00,0xeb,0x2c,0x00,0x00,
0x72,0x27,0x00,0x00,0x52,0x00,0x06,0x00,0x4a,0x00,0x00,0x00,0xb4,0x2c,0x00,0x00,
0x6d,0x27,0x00,0x00,0x53,0x27,0x00,0x00,0x00,0x00,0x00,0x00,0x52,0x00,0x06,0x00,
0x4a,0x00,0x00,0x00,0xb6,0x2c,0x00,0x00,0x5e,0x2d,0x00,0x00,0xb4,0x2c,0x00,0x00,
0x01,0x00,0x00,0x00,0x52,0x00,0x06,0x00,0x4a,0x00,0x00,0x00,0xb8,0x2c,0x00,0x00,
0xea,0x26,0x00,0x00,0xb6,0x2c,0x00,0x00,0x02,0x00,0x00,0x00,0x3d,0x00,0x04,0x00,
0x96,0x01,0x00,0x00,0x74,0x27,0x00,0x00,0x98,0x01,0x00,0x00,0x63,0x00,0x04,0x00,
0x74,0x27,0x00,0x00,0x9a,0x01,0x00,0x00,0xb8,0x2c,0x00,0x00,0xf9,0x00,0x02,0x00,
0x08,0x27,0x00,0x00,0xf8,0x00,0x02,0x00,0x08,0x27,0x00,0x00,0xf9,0x00,0x02,0x00,
0x09,0x27,0x00,0x00,0xf8,0x00,0x02,0x00,0x09,0x27,0x00,0x00,0x89,0x00,0x05,0x00,
0x06,0x00,0x00,0x00,0x86,0x26,0x00,0x00,0x7b,0x26,0x00,0x00,0x3e,0x01,0x00,0x00,
0x80,0x00,0x05,0x00,0x06,0x00,0x00,0x00,0x87,0x26,0x00,0x00,0xb1,0x07,0x00,0x00,
0x86,0x26,0x00,0x00,0x51,0x00,0x05,0x00,0x1a,0x00,0x00,0x00,0x7a,0x27,0x00,0x00,
0xbe,0x26,0x00,0x00,0x00,0x00,0x00,0x00,0x41,0x00,0x06,0x00,0xf0,0x02,0x00,0x00,
0x7b,0x27,0x00,0x00,0xed,0x02,0x00,0x00,0x87,0x26,0x00,0x00,0xb7,0x07,0x00,0x00,
0x3e,0x00,0x03,0x00,0x7b,0x27,0x00,0x00,0x7a,0x27,0x00,0x00,0x51,0x00,0x05,0x00,
0x1a,0x00,0x00,0x00,0x7f,0x27,0x00,0x00,0xbe,0x26,0x00,0x00,0x01,0x00,0x00,0x00,
0x41,0x00,0x06,0x00,0xf0,0x02,0x00,0x00,0x80,0x27,0x00,0x00,0xf3,0x02,0x00,0x00,
0x87,0x26,0x00,0x00,0xb7,0x07,0x00,0x00,0x3e,0x00,0x03,0x00,0x80,0x27,0x00,0x00,
0x7f,0x27,0x00,0x00,0x51,0x00,0x05,0x00,0x1a,0x00,0x00,0x00,0x84,0x27,0x00,0x00,
0xbe,0x26,0x00,0x00,0x02,0x00,0x00,0x00,0x41,0x00,0x06,0x00,0xf0,0x02,0x00,0x00,
0x85,0x27,0x00,0x00,0xf8,0x02,0x00,0x00,0x87,0x26,0x00,0x00,0xb7,0x07,0x00,0x00,
0x3e,0x00,0x03,0x00,0x85,0x27,0x00,0x00,0x84,0x27,0x00,0x00,0x51,0x00,0x05,0x00,
0x1a,0x00,0x00,0x00,0x89,0x27,0x00,0x00,0xbe,0x26,0x00,0x00,0x03,0x00,0x00,0x00,
0x41,0x00,0x06,0x00,0xf0,0x02,0x00,0x00,0x8a,0x27,0x00,0x00,0xfd,0x02,0x00,0x00,
0x87,0x26,0x00,0x00,0xb7,0x07,0x00,0x00,0x3e,0x00,0x03,0x00,0x8a,0x27,0x00,0x00,
0x89,0x27,0x00,0x00,0xf9,0x00,0x02,0x00,0x8b,0x26,0x00,0x00,0xf8,0x00,0x02,0x00,
0x8b,0x26,0x00,0x00,0xb2,0x00,0x05,0x00,0x9d,0x00,0x00,0x00,0x34,0x26,0x00,0x00,
0x6e,0x07,0x00,0x00,0xfc,0x2c,0x00,0x00,0xf7,0x00,0x03,0x00,0x36,0x26,0x00,0x00,
0x00,0x00,0x00,0x00,0xfa,0x00,0x04,0x00,0x34,0x26,0x00,0x00,0x35,0x26,0x00,0x00,
0x36,0x26,0x00,0x00,0xf8,0x00,0x02,0x00,0x35,0x26,0x00,0x00,0xf9,0x00,0x02,0x00,
0x5c,0x26,0x00,0x00,0xf8,0x00,0x02,0x00,0x36,0x26,0x00,0x00,0xe1,0x00,0x03,0x00,
0x3e,0x01,0x00,0x00,0x19,0x03,0x00,0x00,0xe0,0x00,0x04,0x00,0x3e,0x01,0x00,0x00,
0x3e,0x01,0x00,0x00,0x1a,0x03,0x00,0x00,0xb0,0x00,0x05,0x00,0x9d,0x00,0x00,0x00,
0x99,0x27,0x00,0x00,0x37,0x07,0x00,0x00,0xbb,0x03,0x00,0x00,0xf7,0x00,0x03,0x00,
0xc3,0x27,0x00,0x00,0x00,0x00,0x00,0x00,0xfa,0x00,0x04,0x00,0x99,0x27,0x00,0x00,
0x9a,0x27,0x00,0x00,0xc3,0x27,0x00,0x00,0xf8,0x00,0x02,0x00,0x9a,0x27,0x00,0x00,
0x89,0x00,0x05,0x00,0x06,0x00,0x00,0x00,0x9e,0x27,0x00,0x00,0xb7,0x07,0x00,0x00,
0x3e,0x01,0x00,0x00,0x80,0x00,0x05,0x00,0x06,0x00,0x00,0x00,0x9f,0x27,0x00,0x00,
0x70,0x08,0x00,0x00,0x9e,0x27,0x00,0x00,0x41,0x00,0x06,0x00,0xf0,0x02,0x00,0x00,
0xc8,0x27,0x00,0x00,0xed,0x02,0x00,0x00,0x9f,0x27,0x00,0x00,0x73,0x08,0x00,0x00,
0x3d,0x00,0x04,0x00,0x1a,0x00,0x00,0x00,0xc9,0x27,0x00,0x00,0xc8,0x27,0x00,0x00,
0x41,0x00,0x06,0x00,0xf0,0x02,0x00,0x00,0xcc,0x27,0x00,0x00,0xf3,0x02,0x00,0x00,
0x9f,0x27,0x00,0x00,0x73,0x08,0x00,0x00,0x3d,0x00,0x04,0x00,0x1a,0x00,0x00,0x00,
0xcd,0x27,0x00,0x00,0xcc,0x27,0x00,0x00,0x41,0x00,0x06,0x00,0xf0,0x02,0x00,0x00,
0xd0,0x27,0x00,0x00,0xf8,0x02,0x00,0x00,0x9f,0x27,0x00,0x00,0x73,0x08,0x00,0x00,
0x3d,0x00,0x04,0x00,0x1a,0x00,0x00,0x00,0xd1,0x27,0x00,0x00,0xd0,0x27,0x00,0x00,
0x41,0x00,0x06,0x00,0xf0,0x02,0x00,0x00,0xd4,0x27,0x00,0x00,0xfd,0x02,0x00,0x00,
0x9f,0x27,0x00,0x00,0x73,0x08,0x00,0x00,0x3d,0x00,0x04,0x00,0x1a,0x00,0x00,0x00,
0xd5,0x27,0x00,0x00,0xd4,0x27,0x00,0x00,0x50,0x00,0x07,0x00,0x4a,0x00,0x00,0x00,
0xd6,0x27,0x00,0x00,0xc9,0x27,0x00,0x00,0xcd,0x27,0x00,0x00,0xd1,0x27,0x00,0x00,
0xd5,0x27,0x00,0x00,0x6e,0x01,0x06,0x00,0x4a,0x00,0x00,0x00,0xe3,0x27,0x00,0x00,
0x3f,0x01,0x00,0x00,0xd6,0x27,0x00,0x00,0x83,0x01,0x00,0x00,0x6e,0x01,0x06,0x00,
0x4a,0x00,0x00,0x00,0xe5,0x27,0x00,0x00,0x3f,0x01,0x00,0x00,0xd6,0x27,0x00,0x00,
0x45,0x01,0x00,0x00,0x6e,0x01,0x06,0x00,0x4a,0x00,0x00,0x00,0xe7,0x27,0x00,0x00,
0x3f,0x01,0x00,0x00,0xd6,0x27,0x00,0x00,0x3e,0x01,0x00,0x00,0x81,0x00,0x05,0x00,
0x4a,0x00,0x00,0x00,0xf1,0x27,0x00,0x00,0xd6,0x27,0x00,0x00,0xe3,0x27,0x00,0x00,
0x81,0x00,0x05,0x00,0x4a,0x00,0x00,0x00,0xf3,0x27,0x00,0x00,0xf1,0x27,0x00,0x00,
0xe5,0x27,0x00,0x00,0x81,0x00,0x05,0x00,0x4a,0x00,0x00,0x00,0xf5,0x27,0x00,0x00,
0xf3,0x27,0x00,0x00,0xe7,0x27,0x00,0x00,0x8e,0x00,0x05,0x00,0x4a,0x00,0x00,0x00,
0xf6,0x27,0x00,0x00,0xf5,0x27,0x00,0x00,0x99,0x02,0x00,0x00,0xf7,0x00,0x03,0x00,
0xc2,0x27,0x00,0x00,0x00,0x00,0x00,0x00,0xfa,0x00,0x04,0x00,0x71,0x26,0x00,0x00,
0xa8,0x27,0x00,0x00,0xc2,0x27,0x00,0x00,0xf8,0x00,0x02,0x00,0xa8,0x27,0x00,0x00,
0x86,0x00,0x05,0x00,0x06,0x00,0x00,0x00,0xae,0x27,0x00,0x00,0xb1,0x07,0x00,0x00,
0x3e,0x01,0x00,0x00,0x7c,0x00,0x04,0x00,0x13,0x00,0x00,0x00,0xaf,0x27,0x00,0x00,
0xae,0x27,0x00,0x00,0x86,0x00,0x05,0x00,0x06,0x00,0x00,0x00,0xb1,0x27,0x00,0x00,
0xb7,0x07,0x00,0x00,0x3e,0x01,0x00,0x00,0x7c,0x00,0x04,0x00,0x13,0x00,0x00,0x00,
0xb2,0x27,0x00,0x00,0xb1,0x27,0x00,0x00,0x50,0x00,0x05,0x00,0x2e,0x00,0x00,0x00,
0xb3,0x27,0x00,0x00,0xaf,0x27,0x00,0x00,0xb2,0x27,0x00,0x00,0xaa,0x00,0x05,0x00,
0x9d,0x00,0x00,0x00,0x1a,0x28,0x00,0x00,0xfc,0x2c,0x00,0x00,0x79,0x0b,0x00,0x00,
0xf7,0x00,0x03,0x00,0x41,0x28,0x00,0x00,0x00,0x00,0x00,0x00,0xfa,0x00,0x04,0x00,
0x1a,0x28,0x00,0x00,0x1b,0x28,0x00,0x00,0x41,0x28,0x00,0x00,0xf8,0x00,0x02,0x00,
0x1b,0x28,0x00,0x00,0xaa,0x00,0x05,0x00,0xbb,0x02,0x00,0x00,0x1d,0x28,0x00,0x00,
0xb3,0x27,0x00,0x00,0x9a,0x01,0x00,0x00,0x9b,0x00,0x04,0x00,0x9d,0x00,0x00,0x00,
0x1e,0x28,0x00,0x00,0x1d,0x28,0x00,0x00,0xf7,0x00,0x03,0x00,0x40,0x28,0x00,0x00,
0x00,0x00,0x00,0x00,0xfa,0x00,0x04,0x00,0x1e,0x28,0x00,0x00,0x1f,0x28,0x00,0x00,
0x40,0x28,0x00,0x00,0xf8,0x00,0x02,0x00,0x1f,0x28,0x00,0x00,0x3d,0x00,0x04,0x00,
0x96,0x01,0x00,0x00,0x8a,0x28,0x00,0x00,0x98,0x01,0x00,0x00,0x62,0x00,0x05,0x00,
0x4a,0x00,0x00,0x00,0x8b,0x28,0x00,0x00,0x8a,0x28,0x00,0x00,0x9a,0x01,0x00,0x00,
0x51,0x00,0x05,0x00,0x1a,0x00,0x00,0x00,0x22,0x28,0x00,0x00,0xf6,0x27,0x00,0x00,
0x01,0x00,0x00,0x00,0x51,0x00,0x05,0x00,0x1a,0x00,0x00,0x00,0x24,0x28,0x00,0x00,
0x8b,0x28,0x00,0x00,0x01,0x00,0x00,0x00,0x51,0x00,0x05,0x00,0x1a,0x00,0x00,0x00,
0x26,0x28,0x00,0x00,0xf6,0x27,0x00,0x00,0x00,0x00,0x00,0x00,0xb8,0x00,0x05,0x00,
0x9d,0x00,0x00,0x00,0x28,0x28,0x00,0x00,0x24,0x28,0x00,0x00,0xcc,0x02,0x00,0x00,
0xf7,0x00,0x03,0x00,0x36,0x28,0x00,0x00,0x00,0x00,0x00,0x00,0xfa,0x00,0x04,0x00,
0x28,0x28,0x00,0x00,0x29,0x28,0x00,0x00,0x36,0x28,0x00,0x00,0xf8,0x00,0x02,0x00,
0x29,0x28,0x00,0x00,0x83,0x00,0x05,0x00,0x1a,0x00,0x00,0x00,0x2d,0x28,0x00,0x00,
0x26,0x28,0x00,0x00,0x24,0x28,0x00,0x00,0x41,0x00,0x05,0x00,0x65,0x01,0x00,0x00,
0x8e,0x28,0x00,0x00,0x5e,0x01,0x00,0x00,0x64,0x01,0x00,0x00,0x3d,0x00,0x04,0x00,
0x1a,0x00,0x00,0x00,0x8f,0x28,0x00,0x00,0x8e,0x28,0x00,0x00,0x7f,0x00,0x04,0x00,
0x1a,0x00,0x00,0x00,0x2f,0x28,0x00,0x00,0x8f,0x28,0x00,0x00,0x0c,0x00,0x06,0x00,
0x1a,0x00,0x00,0x00,0x30,0x28,0x00,0x00,0x01,0x00,0x00,0x00,0x1b,0x00,0x00,0x00,
0x2f,0x28,0x00,0x00,0x83,0x00,0x05,0x00,0x1a,0x00,0x00,0x00,0x31,0x28,0x00,0x00,
0x58,0x02,0x00,0x00,0x30,0x28,0x00,0x00,0x85,0x00,0x05,0x00,0x1a,0x00,0x00,0x00,
0x32,0x28,0x00,0x00,0x2d,0x28,0x00,0x00,0x31,0x28,0x00,0x00,0x81,0x00,0x05,0x00,
0x1a,0x00,0x00,0x00,0x33,0x28,0x00,0x00,0x24,0x28,0x00,0x00,0x32,0x28,0x00,0x00,
0x0c,0x00,0x07,0x00,0x1a,0x00,0x00,0x00,0x94,0x28,0x00,0x00,0x01,0x00,0x00,0x00,
0x28,0x00,0x00,0x00,0x8d,0x01,0x00,0x00,0x33,0x28,0x00,0x00,0xf9,0x00,0x02,0x00,
0x36,0x28,0x00,0x00,0xf8,0x00,0x02,0x00,0x36,0x28,0x00,0x00,0xf5,0x00,0x07,0x00,
0x1a,0x00,0x00,0x00,0x60,0x2d,0x00,0x00,0x26,0x28,0x00,0x00,0x1f,0x28,0x00,0x00,
0x94,0x28,0x00,0x00,0x29,0x28,0x00,0x00,0x0c,0x00,0x06,0x00,0x1a,0x00,0x00,0x00,
0x9c,0x28,0x00,0x00,0x01,0x00,0x00,0x00,0x1b,0x00,0x00,0x00,0x60,0x2d,0x00,0x00,
0x85,0x00,0x05,0x00,0x1a,0x00,0x00,0x00,0x9f,0x28,0x00,0x00,0x9c,0x28,0x00,0x00,
0xea,0x2c,0x00,0x00,0x0c,0x00,0x06,0x00,0x1a,0x00,0x00,0x00,0xa0,0x28,0x00,0x00,
0x01,0x00,0x00,0x00,0x1e,0x00,0x00,0x00,0x9f,0x28,0x00,0x00,0x0c,0x00,0x07,0x00,
0x1a,0x00,0x00,0x00,0xaa,0x28,0x00,0x00,0x01,0x00,0x00,0x00,0x1a,0x00,0x00,0x00,
0x52,0x02,0x00,0x00,0xa0,0x28,0x00,0x00,0x88,0x00,0x05,0x00,0x1a,0x00,0x00,0x00,
0xa5,0x28,0x00,0x00,0xeb,0x2c,0x00,0x00,0xaa,0x28,0x00,0x00,0x52,0x00,0x06,0x00,
0x4a,0x00,0x00,0x00,0xc2,0x2c,0x00,0x00,0xa5,0x28,0x00,0x00,0x8b,0x28,0x00,0x00,
0x00,0x00,0x00,0x00,0x52,0x00,0x06,0x00,0x4a,0x00,0x00,0x00,0xc4,0x2c,0x00,0x00,
0x60,0x2d,0x00,0x00,0xc2,0x2c,0x00,0x00,0x01,0x00,0x00,0x00,0x52,0x00,0x06,0x00,
0x4a,0x00,0x00,0x00,0xc6,0x2c,0x00,0x00,0x22,0x28,0x00,0x00,0xc4,0x2c,0x00,0x00,
0x02,0x00,0x00,0x00,0x3d,0x00,0x04,0x00,0x96,0x01,0x00,0x00,0xac,0x28,0x00,0x00,
0x98,0x01,0x00,0x00,0x63,0x00,0x04,0x00,0xac,0x28,0x00,0x00,0x9a,0x01,0x00,0x00,
0xc6,0x2c,0x00,0x00,0xf9,0x00,0x02,0x00,0x40,0x28,0x00,0x00,0xf8,0x00,0x02,0x00,
0x40,0x28,0x00,0x00,0xf9,0x00,0x02,0x00,0x41,0x28,0x00,0x00,0xf8,0x00,0x02,0x00,
0x41,0x28,0x00,0x00,0x80,0x00,0x05,0x00,0x06,0x00,0x00,0x00,0xbd,0x27,0x00,0x00,
0x70,0x08,0x00,0x00,0xb1,0x27,0x00,0x00,0x51,0x00,0x05,0x00,0x1a,0x00,0x00,0x00,
0xb2,0x28,0x00,0x00,0xf6,0x27,0x00,0x00,0x00,0x00,0x00,0x00,0x41,0x00,0x06,0x00,
0xf0,0x02,0x00,0x00,0xb3,0x28,0x00,0x00,0xed,0x02,0x00,0x00,0xbd,0x27,0x00,0x00,
0x73,0x08,0x00,0x00,0x3e,0x00,0x03,0x00,0xb3,0x28,0x00,0x00,0xb2,0x28,0x00,0x00,
0x51,0x00,0x05,0x00,0x1a,0x00,0x00,0x00,0xb7,0x28,0x00,0x00,0xf6,0x27,0x00,0x00,
0x01,0x00,0x00,0x00,0x41,0x00,0x06,0x00,0xf0,0x02,0x00,0x00,0xb8,0x28,0x00,0x00,
0xf3,0x02,0x00,0x00,0xbd,0x27,0x00,0x00,0x73,0x08,0x00,0x00,0x3e,0x00,0x03,0x00,
0xb8,0x28,0x00,0x00,0xb7,0x28,0x00,0x00,0x51,0x00,0x05,0x00,0x1a,0x00,0x00,0x00,
0xbc,0x28,0x00,0x00,0xf6,0x27,0x00,0x00,0x02,0x00,0x00,0x00,0x41,0x00,0x06,0x00,
0xf0,0x02,0x00,0x00,0xbd,0x28,0x00,0x00,0xf8,0x02,0x00,0x00,0xbd,0x27,0x00,0x00,
0x73,0x08,0x00,0x00,0x3e,0x00,0x03,0x00,0xbd,0x28,0x00,0x00,0xbc,0x28,0x00,0x00,
0x51,0x00,0x05,0x00,0x1a,0x00,0x00,0x00,0xc1,0x28,0x00,0x00,0xf6,0x27,0x00,0x00,
0x03,0x00,0x00,0x00,0x41,0x00,0x06,0x00,0xf0,0x02,0x00,0x00,0xc2,0x28,0x00,0x00,
0xfd,0x02,0x00,0x00,0xbd,0x27,0x00,0x00,0x73,0x08,0x00,0x00,0x3e,0x00,0x03,0x00,
0xc2,0x28,0x00,0x00,0xc1,0x28,0x00,0x00,0xf9,0x00,0x02,0x00,0xc2,0x27,0x00,0x00,
0xf8,0x00,0x02,0x00,0xc2,0x27,0x00,0x00,0xf9,0x00,0x02,0x00,0xc3,0x27,0x00,0x00,
0xf8,0x00,0x02,0x00,0xc3,0x27,0x00,0x00,0xb2,0x00,0x05,0x00,0x9d,0x00,0x00,0x00,
0x43,0x26,0x00,0x00,0x6e,0x07,0x00,0x00,0xfd,0x2c,0x00,0x00,0xf7,0x00,0x03,0x00,
0x45,0x26,0x00,0x00,0x00,0x00,0x00,0x00,0xfa,0x00,0x04,0x00,0x43,0x26,0x00,0x00,
0x44,0x26,0x00,0x00,0x45,0x26,0x00,0x00,0xf8,0x00,0x02,0x00,0x44,0x26,0x00,0x00,
0xf9,0x00,0x02,0x00,0x5c,0x26,0x00,0x00,0xf8,0x00,0x02,0x00,0x45,0x26,0x00,0x00,
0xe1,0x00,0x03,0x00,0x3e,0x01,0x00,0x00,0x19,0x03,0x00,0x00,0xe0,0x00,0x04,0x00,
0x3e,0x01,0x00,0x00,0x3e,0x01,0x00,0x00,0x1a,0x03,0x00,0x00,0xb0,0x00,0x05,0x00,
0x9d,0x00,0x00,0x00,0xd1,0x28,0x00,0x00,0x37,0x07,0x00,0x00,0xe9,0x02,0x00,0x00,
0xf7,0x00,0x03,0x00,0xf7,0x28,0x00,0x00,0x00,0x00,0x00,0x00,0xfa,0x00,0x04,0x00,
0xd1,0x28,0x00,0x00,0xd2,0x28,0x00,0x00,0xf7,0x28,0x00,0x00,0xf8,0x00,0x02,0x00,
0xd2,0x28,0x00,0x00,0x80,0x00,0x05,0x00,0x06,0x00,0x00,0x00,0xd6,0x28,0x00,0x00,
0xd4,0x1c,0x00,0x00,0xb7,0x07,0x00,0x00,0x41,0x00,0x06,0x00,0xf0,0x02,0x00,0x00,
0xfc,0x28,0x00,0x00,0xed,0x02,0x00,0x00,0xd6,0x28,0x00,0x00,0xd8,0x1c,0x00,0x00,
0x3d,0x00,0x04,0x00,0x1a,0x00,0x00,0x00,0xfd,0x28,0x00,0x00,0xfc,0x28,0x00,0x00,
0x41,0x00,0x06,0x00,0xf0,0x02,0x00,0x00,0x00,0x29,0x00,0x00,0xf3,0x02,0x00,0x00,
0xd6,0x28,0x00,0x00,0xd8,0x1c,0x00,0x00,0x3d,0x00,0x04,0x00,0x1a,0x00,0x00,0x00,
0x01,0x29,0x00,0x00,0x00,0x29,0x00,0x00,0x41,0x00,0x06,0x00,0xf0,0x02,0x00,0x00,
0x04,0x29,0x00,0x00,0xf8,0x02,0x00,0x00,0xd6,0x28,0x00,0x00,0xd8,0x1c,0x00,0x00,
0x3d,0x00,0x04,0x00,0x1a,0x00,0x00,0x00,0x05,0x29,0x00,0x00,0x04,0x29,0x00,0x00,
0x41,0x00,0x06,0x00,0xf0,0x02,0x00,0x00,0x08,0x29,0x00,0x00,0xfd,0x02,0x00,0x00,
0xd6,0x28,0x00,0x00,0xd8,0x1c,0x00,0x00,0x3d,0x00,0x04,0x00,0x1a,0x00,0x00,0x00,
0x09,0x29,0x00,0x00,0x08,0x29,0x00,0x00,0x50,0x00,0x07,0x00,0x4a,0x00,0x00,0x00,
0x0a,0x29,0x00,0x00,0xfd,0x28,0x00,0x00,0x01,0x29,0x00,0x00,0x05,0x29,0x00,0x00,
0x09,0x29,0x00,0x00,0x6e,0x01,0x06,0x00,0x4a,0x00,0x00,0x00,0x17,0x29,0x00,0x00,
0x3f,0x01,0x00,0x00,0x0a,0x29,0x00,0x00,0x83,0x01,0x00,0x00,0x6e,0x01,0x06,0x00,
0x4a,0x00,0x00,0x00,0x19,0x29,0x00,0x00,0x3f,0x01,0x00,0x00,0x0a,0x29,0x00,0x00,
0x45,0x01,0x00,0x00,0x6e,0x01,0x06,0x00,0x4a,0x00,0x00,0x00,0x1b,0x29,0x00,0x00,
0x3f,0x01,0x00,0x00,0x0a,0x29,0x00,0x00,0x3e,0x01,0x00,0x00,0x81,0x00,0x05,0x00,
0x4a,0x00,0x00,0x00,0x25,0x29,0x00,0x00,0x0a,0x29,0x00,0x00,0x17,0x29,0x00,0x00,
0x81,0x00,0x05,0x00,0x4a,0x00,0x00,0x00,0x27,0x29,0x00,0x00,0x25,0x29,0x00,0x00,
0x19,0x29,0x00,0x00,0x81,0x00,0x05,0x00,0x4a,0x00,0x00,0x00,0x29,0x29,0x00,0x00,
0x27,0x29,0x00,0x00,0x1b,0x29,0x00,0x00,0x8e,0x00,0x05,0x00,0x4a,0x00,0x00,0x00,
0x2a,0x29,0x00,0x00,0x29,0x29,0x00,0x00,0x99,0x02,0x00,0x00,0xf7,0x00,0x03,0x00,
0xf6,0x28,0x00,0x00,0x00,0x00,0x00,0x00,0xfa,0x00,0x04,0x00,0x71,0x26,0x00,0x00,
0xdf,0x28,0x00,0x00,0xf6,0x28,0x00,0x00,0xf8,0x00,0x02,0x00,0xdf,0x28,0x00,0x00,
0x86,0x00,0x05,0x00,0x06,0x00,0x00,0x00,0xe5,0x28,0x00,0x00,0xb1,0x07,0x00,0x00,
0x3e,0x01,0x00,0x00,0x7c,0x00,0x04,0x00,0x13,0x00,0x00,0x00,0xe6,0x28,0x00,0x00,
0xe5,0x28,0x00,0x00,0x86,0x00,0x05,0x00,0x06,0x00,0x00,0x00,0xe8,0x28,0x00,0x00,
0xb7,0x07,0x00,0x00,0x3e,0x01,0x00,0x00,0x7c,0x00,0x04,0x00,0x13,0x00,0x00,0x00,
0xe9,0x28,0x00,0x00,0xe8,0x28,0x00,0x00,0x50,0x00,0x05,0x00,0x2e,0x00,0x00,0x00,
0xea,0x28,0x00,0x00,0xe6,0x28,0x00,0x00,0xe9,0x28,0x00,0x00,0xaa,0x00,0x05,0x00,
0x9d,0x00,0x00,0x00,0x4e,0x29,0x00,0x00,0xfd,0x2c,0x00,0x00,0x79,0x0b,0x00,0x00,
0xf7,0x00,0x03,0x00,0x75,0x29,0x00,0x00,0x00,0x00,0x00,0x00,0xfa,0x00,0x04,0x00,
0x4e,0x29,0x00,0x00,0x4f,0x29,0x00,0x00,0x75,0x29,0x00,0x00,0xf8,0x00,0x02,0x00,
0x4f,0x29,0x00,0x00,0xaa,0x00,0x05,0x00,0xbb,0x02,0x00,0x00,0x51,0x29,0x00,0x00,
0xea,0x28,0x00,0x00,0x9a,0x01,0x00,0x00,0x9b,0x00,0x04,0x00,0x9d,0x00,0x00,0x00,
0x52,0x29,0x00,0x00,0x51,0x29,0x00,0x00,0xf7,0x00,0x03,0x00,0x74,0x29,0x00,0x00,
0x00,0x00,0x00,0x00,0xfa,0x00,0x04,0x00,0x52,0x29,0x00,0x00,0x53,0x29,0x00,0x00,
0x74,0x29,0x00,0x00,0xf8,0x00,0x02,0x00,0x53,0x29,0x00,0x00,0x3d,0x00,0x04,0x00,
0x96,0x01,0x00,0x00,0xbe,0x29,0x00,0x00,0x98,0x01,0x00,0x00,0x62,0x00,0x05,0x00,
0x4a,0x00,0x00,0x00,0xbf,0x29,0x00,0x00,0xbe,0x29,0x00,0x00,0x9a,0x01,0x00,0x00,
0x51,0x00,0x05,0x00,0x1a,0x00,0x00,0x00,0x56,0x29,0x00,0x00,0x2a,0x29,0x00,0x00,
0x01,0x00,0x00,0x00,0x51,0x00,0x05,0x00,0x1a,0x00,0x00,0x00,0x58,0x29,0x00,0x00,
0xbf,0x29,0x00,0x00,0x01,0x00,0x00,0x00,0x51,0x00,0x05,0x00,0x1a,0x00,0x00,0x00,
0x5a,0x29,0x00,0x00,0x2a,0x29,0x00,0x00,0x00,0x00,0x00,0x00,0xb8,0x00,0x05,0x00,
0x9d,0x00,0x00,0x00,0x5c,0x29,0x00,0x00,0x58,0x29,0x00,0x00,0xcc,0x02,0x00,0x00,
0xf7,0x00,0x03,0x00,0x6a,0x29,0x00,0x00,0x00,0x00,0x00,0x00,0xfa,0x00,0x04,0x00,
0x5c,0x29,0x00,0x00,0x5d,0x29,0x00,0x00,0x6a,0x29,0x00,0x00,0xf8,0x00,0x02,0x00,
0x5d,0x29,0x00,0x00,0x83,0x00,0x05,0x00,0x1a,0x00,0x00,0x00,0x61,0x29,0x00,0x00,
0x5a,0x29,0x00,0x00,0x58,0x29,0x00,0x00,0x41,0x00,0x05,0x00,0x65,0x01,0x00,0x00,
0xc2,0x29,0x00,0x00,0x5e,0x01,0x00,0x00,0x64,0x01,0x00,0x00,0x3d,0x00,0x04,0x00,
0x1a,0x00,0x00,0x00,0xc3,0x29,0x00,0x00,0xc2,0x29,0x00,0x00,0x7f,0x00,0x04,0x00,
0x1a,0x00,0x00,0x00,0x63,0x29,0x00,0x00,0xc3,0x29,0x00,0x00,0x0c,0x00,0x06,0x00,
0x1a,0x00,0x00,0x00,0x64,0x29,0x00,0x00,0x01,0x00,0x00,0x00,0x1b,0x00,0x00,0x00,
0x63,0x29,0x00,0x00,0x83,0x00,0x05,0x00,0x1a,0x00,0x00,0x00,0x65,0x29,0x00,0x00,
0x58,0x02,0x00,0x00,0x64,0x29,0x00,0x00,0x85,0x00,0x05,0x00,0x1a,0x00,0x00,0x00,
0x66,0x29,0x00,0x00,0x61,0x29,0x00,0x00,0x65,0x29,0x00,0x00,0x81,0x00,0x05,0x00,
0x1a,0x00,0x00,0x00,0x67,0x29,0x00,0x00,0x58,0x29,0x00,0x00,0x66,0x29,0x00,0x00,
0x0c,0x00,0x07,0x00,0x1a,0x00,0x00,0x00,0xc8,0x29,0x00,0x00,0x01,0x00,0x00,0x00,
0x28,0x00,0x00,0x00,0x8d,0x01,0x00,0x00,0x67,0x29,0x00,0x00,0xf9,0x00,0x02,0x00,
0x6a,0x29,0x00,0x00,0xf8,0x00,0x02,0x00,0x6a,0x29,0x00,0x00,0xf5,0x00,0x07,0x00,
0x1a,0x00,0x00,0x00,0x62,0x2d,0x00,0x00,0x5a,0x29,0x00,0x00,0x53,0x29,0x00,0x00,
0xc8,0x29,0x00,0x00,0x5d,0x29,0x00,0x00,0x0c,0x00,0x06,0x00,0x1a,0x00,0x00,0x00,
0xd0,0x29,0x00,0x00,0x01,0x00,0x00,0x00,0x1b,0x00,0x00,0x00,0x62,0x2d,0x00,0x00,
0x85,0x00,0x05,0x00,0x1a,0x00,0x00,0x00,0xd3,0x29,0x00,0x00,0xd0,0x29,0x00,0x00,
0xea,0x2c,0x00,0x00,0x0c,0x00,0x06,0x00,0x1a,0x00,0x00,0x00,0xd4,0x29,0x00,0x00,
0x01,0x00,0x00,0x00,0x1e,0x00,0x00,0x00,0xd3,0x29,0x00,0x00,0x0c,0x00,0x07,0x00,
0x1a,0x00,0x00,0x00,0xde,0x29,0x00,0x00,0x01,0x00,0x00,0x00,0x1a,0x00,0x00,0x00,
0x52,0x02,0x00,0x00,0xd4,0x29,0x00,0x00,0x88,0x00,0x05,0x00,0x1a,0x00,0x00,0x00,
0xd9,0x29,0x00,0x00,0xeb,0x2c,0x00,0x00,0xde,0x29,0x00,0x00,0x52,0x00,0x06,0x00,
0x4a,0x00,0x00,0x00,0xd0,0x2c,0x00,0x00,0xd9,0x29,0x00,0x00,0xbf,0x29,0x00,0x00,
0x00,0x00,0x00,0x00,0x52,0x00,0x06,0x00,0x4a,0x00,0x00,0x00,0xd2,0x2c,0x00,0x00,
0x62,0x2d,0x00,0x00,0xd0,0x2c,0x00,0x00,0x01,0x00,0x00,0x00,0x52,0x00,0x06,0x00,
0x4a,0x00,0x00,0x00,0xd4,0x2c,0x00,0x00,0x56,0x29,0x00,0x00,0xd2,0x2c,0x00,0x00,
0x02,0x00,0x00,0x00,0x3d,0x00,0x04,0x00,0x96,0x01,0x00,0x00,0xe0,0x29,0x00,0x00,
0x98,0x01,0x00,0x00,0x63,0x00,0x04,0x00,0xe0,0x29,0x00,0x00,0x9a,0x01,0x00,0x00,
0xd4,0x2c,0x00,0x00,0xf9,0x00,0x02,0x00,0x74,0x29,0x00,0x00,0xf8,0x00,0x02,0x00,
0x74,0x29,0x00,0x00,0xf9,0x00,0x02,0x00,0x75,0x29,0x00,0x00,0xf8,0x00,0x02,0x00,
0x75,0x29,0x00,0x00,0x80,0x00,0x05,0x00,0x06,0x00,0x00,0x00,0xf3,0x28,0x00,0x00,
0xe5,0x28,0x00,0x00,0xb7,0x07,0x00,0x00,0x51,0x00,0x05,0x00,0x1a,0x00,0x00,0x00,
0xe6,0x29,0x00,0x00,0x2a,0x29,0x00,0x00,0x00,0x00,0x00,0x00,0x41,0x00,0x06,0x00,
0xf0,0x02,0x00,0x00,0xe7,0x29,0x00,0x00,0xed,0x02,0x00,0x00,0xf3,0x28,0x00,0x00,
0x83,0x01,0x00,0x00,0x3e,0x00,0x03,0x00,0xe7,0x29,0x00,0x00,0xe6,0x29,0x00,0x00,
0x51,0x00,0x05,0x00,0x1a,0x00,0x00,0x00,0xeb,0x29,0x00,0x00,0x2a,0x29,0x00,0x00,
0x01,0x00,0x00,0x00,0x41,0x00,0x06,0x00,0xf0,0x02,0x00,0x00,0xec,0x29,0x00,0x00,
0xf3,0x02,0x00,0x00,0xf3,0x28,0x00,0x00,0x83,0x01,0x00,0x00,0x3e,0x00,0x03,0x00,
0xec,0x29,0x00,0x00,0xeb,0x29,0x00,0x00,0x51,0x00,0x05,0x00,0x1a,0x00,0x00,0x00,
0xf0,0x29,0x00,0x00,0x2a,0x29,0x00,0x00,0x02,0x00,0x00,0x00,0x41,0x00,0x06,0x00,
0xf0,0x02,0x00,0x00,0xf1,0x29,0x00,0x00,0xf8,0x02,0x00,0x00,0xf3,0x28,0x00,0x00,
0x83,0x01,0x00,0x00,0x3e,0x00,0x03,0x00,0xf1,0x29,0x00,0x00,0xf0,0x29,0x00,0x00,
0x51,0x00,0x05,0x00,0x1a,0x00,0x00,0x00,0xf5,0x29,0x00,0x00,0x2a,0x29,0x00,0x00,
0x03,0x00,0x00,0x00,0x41,0x00,0x06,0x00,0xf0,0x02,0x00,0x00,0xf6,0x29,0x00,0x00,
0xfd,0x02,0x00,0x00,0xf3,0x28,0x00,0x00,0x83,0x01,0x00,0x00,0x3e,0x00,0x03,0x00,
0xf6,0x29,0x00,0x00,0xf5,0x29,0x00,0x00,0xf9,0x00,0x02,0x00,0xf6,0x28,0x00,0x00,
0xf8,0x00,0x02,0x00,0xf6,0x28,0x00,0x00,0xf9,0x00,0x02,0x00,0xf7,0x28,0x00,0x00,
0xf8,0x00,0x02,0x00,0xf7,0x28,0x00,0x00,0xb2,0x00,0x05,0x00,0x9d,0x00,0x00,0x00,
0x52,0x26,0x00,0x00,0x6e,0x07,0x00,0x00,0xfe,0x2c,0x00,0x00,0xf7,0x00,0x03,0x00,
0x54,0x26,0x00,0x00,0x00,0x00,0x00,0x00,0xfa,0x00,0x04,0x00,0x52,0x26,0x00,0x00,
0x53,0x26,0x00,0x00,0x54,0x26,0x00,0x00,0xf8,0x00,0x02,0x00,0x53,0x26,0x00,0x00,
0xf9,0x00,0x02,0x00,0x5c,0x26,0x00,0x00,0xf8,0x00,0x02,0x00,0x54,0x26,0x00,0x00,
0xe1,0x00,0x03,0x00,0x3e,0x01,0x00,0x00,0x19,0x03,0x00,0x00,0xe0,0x00,0x04,0x00,
0x3e,0x01,0x00,0x00,0x3e,0x01,0x00,0x00,0x1a,0x03,0x00,0x00,0xb0,0x00,0x05,0x00,
0x9d,0x00,0x00,0x00,0x02,0x2a,0x00,0x00,0x37,0x07,0x00,0x00,0xcb,0x01,0x00,0x00,
0xf7,0x00,0x03,0x00,0x13,0x2a,0x00,0x00,0x00,0x00,0x00,0x00,0xfa,0x00,0x04,0x00,
0x02,0x2a,0x00,0x00,0x03,0x2a,0x00,0x00,0x13,0x2a,0x00,0x00,0xf8,0x00,0x02,0x00,
0x03,0x2a,0x00,0x00,0x41,0x00,0x06,0x00,0xf0,0x02,0x00,0x00,0x18,0x2a,0x00,0x00,
0xed,0x02,0x00,0x00,0x37,0x07,0x00,0x00,0x83,0x01,0x00,0x00,0x3d,0x00,0x04,0x00,
0x1a,0x00,0x00,0x00,0x19,0x2a,0x00,0x00,0x18,0x2a,0x00,0x00,0x41,0x00,0x06,0x00,
0xf0,0x02,0x00,0x00,0x1c,0x2a,0x00,0x00,0xf3,0x02,0x00,0x00,0x37,0x07,0x00,0x00,
0x83,0x01,0x00,0x00,0x3d,0x00,0x04,0x00,0x1a,0x00,0x00,0x00,0x1d,0x2a,0x00,0x00,
0x1c,0x2a,0x00,0x00,0x41,0x00,0x06,0x00,0xf0,0x02,0x00,0x00,0x20,0x2a,0x00,0x00,
0xf8,0x02,0x00,0x00,0x37,0x07,0x00,0x00,0x83,0x01,0x00,0x00,0x3d,0x00,0x04,0x00,
0x1a,0x00,0x00,0x00,0x21,0x2a,0x00,0x00,0x20,0x2a,0x00,0x00,0x41,0x00,0x06,0x00,
0xf0,0x02,0x00,0x00,0x24,0x2a,0x00,0x00,0xfd,0x02,0x00,0x00,0x37,0x07,0x00,0x00,
0x83,0x01,0x00,0x00,0x3d,0x00,0x04,0x00,0x1a,0x00,0x00,0x00,0x25,0x2a,0x00,0x00,
0x24,0x2a,0x00,0x00,0x50,0x00,0x07,0x00,0x4a,0x00,0x00,0x00,0x26,0x2a,0x00,0x00,
0x19,0x2a,0x00,0x00,0x1d,0x2a,0x00,0x00,0x21,0x2a,0x00,0x00,0x25,0x2a,0x00,0x00,
0x6e,0x01,0x06,0x00,0x4a,0x00,0x00,0x00,0x33,0x2a,0x00,0x00,0x3f,0x01,0x00,0x00,
0x26,0x2a,0x00,0x00,0x83,0x01,0x00,0x00,0x6e,0x01,0x06,0x00,0x4a,0x00,0x00,0x00,
0x35,0x2a,0x00,0x00,0x3f,0x01,0x00,0x00,0x26,0x2a,0x00,0x00,0x45,0x01,0x00,0x00,
0x6e,0x01,0x06,0x00,0x4a,0x00,0x00,0x00,0x37,0x2a,0x00,0x00,0x3f,0x01,0x00,0x00,
0x26,0x2a,0x00,0x00,0x3e,0x01,0x00,0x00,0x81,0x00,0x05,0x00,0x4a,0x00,0x00,0x00,
0x41,0x2a,0x00,0x00,0x26,0x2a,0x00,0x00,0x33,0x2a,0x00,0x00,0x81,0x00,0x05,0x00,
0x4a,0x00,0x00,0x00,0x43,0x2a,0x00,0x00,0x41,0x2a,0x00,0x00,0x35,0x2a,0x00,0x00,
0x81,0x00,0x05,0x00,0x4a,0x00,0x00,0x00,0x45,0x2a,0x00,0x00,0x43,0x2a,0x00,0x00,
0x37,0x2a,0x00,0x00,0x8e,0x00,0x05,0x00,0x4a,0x00,0x00,0x00,0x46,0x2a,0x00,0x00,
0x45,0x2a,0x00,0x00,0x99,0x02,0x00,0x00,0xf7,0x00,0x03,0x00,0x12,0x2a,0x00,0x00,
0x00,0x00,0x00,0x00,0xfa,0x00,0x04,0x00,0x71,0x26,0x00,0x00,0x0b,0x2a,0x00,0x00,
0x12,0x2a,0x00,0x00,0xf8,0x00,0x02,0x00,0x0b,0x2a,0x00,0x00,0xaa,0x00,0x05,0x00,
0x9d,0x00,0x00,0x00,0x6a,0x2a,0x00,0x00,0xfe,0x2c,0x00,0x00,0x79,0x0b,0x00,0x00,
0xf7,0x00,0x03,0x00,0x91,0x2a,0x00,0x00,0x00,0x00,0x00,0x00,0xfa,0x00,0x04,0x00,
0x6a,0x2a,0x00,0x00,0x6b,0x2a,0x00,0x00,0x91,0x2a,0x00,0x00,0xf8,0x00,0x02,0x00,
0x6b,0x2a,0x00,0x00,0x9b,0x00,0x04,0x00,0x9d,0x00,0x00,0x00,0x6e,0x2a,0x00,0x00,
0xff,0x2c,0x00,0x00,0xf7,0x00,0x03,0x00,0x90,0x2a,0x00,0x00,0x00,0x00,0x00,0x00,
0xfa,0x00,0x04,0x00,0x6e,0x2a,0x00,0x00,0x6f,0x2a,0x00,0x00,0x90,0x2a,0x00,0x00,
0xf8,0x00,0x02,0x00,0x6f,0x2a,0x00,0x00,0x3d,0x00,0x04,0x00,0x96,0x01,0x00,0x00,
0xda,0x2a,0x00,0x00,0x98,0x01,0x00,0x00,0x62,0x00,0x05,0x00,0x4a,0x00,0x00,0x00,
0xdb,0x2a,0x00,0x00,0xda,0x2a,0x00,0x00,0x9a,0x01,0x00,0x00,0x51,0x00,0x05,0x00,
0x1a,0x00,0x00,0x00,0x72,0x2a,0x00,0x00,0x46,0x2a,0x00,0x00,0x01,0x00,0x00,0x00,
0x51,0x00,0x05,0x00,0x1a,0x00,0x00,0x00,0x74,0x2a,0x00,0x00,0xdb,0x2a,0x00,0x00,
0x01,0x00,0x00,0x00,0x51,0x00,0x05,0x00,0x1a,0x00,0x00,0x00,0x76,0x2a,0x00,0x00,
0x46,0x2a,0x00,0x00,0x00,0x00,0x00,0x00,0xb8,0x00,0x05,0x00,0x9d,0x00,0x00,0x00,
0x78,0x2a,0x00,0x00,0x74,0x2a,0x00,0x00,0xcc,0x02,0x00,0x00,0xf7,0x00,0x03,0x00,
0x86,0x2a,0x00,0x00,0x00,0x00,0x00,0x00,0xfa,0x00,0x04,0x00,0x78,0x2a,0x00,0x00,
0x79,0x2a,0x00,0x00,0x86,0x2a,0x00,0x00,0xf8,0x00,0x02,0x00,0x79,0x2a,0x00,0x00,
0x83,0x00,0x05,0x00,0x1a,0x00,0x00,0x00,0x7d,0x2a,0x00,0x00,0x76,0x2a,0x00,0x00,
0x74,0x2a,0x00,0x00,0x41,0x00,0x05,0x00,0x65,0x01,0x00,0x00,0xde,0x2a,0x00,0x00,
0x5e,0x01,0x00,0x00,0x64,0x01,0x00,0x00,0x3d,0x00,0x04,0x00,0x1a,0x00,0x00,0x00,
0xdf,0x2a,0x00,0x00,0xde,0x2a,0x00,0x00,0x7f,0x00,0x04,0x00,0x1a,0x00,0x00,0x00,
0x7f,0x2a,0x00,0x00,0xdf,0x2a,0x00,0x00,0x0c,0x00,0x06,0x00,0x1a,0x00,0x00,0x00,
0x80,0x2a,0x00,0x00,0x01,0x00,0x00,0x00,0x1b,0x00,0x00,0x00,0x7f,0x2a,0x00,0x00,
0x83,0x00,0x05,0x00,0x1a,0x00,0x00,0x00,0x81,0x2a,0x00,0x00,0x58,0x02,0x00,0x00,
0x80,0x2a,0x00,0x00,0x85,0x00,0x05,0x00,0x1a,0x00,0x00,0x00,0x82,0x2a,0x00,0x00,
0x7d,0x2a,0x00,0x00,0x81,0x2a,0x00,0x00,0x81,0x00,0x05,0x00,0x1a,0x00,0x00,0x00,
0x83,0x2a,0x00,0x00,0x74,0x2a,0x00,0x00,0x82,0x2a,0x00,0x00,0x0c,0x00,0x07,0x00,
0x1a,0x00,0x00,0x00,0xe4,0x2a,0x00,0x00,0x01,0x00,0x00,0x00,0x28,0x00,0x00,0x00,
0x8d,0x01,0x00,0x00,0x83,0x2a,0x00,0x00,0xf9,0x00,0x02,0x00,0x86,0x2a,0x00,0x00,
0xf8,0x00,0x02,0x00,0x86,0x2a,0x00,0x00,0xf5,0x00,0x07,0x00,0x1a,0x00,0x00,0x00,
0x64,0x2d,0x00,0x00,0x76,0x2a,0x00,0x00,0x6f,0x2a,0x00,0x00,0xe4,0x2a,0x00,0x00,
0x79,0x2a,0x00,0x00,0x0c,0x00,0x06,0x00,0x1a,0x00,0x00,0x00,0xec,0x2a,0x00,0x00,
0x01,0x00,0x00,0x00,0x1b,0x00,0x00,0x00,0x64,0x2d,0x00,0x00,0x85,0x00,0x05,0x00,
0x1a,0x00,0x00,0x00,0xef,0x2a,0x00,0x00,0xec,0x2a,0x00,0x00,0xea,0x2c,0x00,0x00,
0x0c,0x00,0x06,0x00,0x1a,0x00,0x00,0x00,0xf0,0x2a,0x00,0x00,0x01,0x00,0x00,0x00,
0x1e,0x00,0x00,0x00,0xef,0x2a,0x00,0x00,0x0c,0x00,0x07,0x00,0x1a,0x00,0x00,0x00,
0xfa,0x2a,0x00,0x00,0x01,0x00,0x00,0x00,0x1a,0x00,0x00,0x00,0x52,0x02,0x00,0x00,
0xf0,0x2a,0x00,0x00,0x88,0x00,0x05,0x00,0x1a,0x00,0x00,0x00,0xf5,0x2a,0x00,0x00,
0xeb,0x2c,0x00,0x00,0xfa,0x2a,0x00,0x00,0x52,0x00,0x06,0x00,0x4a,0x00,0x00,0x00,
0xde,0x2c,0x00,0x00,0xf5,0x2a,0x00,0x00,0xdb,0x2a,0x00,0x00,0x00,0x00,0x00,0x00,
0x52,0x00,0x06,0x00,0x4a,0x00,0x00,0x00,0xe0,0x2c,0x00,0x00,0x64,0x2d,0x00,0x00,
0xde,0x2c,0x00,0x00,0x01,0x00,0x00,0x00,0x52,0x00,0x06,0x00,0x4a,0x00,0x00,0x00,
0xe2,0x2c,0x00,0x00,0x72,0x2a,0x00,0x00,0xe0,0x2c,0x00,0x00,0x02,0x00,0x00,0x00,
0x3d,0x00,0x04,0x00,0x96,0x01,0x00,0x00,0xfc,0x2a,0x00,0x00,0x98,0x01,0x00,0x00,
0x63,0x00,0x04,0x00,0xfc,0x2a,0x00,0x00,0x9a,0x01,0x00,0x00,0xe2,0x2c,0x00,0x00,
0xf9,0x00,0x02,0x00,0x90,0x2a,0x00,0x00,0xf8,0x00,0x02,0x00,0x90,0x2a,0x00,0x00,
0xf9,0x00,0x02,0x00,0x91,0x2a,0x00,0x00,0xf8,0x00,0x02,0x00,0x91,0x2a,0x00,0x00,
0xf9,0x00,0x02,0x00,0x12,0x2a,0x00,0x00,0xf8,0x00,0x02,0x00,0x12,0x2a,0x00,0x00,
0xf9,0x00,0x02,0x00,0x13,0x2a,0x00,0x00,0xf8,0x00,0x02,0x00,0x13,0x2a,0x00,0x00,
0xf9,0x00,0x02,0x00,0x5c,0x26,0x00,0x00,0xf8,0x00,0x02,0x00,0x5c,0x26,0x00,0x00,
0xf9,0x00,0x02,0x00,0xdd,0x07,0x00,0x00,0xf8,0x00,0x02,0x00,0xdd,0x07,0x00,0x00,
0xfd,0x00,0x01,0x00,0x38,0x00,0x01,0x00
};

